Name,Min,1%,5%,50%,95%,99%,Max,,90% Range,98% Range,StdDev,,Mean,Units,Skewness,Kurtosis
Local Clock Frequency Offset,7.9992,8.178,8.351,8.5532,8.6692, 8.716,8.7765,,0.3182,0.538,0.0902,,8.5383,ppm,821431.9602160379,76947081.97258726
Local Clock Time Offset,-18.542,-2.099,-0.428,0.007,0.567, 1.643,9.965,,0.995,3.742,0.5766,,0.0,µs,-6.880847890968881,86.28100146619055
Local RMS Frequency Jitter,0.0,0.578,0.759,1.602,8.362, 18.701,51.26,,7.603,18.123,3.421,,2.9345,ppb,3.153913728733359,19.085433119287256
Local RMS Time Jitter,0.039,0.09,0.122,0.252,1.115, 2.229,8.291,,0.993,2.139,0.4176,,0.4034,µs,3.7482755665989016,26.3108811510174
Server Jitter SHM(0),0.0,0.3942,0.6041,1.5101,3.6602, 5.5785,11.1708,,3.0562,5.1843,1.0053,,1.7423,ms,4.446133564972901,17.12615996724628
Server Jitter SHM(1),0.0,0.048,0.073,0.202,1.664, 3.583,18.441,,1.591,3.535,0.7033,,0.4327,µs,3.8340442456630672,35.75234229668775
Server Offset SHM(0),8.1517,12.2076,13.5161,18.6577,23.8714, 25.1337,27.8104,,10.3552,12.9261,3.2569,,18.6524,ms,119.8038678213923,635.4510369161
Server Offset SHM(1),-178180.801,-2.101,-0.429,0.008,0.568, 1.645,9.966,,0.997,3.746,324.0229,,-0.5892,µs,-553.9073852819522,304598.69645403663
TDOP,0.59,0.67,0.74,1.15,8.56, 31.65,121.27,,7.82,30.98,7.2772,,2.843, ,7.189831081405836,92.86170171110861
Temp ZONE0,48.5,49.05,50.15,56.2,59.5, 60.05,67.2,,9.35,11.0,3.0374,,55.451,°C,5189.610233837923,90432.1568108494
nSats,5.0,5.0,5.0,13.0,15.0, 16.0,16.0,,10.0,11.0,2.5786,,12.7825,nSat,72.01831877462568,316.341835860834
