Name,Min,1%,5%,50%,95%,99%,Max,,90% Range,98% Range,StdDev,,Mean,Units,Skewness,Kurtosis
Local Clock Frequency Offset,7.3683,7.5029,7.7177,7.9332,8.0471, 8.0941,8.1984,,0.3293,0.5911,0.1138,,7.9107,ppm,321789.4604912189,22060169.187094767
Local Clock Time Offset,-15.434,-2.192,-0.413,0.001,0.49, 1.784,8.562,,0.903,3.976,0.5513,,0.0001,µs,-6.0862253886234035,68.08007946946744
Local RMS Frequency Jitter,0.235,0.52,0.677,1.589,8.682, 17.012,43.125,,8.005,16.492,3.2388,,2.8439,ppb,2.8668795263889324,16.19362468182055
Local RMS Time Jitter,0.031,0.08,0.105,0.237,1.064, 1.944,6.577,,0.959,1.864,0.3793,,0.3788,µs,3.326644822380475,21.102280509492875
Server Jitter SHM(0),0.1075,0.3614,0.5443,1.457,3.9905, 6.1656,15.994,,3.4462,5.8042,1.1904,,1.7516,ms,4.191594655517106,22.29067524704351
Server Jitter SHM(1),0.004,0.036,0.054,0.175,1.666, 3.341,15.433,,1.612,3.305,0.6734,,0.4076,µs,3.236502888381769,27.406420674718035
Server Offset SHM(0),1.3086,11.2892,12.7078,17.9413,22.7755, 24.3543,27.5865,,10.0677,13.065,3.2566,,17.6378,ms,99.24706691060129,497.86314320673307
Server Offset SHM(1),-15.435,-2.193,-0.414,0.002,0.491, 1.785,8.563,,0.905,3.978,0.5517,,0.0001,µs,-6.082436308346147,67.9559094082736
TDOP,0.56,0.66,0.72,1.15,9.39, 35.48,216.87,,8.67,34.82,8.6892,,3.0043, ,10.603504252416688,219.98983122231746
Temp ZONE0,46.85,49.05,50.15,53.45,57.3, 58.95,60.05,,7.15,9.9,2.0574,,53.3221,°C,15544.801696508262,389218.7627928765
nSats,8.0,10.0,11.0,14.0,16.0, 16.0,16.0,,5.0,6.0,1.3012,,13.5807,nSat,868.3407826856931,8452.669353515526
