Name,Min,1%,5%,50%,95%,99%,Max,,90% Range,98% Range,StdDev,,Mean,Units,Skewness,Kurtosis
Local Clock Frequency Offset,7.7049,7.8764,7.9566,8.1653,8.289, 8.333,8.4211,,0.3324,0.4567,0.096,,8.1556,ppm,592766.7592426965,49808105.07227139
Local Clock Time Offset,-18.77,-2.209,-0.45,0.004,0.517, 1.791,11.097,,0.967,4.0,0.5594,,0.0,µs,-6.117062689715924,74.1563712568463
Local RMS Frequency Jitter,0.315,0.593,0.771,1.732,8.788, 16.68,60.094,,8.017,16.087,3.2223,,2.9574,ppb,3.13835962959062,20.102370293850853
Local RMS Time Jitter,0.04,0.092,0.12,0.257,1.062, 1.904,9.456,,0.942,1.812,0.3759,,0.3926,µs,3.880804269182333,31.32302753469589
Server Jitter SHM(0),0.1011,0.3335,0.5126,1.3786,3.5789, 5.5114,12.0661,,3.0663,5.1779,1.0101,,1.6107,ms,4.012132191320595,16.363883016478503
Server Jitter SHM(1),0.011,0.041,0.064,0.204,1.692, 3.325,20.08,,1.628,3.284,0.674,,0.4322,µs,3.5476896017887687,34.009855219869976
Server Offset SHM(0),4.2232,12.0894,13.3269,18.3616,23.2277, 24.9622,28.6811,,9.9008,12.8728,3.2086,,18.1833,ms,115.69334111908327,607.9404030319149
Server Offset SHM(1),-18.771,-2.21,-0.451,0.005,0.518, 1.792,11.098,,0.969,4.002,0.5598,,0.0,µs,-6.112977448912767,74.00819049776906
TDOP,0.62,0.71,0.76,1.16,8.91, 31.4,269.61,,8.15,30.69,9.5435,,2.9891, ,14.066203637074885,350.6347630405376
Temp ZONE0,47.95,49.05,50.15,52.9,56.75, 58.4,60.6,,6.6,9.35,1.946,,53.2478,°C,18401.615446574207,487248.8683885251
nSats,8.0,10.0,11.0,14.0,16.0, 16.0,16.0,,5.0,6.0,1.289,,13.6116,nSat,901.7764180676863,8882.352057975562
