Name,Min,1%,5%,50%,95%,99%,Max,,90% Range,98% Range,StdDev,,Mean,Units,Skewness,Kurtosis
Local Clock Frequency Offset,7.7049,7.8787,8.0024,8.2142,8.3342, 8.3695,8.4451,,0.3319,0.4908,0.0956,,8.2035,ppm,610177.1589868098,51767811.69239551
Local Clock Time Offset,-22.671,-2.202,-0.467,0.004,0.533, 1.79,11.555,,1.0,3.992,0.5693,,-0.0001,µs,-6.506616372743223,97.87687476794318
Local RMS Frequency Jitter,0.334,0.617,0.795,1.771,8.813, 16.764,64.034,,8.018,16.147,3.2898,,2.9981,ppb,3.523059155815759,27.266076364707388
Local RMS Time Jitter,0.052,0.096,0.124,0.264,1.062, 1.92,10.108,,0.938,1.824,0.3877,,0.3989,µs,4.58126523769691,47.061065875347
Server Jitter SHM(0),0.1188,0.3429,0.5238,1.4039,3.6266, 5.5821,14.2968,,3.1028,5.2392,1.0305,,1.6435,ms,4.184800845058154,19.064758402128007
Server Jitter SHM(1),0.012,0.043,0.066,0.211,1.698, 3.341,22.221,,1.632,3.298,0.6862,,0.4403,µs,4.032704052313921,46.90216356960622
Server Offset SHM(0),3.1758,11.3635,13.1015,18.1604,23.088, 24.6494,28.6811,,9.9865,13.2859,3.2398,,18.0455,ms,109.12977626940044,563.224590464493
Server Offset SHM(1),-22.672,-2.203,-0.468,0.005,0.534, 1.791,11.556,,1.002,3.994,0.5697,,-0.0001,µs,-6.501747926885658,97.66620673053279
TDOP,0.63,0.67,0.74,1.1,10.82, 50.74,189.01,,10.08,50.07,10.918,,3.3813, ,7.419494405087553,102.89858043393461
Temp ZONE0,47.95,49.05,50.15,52.9,55.65, 56.75,58.95,,5.5,7.7,1.6533,,53.0816,°C,30192.972737932716,942102.8257830837
nSats,8.0,10.0,11.0,14.0,16.0, 16.0,16.0,,5.0,6.0,1.3154,,13.6906,nSat,860.3809780192457,8348.5768670579
