Name,Min,1%,5%,50%,95%,99%,Max,,90% Range,98% Range,StdDev,,Mean,Units,Skewness,Kurtosis
Local Clock Frequency Offset,8.0592,8.1834,8.3209,8.4684,8.538, 8.5694,8.6406,,0.2171,0.386,0.0687,,8.4563,ppm,1818511.9447164757,221996089.45736757
Local Clock Time Offset,-13.638,-2.168,-0.365,0.003,0.565, 1.633,6.955,,0.93,3.801,0.5728,,-0.0,µs,-6.87641770942065,80.06346148854344
Local RMS Frequency Jitter,0.182,0.474,0.631,1.433,8.402, 18.8,43.905,,7.771,18.326,3.4656,,2.8365,ppb,2.806346112038717,15.89948364860564
Local RMS Time Jitter,0.028,0.076,0.104,0.231,1.153, 2.253,5.73,,1.049,2.177,0.4273,,0.395,µs,3.1858916100135213,19.312376218161226
Server Jitter SHM(0),0.1428,0.3764,0.5711,1.4743,3.598, 5.4811,10.0437,,3.0269,5.1046,0.9962,,1.7066,ms,4.3462187276232385,16.75750378245515
Server Jitter SHM(1),0.01,0.04,0.061,0.17,1.702, 3.707,13.628,,1.641,3.667,0.7103,,0.4073,µs,3.420414365687914,29.61709005513915
Server Offset SHM(0),8.3829,12.1891,13.6319,18.6709,23.8282, 25.0866,27.6992,,10.1963,12.8975,3.2507,,18.5762,ms,118.94474232815747,629.7610816156649
Server Offset SHM(1),-13.639,-2.169,-0.366,0.004,0.566, 1.634,6.956,,0.932,3.803,0.5732,,0.0,µs,-6.871503926050898,79.92195595213214
TDOP,0.59,0.67,0.73,1.11,7.34, 33.8,157.92,,6.61,33.13,7.1172,,2.6234, ,9.337401376605287,162.25991282152884
Temp ZONE0,48.5,49.6,51.8,54.55,58.4, 59.5,60.05,,6.6,9.9,1.9588,,54.8853,°C,19808.359581953053,537421.0212243487
nSats,5.0,5.0,5.0,13.0,15.0, 16.0,16.0,,10.0,11.0,2.9704,,12.4581,nSat,40.649689739732516,150.19933093423614
