Name,Min,1%,5%,50%,95%,99%,Max,,90% Range,98% Range,StdDev,,Mean,Units,Skewness,Kurtosis
Local Clock Frequency Offset,6.9737,7.3009,7.412,7.5667,7.6821, 7.7501,7.872,,0.2701,0.4492,0.0831,,7.561,ppm,728566.9888959064,65574026.86914051
Local Clock Time Offset,-18.0,-2.25,-0.404,0.001,0.611, 1.712,8.033,,1.015,3.962,0.5993,,-0.0,µs,-7.609790040421511,104.93964418803718
Local RMS Frequency Jitter,0.221,0.557,0.753,1.729,9.01, 18.922,49.735,,8.257,18.365,3.5592,,3.0558,ppb,3.23673764933242,20.263218155497366
Local RMS Time Jitter,0.034,0.087,0.119,0.275,1.249, 2.23,9.338,,1.13,2.143,0.4481,,0.4351,µs,3.7624861293654353,28.6512005034966
Server Jitter SHM(0),0.1946,0.5481,0.8411,2.0054,7.0247, 11.7249,49.6075,,6.1836,11.1768,2.2407,,2.6871,ms,4.243708721741904,34.01879306655388
Server Jitter SHM(1),0.0,0.048,0.074,0.209,1.673, 3.64,18.0,,1.599,3.592,0.7304,,0.4416,µs,4.172396138397526,42.3498638173619
Server Offset SHM(0),-74.9031,-54.6785,-44.6953,-15.1998,-1.0328, 4.0187,24.4059,,43.6625,58.6972,13.2319,,-18.1108,ms,-21.242053060723773,76.5307702442949
Server Offset SHM(1),-18.0,-2.25,-0.405,0.002,0.612, 1.713,8.034,,1.017,3.963,0.5997,,-0.0,µs,-7.603409562507686,104.73337759101177
Temp ZONE0,47.4,48.5,49.6,51.8,55.65, 57.3,60.6,,6.05,8.8,1.8249,,52.107,°C,21000.557875014278,580969.2185195809
