Name,Min,1%,5%,50%,95%,99%,Max,,90% Range,98% Range,StdDev,,Mean,Units,Skewness,Kurtosis
Local Clock Frequency Offset,8.6093,8.7845,8.8276,8.9596,9.0635, 9.0864,9.151,,0.2359,0.3018,0.0734,,8.951,ppm,1766573.6945226325,213583781.06684917
Local Clock Time Offset,-22.299,-2.086,-0.479,0.007,0.532, 1.796,11.114,,1.011,3.882,0.5826,,-0.0,µs,-6.40381749405256,90.78772201745618
Local RMS Frequency Jitter,0.302,0.67,0.873,1.839,8.265, 18.562,64.999,,7.392,17.892,3.4024,,3.0289,ppb,3.7214610657356477,26.07188193377547
Local RMS Time Jitter,0.045,0.107,0.14,0.285,1.076, 2.089,10.269,,0.936,1.982,0.396,,0.4148,µs,4.614265181525327,41.06198361284979
Server Jitter SHM(0),0.1405,0.3337,0.5115,1.3749,3.2613, 5.1573,8.7837,,2.7498,4.8236,0.9215,,1.5675,ms,4.417689773814876,18.09751462615106
Server Jitter SHM(1),0.013,0.054,0.085,0.238,1.588, 3.58,21.452,,1.503,3.526,0.6969,,0.455,µs,4.476989253333519,46.90992949320784
Server Offset SHM(0),9.7005,12.2974,13.6301,18.6475,23.7845, 25.1773,29.0327,,10.1544,12.8798,3.2524,,18.5347,ms,117.88038239410182,622.8212179618816
Server Offset SHM(1),-22.3,-2.087,-0.48,0.008,0.533, 1.797,11.115,,1.013,3.884,0.5831,,0.0,µs,-6.399017494171761,90.59472275125682
TDOP,0.57,0.66,0.73,1.15,9.7, 34.08,161.01,,8.97,33.42,8.3179,,3.0652, ,8.178659569902587,118.96908237272338
Temp ZONE0,50.15,51.25,52.35,54.0,57.3, 58.95,61.7,,4.95,7.7,1.6291,,54.3288,°C,33952.02140178435,1101558.7308406937
nSats,5.0,10.0,11.0,14.0,16.0, 16.0,16.0,,5.0,6.0,1.2696,,13.5759,nSat,939.2589743131595,9376.625196531591
