Name,Min,1%,5%,50%,95%,99%,Max,,90% Range,98% Range,StdDev,,Mean,Units,Skewness,Kurtosis
Local Clock Frequency Offset,8.4308,8.5648,8.6472,8.7631,8.8093, 8.8261,8.8841,,0.1621,0.2614,0.0518,,8.7487,ppm,4724878.3978235815,792899304.7550226
Local Clock Time Offset,-14.018,-1.945,-0.513,0.009,0.58, 1.713,9.522,,1.093,3.658,0.561,,-0.0,µs,-5.933207021311215,65.02339077039876
Local RMS Frequency Jitter,0.305,0.67,0.87,1.816,8.105, 17.614,42.755,,7.235,16.944,3.1853,,3.016,ppb,3.3045903627776405,19.069914456148613
Local RMS Time Jitter,0.045,0.108,0.14,0.278,0.989, 2.022,5.897,,0.849,1.914,0.3629,,0.4008,µs,4.163665411933886,28.036283089767146
Server Jitter SHM(0),0.1448,0.3592,0.5647,1.4217,3.5433, 5.5977,9.4692,,2.9786,5.2386,0.9937,,1.6507,ms,4.303836590011387,17.35849287948351
Server Jitter SHM(1),0.012,0.057,0.087,0.24,1.631, 3.343,13.508,,1.544,3.286,0.6614,,0.4596,µs,3.8169947944977993,32.92200246222731
Server Offset SHM(0),8.197,12.6612,13.9892,18.8948,23.8213, 25.0091,30.2035,,9.832,12.3479,3.1932,,18.8102,ms,131.64949477439703,717.6320433295151
Server Offset SHM(1),-14.019,-1.946,-0.514,0.01,0.581, 1.714,9.523,,1.095,3.66,0.5615,,0.0,µs,-5.929025069264216,64.88498856515092
TDOP,0.59,0.66,0.73,1.06,8.24, 28.43,149.49,,7.51,27.77,8.3798,,2.751, ,8.843767214243424,128.75180182098453
Temp ZONE0,50.15,51.8,52.9,55.1,57.85, 58.95,60.05,,4.95,7.15,1.5622,,55.3543,°C,40926.182426427804,1412750.0152546382
nSats,9.0,10.0,11.0,14.0,15.0, 16.0,16.0,,4.0,6.0,1.2752,,13.5424,nSat,918.6277663956394,9106.59229636185
