Name,Min,1%,5%,50%,95%,99%,Max,,90% Range,98% Range,StdDev,,Mean,Units,Skewness,Kurtosis
Local Clock Frequency Offset,7.1165,7.3627,7.4579,7.6658,7.8289, 7.8787,8.0079,,0.3711,0.5159,0.1176,,7.6602,ppm,264365.4018861379,16975203.42677852
Local Clock Time Offset,-21.359,-2.257,-0.411,0.002,0.613, 1.716,8.464,,1.024,3.973,0.6,,0.0001,µs,-7.549122996699107,104.09981395808812
Local RMS Frequency Jitter,0.221,0.559,0.765,1.76,9.042, 18.799,59.001,,8.277,18.24,3.5426,,3.0751,ppb,3.2778869733120826,20.80982639198143
Local RMS Time Jitter,0.038,0.086,0.119,0.279,1.253, 2.211,9.331,,1.134,2.125,0.4461,,0.4369,µs,3.7559242044798005,28.180307355129763
Server Jitter SHM(0),0.1002,0.4394,0.6692,1.6151,3.7201, 5.059,11.0291,,3.051,4.6195,0.9691,,1.8292,ms,4.836103020136581,17.058100145606186
Server Jitter SHM(1),0.009,0.047,0.074,0.214,1.68, 3.63,21.339,,1.606,3.583,0.7286,,0.4455,µs,4.190054828351813,43.114812288351274
Server Offset SHM(0),-31.1292,-22.2511,-18.9981,-10.227,-0.3958, 3.6569,10.0916,,18.6023,25.9081,5.6998,,-10.0682,ms,-29.31039824022611,105.54100680699358
Server Offset SHM(1),-21.36,-2.258,-0.412,0.003,0.614, 1.717,8.465,,1.026,3.975,0.6004,,0.0001,µs,-7.542763440045678,103.89272890451606
Temp ZONE0,46.3,48.5,49.6,51.8,55.1, 56.75,58.95,,5.5,8.25,1.8173,,52.0809,°C,21240.098574375184,589784.8478328284
