Name,Min,1%,5%,50%,95%,99%,Max,,90% Range,98% Range,StdDev,,Mean,Units,Skewness,Kurtosis
Local Clock Frequency Offset,8.8425,9.1009,9.1314,9.1971,9.2336, 9.2523,9.3099,,0.1023,0.1514,0.0318,,9.1917,ppm,23989568.370981563,6918951872.393709
Local Clock Time Offset,-36.546,-2.104,-0.553,0.015,0.549, 1.752,16.543,,1.102,3.856,0.6071,,-0.0001,µs,-7.787146994594499,172.68042769765535
Local RMS Frequency Jitter,0.346,0.747,0.967,2.056,8.362, 18.556,102.238,,7.395,17.809,3.5091,,3.1957,ppb,4.771255718968665,50.77921449530643
Local RMS Time Jitter,0.06,0.12,0.156,0.321,1.1, 2.133,17.495,,0.944,2.013,0.425,,0.4476,µs,6.596256788014885,103.91652729123625
Server Jitter SHM(0),0.1024,0.3335,0.496,1.2965,3.3323, 5.2934,10.6907,,2.8363,4.9599,0.9562,,1.5238,ms,4.1100439897628815,17.131218046851597
Server Jitter SHM(1),0.016,0.061,0.096,0.273,1.625, 3.638,35.686,,1.529,3.577,0.7249,,0.4891,µs,5.773470774891096,93.48973435757654
Server Offset SHM(0),4.097,12.6403,13.9382,18.8071,23.5015, 24.7848,28.2867,,9.5633,12.1446,3.1522,,18.5593,ms,131.4332840564598,716.1299829582289
Server Offset SHM(1),-36.547,-2.105,-0.554,0.016,0.55, 1.753,16.544,,1.104,3.858,0.6075,,0.0,µs,-7.779448466405519,172.26443623424666
TDOP,0.63,0.67,0.74,1.13,5.94, 25.52,193.81,,5.2,24.85,8.9653,,2.5332, ,11.476624062998857,195.65814798505474
Temp ZONE0,52.9,54.0,54.55,56.75,58.95, 60.6,62.8,,4.4,6.6,1.3564,,56.687,°C,67995.84492525757,2778682.6862502517
nSats,7.0,10.0,11.0,14.0,15.0, 16.0,16.0,,4.0,6.0,1.3291,,13.5552,nSat,805.4347033257827,7651.9651432201545
