Name,Min,1%,5%,50%,95%,99%,Max,,90% Range,98% Range,StdDev,,Mean,Units,Skewness,Kurtosis
Local Clock Frequency Offset,7.5782,7.7542,7.8584,8.0038,8.1158, 8.1994,8.2856,,0.2574,0.4452,0.0843,,7.9996,ppm,827523.1880374716,77709006.1422799
Local Clock Time Offset,-13.456,-2.178,-0.401,0.001,0.489, 1.798,8.387,,0.89,3.976,0.5529,,0.0001,µs,-6.112720471970751,70.68996890225193
Local RMS Frequency Jitter,0.249,0.508,0.663,1.586,8.665, 17.066,42.228,,8.002,16.558,3.265,,2.833,ppb,2.9283243131576446,16.855045635792507
Local RMS Time Jitter,0.038,0.079,0.104,0.237,1.05, 1.929,5.701,,0.946,1.85,0.3813,,0.3764,µs,3.472642397646419,22.7212219714703
Server Jitter SHM(0),0.1606,0.3599,0.5449,1.4351,4.3946, 6.9153,17.3519,,3.8497,6.5555,1.3538,,1.7932,ms,4.1413875993860065,23.57049979080104
Server Jitter SHM(1),0.009,0.036,0.055,0.174,1.67, 3.337,12.944,,1.615,3.301,0.6772,,0.4071,µs,3.3233038382019546,28.612979561049222
Server Offset SHM(0),1.2769,10.9547,13.0555,18.1674,23.3294, 24.7487,27.5605,,10.2739,13.794,3.3414,,18.0186,ms,97.80386275638243,488.4783120830099
Server Offset SHM(1),-13.457,-2.179,-0.402,0.002,0.49, 1.799,8.388,,0.892,3.978,0.5533,,0.0001,µs,-6.108919922114842,70.56029289543423
TDOP,0.6,0.67,0.76,1.13,6.62, 28.63,134.12,,5.86,27.96,7.1092,,2.5566, ,9.19512963367916,138.68012293386568
Temp ZONE0,47.4,49.6,50.7,52.9,55.65, 57.85,60.05,,4.95,8.25,1.7012,,53.199,°C,27832.593232852945,845334.1614541674
nSats,5.0,10.0,11.0,14.0,15.0, 16.0,16.0,,4.0,6.0,1.3545,,13.549,nSat,756.1253103438739,7036.962766863725
