Name,Min,1%,5%,50%,95%,99%,Max,,90% Range,98% Range,StdDev,,Mean,Units,Skewness,Kurtosis
Local Clock Frequency Offset,8.7759,9.0276,9.0975,9.1531,9.1948, 9.2167,9.2911,,0.0972,0.1891,0.0315,,9.15,ppm,24196563.97605923,6998665702.290394
Local Clock Time Offset,-36.355,-2.101,-0.495,0.013,0.527, 1.726,16.386,,1.022,3.827,0.5912,,-0.0001,µs,-7.6619596923838085,158.4479246333984
Local RMS Frequency Jitter,0.303,0.698,0.905,1.881,8.245, 18.302,101.975,,7.34,17.604,3.455,,3.0703,ppb,4.441518611238158,44.99992171639475
Local RMS Time Jitter,0.049,0.111,0.146,0.296,1.097, 2.105,17.271,,0.951,1.994,0.4163,,0.4282,µs,5.811890587085818,83.34819727743903
Server Jitter SHM(0),0.1086,0.3451,0.5158,1.4042,3.4315, 5.3718,9.1724,,2.9158,5.0267,0.9675,,1.6159,ms,4.209675458231219,16.488367513967983
Server Jitter SHM(1),0.011,0.056,0.088,0.246,1.602, 3.564,35.152,,1.514,3.508,0.7137,,0.4646,µs,5.341364969776923,81.43775986847027
Server Offset SHM(0),9.667,12.3829,13.6114,18.5716,23.4165, 24.7588,28.5299,,9.805,12.3759,3.1588,,18.324,ms,125.09255310801237,672.2289331832961
Server Offset SHM(1),-36.356,-2.102,-0.496,0.014,0.528, 1.727,16.387,,1.024,3.829,0.5916,,-0.0001,µs,-7.654563425931895,158.07099684406057
TDOP,0.61,0.66,0.73,1.12,9.08, 54.68,215.28,,8.35,54.02,11.1742,,3.3385, ,8.38829236054046,127.59497942016183
Temp ZONE0,50.7,53.45,55.1,56.75,58.95, 60.05,62.8,,3.85,6.6,1.334,,56.9802,°C,72704.0080499231,3037908.3220981886
nSats,8.0,10.0,11.0,14.0,15.0, 16.0,17.0,,4.0,6.0,1.3439,,13.5386,nSat,773.7205689213365,7254.86281183033
