Name,Min,1%,5%,50%,95%,99%,Max,,90% Range,98% Range,StdDev,,Mean,Units,Skewness,Kurtosis
Local Clock Frequency Offset,7.1165,7.353,7.4525,7.6279,7.8142, 7.8704,8.0079,,0.3617,0.5174,0.1139,,7.6368,ppm,288667.32556570193,19086581.697593883
Local Clock Time Offset,-21.359,-2.25,-0.411,0.001,0.621, 1.717,8.464,,1.032,3.967,0.6001,,0.0001,µs,-7.5023352392440765,104.47717559277213
Local RMS Frequency Jitter,0.221,0.563,0.763,1.755,9.048, 18.768,59.001,,8.285,18.205,3.5439,,3.0744,ppb,3.2785116294649845,20.895474497949664
Local RMS Time Jitter,0.038,0.086,0.119,0.276,1.246, 2.192,9.331,,1.127,2.106,0.4439,,0.4345,µs,3.7773051029018045,28.811582975782564
Server Jitter SHM(0),0.1002,0.4488,0.6792,1.6352,3.7527, 5.0876,11.0291,,3.0735,4.6388,0.9762,,1.8517,ms,4.865861639910854,17.044439524220927
Server Jitter SHM(1),0.009,0.047,0.074,0.213,1.678, 3.624,21.339,,1.604,3.577,0.7287,,0.4446,µs,4.197856567228589,43.570668191320465
Server Offset SHM(0),-31.1292,-22.9435,-19.9098,-10.4491,-0.17, 3.9358,10.0916,,19.7398,26.8794,6.0076,,-10.306,ms,-28.03127112148124,99.83417479824998
Server Offset SHM(1),-21.36,-2.251,-0.412,0.002,0.622, 1.718,8.465,,1.034,3.969,0.6005,,0.0001,µs,-7.496069386847737,104.26888588969493
Temp ZONE0,46.3,48.5,49.05,51.8,55.1, 56.2,58.95,,6.05,7.7,1.7108,,51.8358,°C,25237.84084613728,742052.523060844
