Name,Min,1%,5%,50%,95%,99%,Max,,90% Range,98% Range,StdDev,,Mean,Units,Skewness,Kurtosis
Local Clock Frequency Offset,7.1764,7.4085,7.528,7.7489,7.8774, 7.929,8.0088,,0.3494,0.5205,0.1101,,7.7295,ppm,331768.011319896,22976855.594285753
Local Clock Time Offset,-21.359,-2.235,-0.411,0.003,0.601, 1.719,8.04,,1.012,3.954,0.5992,,-0.0,µs,-7.641732333892802,107.15027681306093
Local RMS Frequency Jitter,0.222,0.581,0.778,1.751,9.046, 18.724,59.001,,8.268,18.143,3.5424,,3.0648,ppb,3.31015614413648,21.375025022015215
Local RMS Time Jitter,0.037,0.088,0.121,0.277,1.251, 2.226,9.368,,1.13,2.138,0.4489,,0.4356,µs,3.885741972617001,30.864148568339086
Server Jitter SHM(0),0.1398,0.4382,0.6676,1.569,3.5695, 4.8773,10.0984,,2.9019,4.4391,0.9222,,1.7679,ms,5.03036214721175,17.998286125342506
Server Jitter SHM(1),0.009,0.048,0.076,0.215,1.682, 3.649,21.339,,1.606,3.601,0.7293,,0.4455,µs,4.219823107441614,43.9680099588729
Server Offset SHM(0),-31.1292,-22.1405,-18.5315,-9.4254,0.5463, 5.1883,11.151,,19.0777,27.3288,5.7931,,-9.2877,ms,-25.30162183042685,88.02056019927696
Server Offset SHM(1),-21.36,-2.236,-0.412,0.004,0.602, 1.72,8.041,,1.014,3.956,0.5996,,-0.0,µs,-7.635198245111682,106.93607357204908
Temp ZONE0,47.95,48.5,49.6,52.9,57.85, 58.95,62.8,,8.25,10.45,2.3986,,53.0909,°C,9503.25054991827,202219.59043139472
