Name,Min,1%,5%,50%,95%,99%,Max,,90% Range,98% Range,StdDev,,Mean,Units,Skewness,Kurtosis
Local Clock Frequency Offset,8.9218,9.1001,9.1559,9.2611,9.336, 9.3738,9.4474,,0.1801,0.2736,0.0561,,9.2547,ppm,4418424.774422342,725084692.4493943
Local Clock Time Offset,-27.854,-2.284,-0.625,0.013,0.639, 1.928,13.828,,1.264,4.212,0.6463,,-0.0002,µs,-6.42836563979145,91.04065804759877
Local RMS Frequency Jitter,0.628,1.068,1.323,2.453,9.719, 18.668,82.744,,8.396,17.6,3.507,,3.6378,ppb,4.3413678230804535,33.390475081038204
Local RMS Time Jitter,0.086,0.164,0.202,0.361,1.231, 2.144,12.8,,1.029,1.98,0.4192,,0.4927,µs,5.553969758584896,56.836199159158824
Server Jitter SHM(0),0.1349,0.3171,0.495,1.3597,3.2738, 5.1358,9.0222,,2.7787,4.8188,0.9249,,1.5537,ms,4.278659739765774,17.21661608038714
Server Jitter SHM(1),0.024,0.087,0.132,0.349,1.819, 3.682,26.41,,1.687,3.595,0.7378,,0.5696,µs,4.8731296654859,54.91827887966387
Server Offset SHM(0),8.2278,12.3291,13.6647,18.6079,23.4643, 24.8085,28.3219,,9.7996,12.4794,3.2048,,18.4172,ms,121.20913148564316,645.2179471444072
Server Offset SHM(1),-27.855,-2.285,-0.625,0.014,0.64, 1.929,13.829,,1.265,4.214,0.6468,,-0.0001,µs,-6.423418620742215,90.83738966243179
TDOP,0.62,0.67,0.72,1.15,9.06, 27.03,193.94,,8.34,26.36,8.4226,,2.7943, ,11.223494864202396,207.06563565034773
Temp ZONE0,50.7,51.8,52.35,54.55,58.4, 59.5,61.15,,6.05,7.7,1.917,,54.9271,°C,21230.02383517243,589431.7017947532
nSats,9.0,10.0,11.0,14.0,16.0, 16.0,16.0,,5.0,6.0,1.2757,,13.5765,nSat,925.2653372334763,9195.985355605811
