Name,Min,1%,5%,50%,95%,99%,Max,,90% Range,98% Range,StdDev,,Mean,Units,Skewness,Kurtosis
Local Clock Frequency Offset,8.3454,8.5071,8.614,8.7862,8.8541, 8.8861,8.9775,,0.2401,0.3791,0.0743,,8.7677,ppm,1601365.8552018842,187377067.20398042
Local Clock Time Offset,-16.091,-1.921,-0.53,0.008,0.591, 1.747,11.777,,1.121,3.668,0.5742,,-0.0,µs,-6.0438282094271,76.4868183499444
Local RMS Frequency Jitter,0.319,0.728,0.934,1.887,8.173, 17.929,63.65,,7.239,17.201,3.2592,,3.0877,ppb,3.5912035258849797,23.527806911521495
Local RMS Time Jitter,0.044,0.113,0.146,0.286,0.999, 2.055,7.933,,0.853,1.942,0.3702,,0.4084,µs,4.4639346027584255,33.72581739097242
Server Jitter SHM(0),0.1235,0.364,0.5544,1.4213,3.4583, 5.4787,10.5389,,2.9039,5.1147,0.97,,1.642,ms,4.414519872826048,17.884649152694866
Server Jitter SHM(1),0.013,0.06,0.092,0.251,1.632, 3.397,17.277,,1.54,3.337,0.6731,,0.4698,µs,4.202921514604939,41.322582796136125
Server Offset SHM(0),9.6704,12.4695,13.6882,18.7676,23.8607, 25.1757,29.367,,10.1725,12.7061,3.241,,18.6571,ms,121.9175041817957,650.3171813612367
Server Offset SHM(1),-16.092,-1.922,-0.531,0.009,0.592, 1.748,11.778,,1.123,3.67,0.5747,,-0.0,µs,-6.039389898858982,76.3157077842979
TDOP,0.6,0.66,0.73,1.08,8.86, 27.14,137.81,,8.13,26.48,7.7009,,2.773, ,8.550009772956114,126.51387676545019
Temp ZONE0,48.5,50.15,51.25,54.0,57.85, 58.95,61.15,,6.6,8.8,1.8046,,53.9788,°C,24253.849602253256,703769.8479249506
nSats,6.0,10.0,11.0,14.0,16.0, 16.0,16.0,,5.0,6.0,1.3108,,13.5332,nSat,838.1314155924038,8063.330126058199
