Name,Min,1%,5%,50%,95%,99%,Max,,90% Range,98% Range,StdDev,,Mean,Units,Skewness,Kurtosis
Local Clock Frequency Offset,8.5918,8.7985,8.908,9.1493,9.218, 9.2426,9.3067,,0.3101,0.444,0.0931,,9.1204,ppm,910592.1554019535,88278629.5188702
Local Clock Time Offset,-20.298,-2.267,-0.547,0.011,0.569, 1.927,9.541,,1.116,4.194,0.6183,,0.0,µs,-6.378913106569291,81.47576237356361
Local RMS Frequency Jitter,0.434,0.79,0.996,2.066,9.668, 18.209,57.619,,8.672,17.419,3.5116,,3.3223,ppb,3.638659223017674,24.4020132176379
Local RMS Time Jitter,0.07,0.126,0.159,0.313,1.23, 2.061,9.122,,1.071,1.935,0.416,,0.4525,µs,4.46668588949009,36.196234583106964
Server Jitter SHM(0),0.066,0.3356,0.516,1.3826,3.306, 5.1994,9.5708,,2.79,4.8638,0.9343,,1.581,ms,4.398071028007701,18.15176920859544
Server Jitter SHM(1),0.018,0.061,0.092,0.267,1.791, 3.671,19.372,,1.699,3.61,0.7354,,0.5012,µs,4.113338151208914,39.79287763848946
Server Offset SHM(0),10.0022,12.3061,13.4283,18.6527,23.6832, 24.9938,27.8835,,10.255,12.6878,3.2475,,18.4513,ms,116.68496028225586,614.4347618093647
Server Offset SHM(1),-20.299,-2.268,-0.548,0.012,0.57, 1.928,9.542,,1.118,4.196,0.6188,,0.0001,µs,-6.374382473327076,81.31500009550348
TDOP,0.62,0.69,0.77,1.11,8.81, 33.95,207.04,,8.04,33.26,10.7126,,3.1315, ,10.088344750908888,164.6584214922963
Temp ZONE0,47.95,49.6,51.25,54.55,57.85, 58.95,60.6,,6.6,9.35,1.9149,,54.3872,°C,20658.16978409572,568334.6002249394
nSats,8.0,10.0,11.0,13.0,15.0, 16.0,16.0,,4.0,6.0,1.3798,,13.4221,nSat,690.5569504509745,6248.105962902171
