Name,Min,1%,5%,50%,95%,99%,Max,,90% Range,98% Range,StdDev,,Mean,Units,Skewness,Kurtosis
Local Clock Frequency Offset,6.9574,7.1282,7.1935,7.4641,7.6528, 7.6999,7.8251,,0.4592,0.5717,0.1432,,7.4435,ppm,132713.68516917713,6774615.081827585
Local Clock Time Offset,-17.762,-2.181,-0.399,0.001,0.577, 1.734,7.919,,0.976,3.915,0.584,,0.0001,µs,-7.093605105074412,94.99629782125825
Local RMS Frequency Jitter,0.221,0.562,0.758,1.714,9.041, 18.31,61.84,,8.283,17.748,3.4619,,3.002,ppb,3.2349332895255793,20.611635323906718
Local RMS Time Jitter,0.031,0.087,0.119,0.27,1.239, 2.152,9.356,,1.12,2.065,0.433,,0.4269,µs,3.7110507627825235,28.97203986551817
Server Jitter SHM(0),0.2612,0.7062,1.0379,2.907,9.1344, 14.5827,240.1092,,8.0965,13.8765,3.7371,,3.802,ms,19.18651480529503,927.7393133252735
Server Jitter SHM(1),0.0,0.048,0.074,0.208,1.656, 3.525,17.824,,1.582,3.477,0.706,,0.4342,µs,4.020871111720144,39.864005748893305
Server Offset SHM(0),-74.9031,-54.6823,-44.6997,0.7319,101.9282, 110.3513,247.1251,,146.6279,165.0336,37.5084,,2.989,ms,-2.022351984506409,5.679510527688046
Server Offset SHM(1),-17.763,-2.182,-0.4,0.002,0.578, 1.735,7.92,,0.978,3.917,0.5844,,0.0001,µs,-7.087955670927937,94.8071226719241
Temp ZONE0,46.3,47.95,48.5,51.8,55.65, 57.85,60.6,,7.15,9.9,2.1977,,51.7398,°C,11524.400991263108,261368.6288372522
