Name,Min,1%,5%,50%,95%,99%,Max,,90% Range,98% Range,StdDev,,Mean,Units,Skewness,Kurtosis
Local Clock Frequency Offset,6.9737,7.2074,7.29,7.5361,7.6694, 7.7127,7.8251,,0.3793,0.5053,0.1154,,7.5117,ppm,263544.7527300558,16904956.73536014
Local Clock Time Offset,-18.0,-2.228,-0.404,0.002,0.584, 1.707,8.033,,0.988,3.935,0.5993,,0.0001,µs,-7.533839128187004,106.04802189158298
Local RMS Frequency Jitter,0.243,0.574,0.764,1.727,8.956, 19.082,61.84,,8.192,18.508,3.5831,,3.0441,ppb,3.3312186040732037,21.595546979777343
Local RMS Time Jitter,0.034,0.09,0.122,0.274,1.243, 2.243,9.338,,1.121,2.153,0.4481,,0.4338,µs,3.8838243185234553,31.220427162194266
Server Jitter SHM(0),0.1946,0.6421,0.9486,2.423,8.9325, 13.4852,70.6249,,7.984,12.8431,2.9184,,3.4117,ms,4.130108621808921,39.13832399438701
Server Jitter SHM(1),0.0,0.049,0.075,0.21,1.659, 3.679,18.0,,1.584,3.63,0.7329,,0.4406,µs,4.2357623487464,43.2182402009709
Server Offset SHM(0),-74.9031,-54.6823,-44.7299,-15.612,12.8331, 19.5754,61.2309,,57.563,74.2577,17.397,,-15.0223,ms,-12.068536121995654,35.92360428199585
Server Offset SHM(1),-18.0,-2.229,-0.405,0.003,0.585, 1.708,8.034,,0.99,3.937,0.5997,,0.0001,µs,-7.527620469995984,105.8411417707596
Temp ZONE0,47.4,47.95,49.05,52.35,55.65, 57.85,60.6,,6.6,9.9,1.9965,,52.1428,°C,15921.69612280031,401843.41110192606
