Name,Min,1%,5%,50%,95%,99%,Max,,90% Range,98% Range,StdDev,,Mean,Units,Skewness,Kurtosis
Local Clock Frequency Offset,8.8195,8.9982,9.062,9.1736,9.2973, 9.36,9.438,,0.2353,0.3617,0.0731,,9.1794,ppm,1932942.5535855035,240813729.00591797
Local Clock Time Offset,-31.148,-2.257,-0.619,0.014,0.615, 1.96,14.784,,1.234,4.217,0.6466,,-0.0,µs,-6.44870064840817,100.72772370198892
Local RMS Frequency Jitter,0.412,0.884,1.179,2.361,9.701, 18.882,91.025,,8.522,17.998,3.5878,,3.5616,ppb,4.360901009137791,36.71315983800756
Local RMS Time Jitter,0.069,0.14,0.185,0.358,1.232, 2.148,14.554,,1.047,2.008,0.4318,,0.4895,µs,5.812021118479449,67.56689691755511
Server Jitter SHM(0),0.1027,0.343,0.5256,1.3492,3.118, 4.893,9.1208,,2.5924,4.55,0.8755,,1.5305,ms,4.626697311635028,19.14912160104632
Server Jitter SHM(1),0.013,0.073,0.114,0.329,1.813, 3.73,29.822,,1.699,3.657,0.7472,,0.5516,µs,4.982896952532526,61.8472576129776
Server Offset SHM(0),8.0929,11.7535,13.3785,18.7149,23.6289, 25.1078,30.1372,,10.2504,13.3543,3.3112,,18.4686,ms,109.61750056347856,566.2529052044866
Server Offset SHM(1),-31.149,-2.258,-0.62,0.015,0.616, 1.961,14.785,,1.236,4.219,0.6471,,0.0001,µs,-6.4438217777568285,100.50665880784311
TDOP,0.63,0.68,0.76,1.08,12.74, 44.35,182.24,,11.98,43.67,10.6847,,3.5887, ,7.320300215810895,101.12251150021206
Temp ZONE0,49.05,50.7,51.25,53.45,57.85, 58.95,60.05,,6.6,8.25,1.7368,,53.4987,°C,26564.048929844746,794489.5082831368
nSats,7.0,10.0,11.0,13.0,15.0, 16.0,17.0,,4.0,6.0,1.275,,13.4561,nSat,900.2239599571426,8867.546671874103
