Name,Min,1%,5%,50%,95%,99%,Max,,90% Range,98% Range,StdDev,,Mean,Units,Skewness,Kurtosis
Local Clock Frequency Offset,8.2952,8.4393,8.4862,8.6261,8.7235, 8.7524,8.8204,,0.2372,0.3131,0.0718,,8.6169,ppm,1685756.477121373,200656912.09214336
Local Clock Time Offset,-14.516,-1.9,-0.489,0.006,0.565, 1.711,9.078,,1.054,3.611,0.5579,,0.0,µs,-5.705426244063298,63.554607314804514
Local RMS Frequency Jitter,0.307,0.648,0.842,1.751,7.988, 17.928,50.551,,7.146,17.28,3.204,,2.9604,ppb,3.269206037332511,18.809052103400983
Local RMS Time Jitter,0.053,0.103,0.134,0.267,0.979, 2.038,6.725,,0.845,1.935,0.3613,,0.3905,µs,3.9982460120839787,25.786780044200007
Server Jitter SHM(0),0.1391,0.3791,0.5721,1.4763,3.4927, 5.3096,9.0229,,2.9206,4.9304,0.9584,,1.6807,ms,4.548903707498551,17.814498643127042
Server Jitter SHM(1),0.011,0.053,0.082,0.228,1.608, 3.356,13.465,,1.526,3.303,0.6605,,0.4468,µs,3.7839477707276448,32.27613591375496
Server Offset SHM(0),8.9012,12.4223,13.655,18.7519,23.9684, 25.2676,30.2253,,10.3134,12.8453,3.2529,,18.6841,ms,121.03037320613328,644.3740050849468
Server Offset SHM(1),-14.517,-1.901,-0.49,0.007,0.566, 1.712,9.079,,1.056,3.613,0.5584,,0.0,µs,-5.701758642299199,63.422245709255655
TDOP,0.59,0.68,0.74,1.14,7.19, 29.82,290.97,,6.45,29.14,13.2503,,3.0773, ,13.091575760187286,245.7560789708604
Temp ZONE0,49.05,50.7,51.25,53.45,57.85, 58.95,61.15,,6.6,8.25,1.8786,,53.9324,°C,21359.204196800853,594218.9249754692
nSats,8.0,10.0,11.0,14.0,16.0, 16.0,16.0,,5.0,6.0,1.3592,,13.5175,nSat,742.2219875035354,6870.960975992112
