Name,Min,1%,5%,50%,95%,99%,Max,,90% Range,98% Range,StdDev,,Mean,Units,Skewness,Kurtosis
Local Clock Frequency Offset,7.1165,7.3672,7.4756,7.6743,7.8293, 7.8792,8.0079,,0.3538,0.5119,0.1144,,7.6657,ppm,287548.11523037986,18987948.038377
Local Clock Time Offset,-21.359,-2.257,-0.411,0.002,0.614, 1.715,8.464,,1.025,3.972,0.6004,,0.0,µs,-7.563125931884545,104.2433721030248
Local RMS Frequency Jitter,0.222,0.565,0.768,1.763,9.045, 18.821,59.001,,8.277,18.256,3.5422,,3.0794,ppb,3.2812472263622556,20.8407481208491
Local RMS Time Jitter,0.039,0.086,0.12,0.279,1.253, 2.212,9.331,,1.133,2.126,0.4463,,0.4378,µs,3.7598065542202432,28.20658086437632
Server Jitter SHM(0),0.1002,0.4359,0.6632,1.6094,3.7108, 5.0404,11.0291,,3.0476,4.6045,0.9666,,1.8229,ms,4.830407484110706,17.06760277149786
Server Jitter SHM(1),0.01,0.048,0.074,0.215,1.681, 3.626,21.339,,1.607,3.578,0.7288,,0.4462,µs,4.194230969066113,43.19393840110591
Server Offset SHM(0),-31.1292,-22.2511,-18.9981,-10.261,-0.4323, 3.6495,10.0916,,18.5658,25.9006,5.6882,,-10.0897,ms,-29.49466070297577,106.34018153108548
Server Offset SHM(1),-21.36,-2.258,-0.412,0.003,0.615, 1.716,8.465,,1.027,3.974,0.6008,,0.0,µs,-7.556749697449891,104.03599028535662
Temp ZONE0,46.3,48.5,49.6,51.8,55.1, 56.75,58.95,,5.5,8.25,1.8051,,52.1441,°C,21773.33011348414,609581.1325567038
