Name,Min,1%,5%,50%,95%,99%,Max,,90% Range,98% Range,StdDev,,Mean,Units,Skewness,Kurtosis
Local Clock Frequency Offset,7.7182,7.8713,8.0125,8.2512,8.3874, 8.423,8.5343,,0.375,0.5517,0.1062,,8.2414,ppm,449603.0782636528,34454867.51537989
Local Clock Time Offset,-22.671,-2.191,-0.488,0.007,0.545, 1.783,12.911,,1.033,3.974,0.5805,,-0.0,µs,-6.691049176682421,111.37890849731762
Local RMS Frequency Jitter,0.353,0.683,0.874,1.866,8.764, 17.004,65.316,,7.89,16.321,3.338,,3.0747,ppb,3.9698962999945206,34.02086673106934
Local RMS Time Jitter,0.059,0.107,0.137,0.279,1.063, 1.941,10.108,,0.926,1.834,0.3956,,0.4118,µs,5.186257419823945,57.606832220508004
Server Jitter SHM(0),0.1188,0.3438,0.5323,1.398,3.5039, 5.4988,11.2045,,2.9715,5.1551,0.9844,,1.6263,ms,4.230298518961035,16.99990575546229
Server Jitter SHM(1),0.008,0.05,0.077,0.234,1.689, 3.333,22.221,,1.612,3.283,0.6946,,0.4586,µs,4.609466845436349,58.50170004086771
Server Offset SHM(0),3.494,11.5652,13.2036,18.1894,23.0057, 24.4473,28.0758,,9.802,12.8821,3.1932,,18.0506,ms,114.67324000852044,600.3321177304367
Server Offset SHM(1),-22.672,-2.192,-0.489,0.008,0.546, 1.784,12.912,,1.035,3.976,0.5809,,0.0,µs,-6.685654084022734,111.12868475025004
TDOP,0.59,0.66,0.73,1.1,11.61, 47.95,110.35,,10.88,47.29,8.1057,,3.2453, ,4.94564116598152,49.173209790264345
Temp ZONE0,46.85,48.5,50.15,52.9,56.2, 57.3,60.6,,6.05,8.8,1.8065,,53.131,°C,23018.674974589627,656411.4381025522
nSats,8.0,10.0,11.0,14.0,16.0, 16.0,16.0,,5.0,6.0,1.375,,13.7177,nSat,749.6108522007024,6957.1938491914325
