Name,Min,1%,5%,50%,95%,99%,Max,,90% Range,98% Range,StdDev,,Mean,Units,Skewness,Kurtosis
Local Clock Frequency Offset,8.7353,8.9626,9.0377,9.1603,9.2314, 9.2629,9.3479,,0.1937,0.3004,0.0577,,9.1528,ppm,3919279.6880571903,617982660.4728293
Local Clock Time Offset,-17.378,-2.291,-0.486,0.005,0.533, 1.969,9.541,,1.019,4.26,0.6102,,-0.0,µs,-6.266391206003042,79.7175492428159
Local RMS Frequency Jitter,0.345,0.685,0.865,1.856,9.887, 18.236,52.954,,9.022,17.551,3.5537,,3.1819,ppb,3.2539199000417343,20.543300691832126
Local RMS Time Jitter,0.056,0.109,0.137,0.28,1.238, 2.055,8.265,,1.101,1.946,0.4182,,0.4266,µs,4.023936059973625,30.615139751187748
Server Jitter SHM(0),0.1039,0.3333,0.5069,1.3624,3.3063, 5.1505,9.5708,,2.7994,4.8172,0.9308,,1.562,ms,4.3076683760233765,17.46963090791184
Server Jitter SHM(1),0.013,0.05,0.076,0.227,1.807, 3.701,16.814,,1.731,3.651,0.7412,,0.4688,µs,3.7716533946343938,35.198268199685536
Server Offset SHM(0),10.0022,12.2856,13.5071,18.6718,23.7001, 25.132,27.6661,,10.193,12.8464,3.2528,,18.4262,ms,115.54690779604107,607.0273650247939
Server Offset SHM(1),-17.379,-2.292,-0.487,0.006,0.534, 1.97,9.542,,1.021,4.262,0.6106,,0.0,µs,-6.262356156456267,79.57068583950748
TDOP,0.62,0.68,0.75,1.12,8.58, 30.63,207.04,,7.83,29.95,10.1967,,2.9952, ,11.231886879248695,197.04544220797462
Temp ZONE0,49.6,51.25,51.8,54.0,56.2, 57.3,57.85,,4.4,6.05,1.308,,54.2165,°C,66308.50352875974,2687096.535950839
nSats,4.0,10.0,11.0,14.0,15.0, 16.0,16.0,,4.0,6.0,1.4584,,13.4347,nSat,576.9492609109622,4913.708248693899
