Name,Min,1%,5%,50%,95%,99%,Max,,90% Range,98% Range,StdDev,,Mean,Units,Skewness,Kurtosis
Local Clock Frequency Offset,8.5976,8.7905,8.9131,9.1568,9.2228, 9.261,9.3143,,0.3097,0.4706,0.092,,9.1324,ppm,948885.3246076048,93262249.75993378
Local Clock Time Offset,-41.734,-2.27,-0.529,0.008,0.574, 1.918,19.302,,1.103,4.188,0.6257,,0.0001,µs,-7.09838286923243,159.31275822773068
Local RMS Frequency Jitter,0.36,0.744,0.952,2.029,9.623, 18.345,117.506,,8.671,17.601,3.6129,,3.2976,ppb,4.38947878631138,48.91792309295659
Local RMS Time Jitter,0.062,0.119,0.151,0.305,1.212, 2.056,19.786,,1.061,1.937,0.4337,,0.4455,µs,6.240403439629669,109.32054067791586
Server Jitter SHM(0),0.044,0.3437,0.5374,1.3658,3.2061, 5.073,8.6513,,2.6688,4.7293,0.8975,,1.558,ms,4.608917371018835,18.94888785833622
Server Jitter SHM(1),0.015,0.057,0.087,0.258,1.792, 3.664,40.457,,1.705,3.607,0.7521,,0.495,µs,5.1404236578196,87.44835978801974
Server Offset SHM(0),9.347,12.4287,13.5626,18.9601,23.9158, 25.2767,28.6885,,10.3531,12.848,3.2855,,18.7659,ms,118.72048501993244,627.845592559394
Server Offset SHM(1),-41.735,-2.271,-0.53,0.009,0.575, 1.919,19.303,,1.105,4.19,0.6261,,0.0002,µs,-7.092590918673887,158.95633578274052
TDOP,0.62,0.67,0.73,1.11,7.54, 22.84,266.23,,6.81,22.17,10.504,,2.6327, ,16.405812920289492,382.8238400339981
Temp ZONE0,47.95,49.05,50.7,54.55,58.4, 59.5,63.35,,7.7,10.45,2.0652,,54.4638,°C,16410.233822854527,418307.59073441225
nSats,4.0,9.0,11.0,14.0,16.0, 16.0,16.0,,5.0,7.0,1.5348,,13.4887,nSat,494.3254597335631,4006.496896569448
