Name,Min,1%,5%,50%,95%,99%,Max,,90% Range,98% Range,StdDev,,Mean,Units,Skewness,Kurtosis
Local Clock Frequency Offset,7.5273,7.7285,7.7996,7.9987,8.0965, 8.121,8.2101,,0.2969,0.3925,0.0911,,7.9794,ppm,649773.5094254104,56294202.54118033
Local Clock Time Offset,-14.111,-2.183,-0.406,0.001,0.484, 1.781,8.562,,0.89,3.964,0.5508,,0.0001,µs,-6.1289833979087005,70.13807641937191
Local RMS Frequency Jitter,0.249,0.51,0.668,1.576,8.647, 16.959,43.125,,7.979,16.449,3.2497,,2.8251,ppb,2.915884554048163,16.826758058080223
Local RMS Time Jitter,0.038,0.079,0.104,0.235,1.054, 1.942,5.978,,0.95,1.863,0.3821,,0.3759,µs,3.459237358048419,22.82350070043185
Server Jitter SHM(0),0.1075,0.3512,0.5352,1.4416,4.6302, 7.2706,17.3519,,4.095,6.9194,1.4312,,1.8317,ms,3.917384561846993,21.547804957859967
Server Jitter SHM(1),0.004,0.036,0.055,0.174,1.662, 3.333,14.101,,1.607,3.297,0.675,,0.4061,µs,3.3119624143486055,28.510937883253774
Server Offset SHM(0),1.2769,10.3896,12.5456,17.7824,22.7768, 24.1616,27.1647,,10.2312,13.772,3.3414,,17.5913,ms,90.12893099799611,438.8551086782378
Server Offset SHM(1),-14.112,-2.184,-0.407,0.002,0.485, 1.782,8.563,,0.892,3.966,0.5512,,0.0001,µs,-6.1251305816300246,70.00932015614755
TDOP,0.62,0.67,0.75,1.23,7.3, 28.14,216.87,,6.55,27.47,8.7999,,2.7933, ,11.813461576751793,234.92595494843727
Temp ZONE0,48.5,50.15,50.7,53.45,57.85, 58.95,60.05,,7.15,8.8,1.9658,,53.7315,°C,18339.788234216474,485066.63145271124
nSats,8.0,10.0,11.0,14.0,15.0, 16.0,16.0,,4.0,6.0,1.334,,13.5042,nSat,786.0620923984487,7409.345066269985
