Name,Min,1%,5%,50%,95%,99%,Max,,90% Range,98% Range,StdDev,,Mean,Units,Skewness,Kurtosis
Local Clock Frequency Offset,8.8824,9.0686,9.1089,9.293,9.3817, 9.4187,9.5007,,0.2729,0.3501,0.0851,,9.2735,ppm,1260273.9020718702,136152957.22751102
Local Clock Time Offset,-20.702,-2.31,-0.514,0.007,0.56, 1.952,9.776,,1.074,4.262,0.6142,,0.0,µs,-6.328459287625418,79.94994980279857
Local RMS Frequency Jitter,0.423,0.793,0.995,1.998,9.712, 18.43,58.22,,8.717,17.637,3.5027,,3.2844,ppb,3.4665338452972696,22.222624684200174
Local RMS Time Jitter,0.064,0.127,0.162,0.31,1.242, 2.03,8.761,,1.08,1.903,0.4051,,0.4495,µs,4.189564026315515,31.087441780273316
Server Jitter SHM(0),0.1118,0.3377,0.5107,1.3125,3.1459, 5.0412,9.1756,,2.6351,4.7035,0.8939,,1.5043,ms,4.471106828026357,18.949586955859573
Server Jitter SHM(1),0.012,0.059,0.093,0.254,1.805, 3.702,20.164,,1.712,3.643,0.7306,,0.49,µs,3.9832924156272465,38.377413593274476
Server Offset SHM(0),8.9995,12.2283,13.6417,18.4846,23.3097, 24.7761,28.3499,,9.6679,12.5479,3.1629,,18.3151,ms,124.36716075163731,667.3363675501859
Server Offset SHM(1),-20.703,-2.311,-0.515,0.008,0.561, 1.953,9.777,,1.076,4.264,0.6146,,0.0,µs,-6.32412358942566,79.79328227863672
TDOP,0.61,0.68,0.76,1.1,9.57, 48.35,158.68,,8.81,47.67,10.1402,,3.2211, ,6.850423021267421,81.22155311834044
Temp ZONE0,49.6,50.15,51.25,53.45,56.75, 58.4,60.05,,5.5,8.25,1.6412,,53.7299,°C,32065.68641804561,1020781.4638000362
nSats,4.0,10.0,11.0,14.0,16.0, 16.0,16.0,,5.0,6.0,1.4022,,13.4644,nSat,661.5214993212321,5896.018998093999
