Name,Min,1%,5%,50%,95%,99%,Max,,90% Range,98% Range,StdDev,,Mean,Units,Skewness,Kurtosis
Local Clock Frequency Offset,8.2575,8.4981,8.8533,9.1348,9.1786, 9.2151,9.2975,,0.3253,0.717,0.1214,,9.1058,ppm,405063.8896181897,29980984.12947831
Local Clock Time Offset,-28.581,-2.091,-0.526,0.014,0.554, 1.745,16.5,,1.08,3.836,0.6002,,-0.0001,µs,-6.925128891572105,118.08518458995607
Local RMS Frequency Jitter,0.347,0.761,0.98,1.957,8.379, 18.483,89.884,,7.399,17.722,3.4716,,3.1571,ppb,4.2860647274552885,37.216053435825586
Local RMS Time Jitter,0.056,0.122,0.158,0.306,1.091, 2.132,12.854,,0.933,2.01,0.4154,,0.4373,µs,5.427923006650248,58.31926962707367
Server Jitter SHM(0),0.1301,0.3467,0.5236,1.4018,3.449, 5.3738,9.0566,,2.9254,5.0272,0.9607,,1.6128,ms,4.278566546181345,16.869691260549338
Server Jitter SHM(1),0.012,0.064,0.099,0.264,1.619, 3.607,26.943,,1.52,3.543,0.7163,,0.483,µs,5.117286508305284,64.85533799812178
Server Offset SHM(0),9.1296,12.8345,13.8232,18.7695,23.7059, 24.9546,27.6213,,9.8827,12.1202,3.1734,,18.6259,ms,130.10899952713996,707.2906369304158
Server Offset SHM(1),-28.582,-2.092,-0.527,0.015,0.555, 1.746,16.501,,1.082,3.838,0.6006,,0.0,µs,-6.919165763757253,117.81559226502405
TDOP,0.6,0.65,0.72,1.1,8.18, 29.8,232.46,,7.46,29.15,9.3188,,2.6931, ,13.18154931150006,272.58433205316305
Temp ZONE0,45.75,47.95,51.25,56.75,58.95, 59.5,62.8,,7.7,11.55,2.1474,,56.2699,°C,16082.748129777325,407100.15160356485
nSats,8.0,10.0,11.0,14.0,16.0, 16.0,16.0,,5.0,6.0,1.3552,,13.568,nSat,758.3370289366118,7065.735258876569
