Name,Min,1%,5%,50%,95%,99%,Max,,90% Range,98% Range,StdDev,,Mean,Units,Skewness,Kurtosis
Local Clock Frequency Offset,-0.5797,9.0968,9.1462,9.2427,9.3084, 9.3511,9.4295,,0.1622,0.2543,0.0816,,9.2376,ppm,1411489.31873311,158346692.329902
Local Clock Time Offset,-116939.999,-2.262,-0.658,0.015,0.635, 1.891,81.939,,1.293,4.153,1356.4704,,-23.5764,µs,-69.5696478004662,4848.93895815983
Local RMS Frequency Jitter,0.0,0.786,1.024,2.451,9.434, 19.026,1882.182,,8.41,18.24,11.4135,,3.6261,ppb,104.59306752796932,13766.597891723859
Local RMS Time Jitter,0.059,0.128,0.168,0.369,1.203, 2.206,41344.533,,1.035,2.078,213.4892,,2.8285,µs,128.5751588621901,19340.543433325136
Server Jitter SHM(0),0.0,0.3167,0.4982,1.3676,3.5726, 5.7026,37.9073,,3.0744,5.3859,1.2293,,1.6229,ms,9.051744476711361,184.19346616858348
Server Jitter SHM(1),0.0,0.066,0.103,0.314,1.771, 3.806,4474.453,,1.668,3.74,84.6966,,2.2723,µs,47.393218184912286,2468.7087972692893
Server Offset SHM(0),-102.4156,11.6494,13.3772,18.5416,23.3692, 24.7056,27.4727,,9.992,13.0562,3.5503,,18.277,ms,79.03550641625263,455.7244390277007
Server Offset SHM(1),-116939.999,-2.263,-0.659,0.016,0.636, 1.892,81.94,,1.295,4.155,1356.4708,,-23.5782,µs,-69.56959801665644,4848.933693843953
TDOP,0.65,0.69,0.75,1.15,8.96, 32.54,176.17,,8.21,31.85,8.1956,,2.7832, ,9.57220729217097,158.18753667339033
Temp ZONE0,50.7,51.8,52.9,55.1,58.95, 60.6,62.8,,6.05,8.8,1.8912,,55.6278,°C,23025.766591360938,656724.5776329177
nSats,5.0,10.0,11.0,14.0,15.0, 16.0,16.0,,4.0,6.0,1.4112,,13.4753,nSat,649.5543890609435,5755.292259759587
