Name,Min,1%,5%,50%,95%,99%,Max,,90% Range,98% Range,StdDev,,Mean,Units,Skewness,Kurtosis
Local Clock Frequency Offset,7.5273,7.7285,7.7997,8.001,8.0979, 8.1225,8.2101,,0.2982,0.3941,0.0913,,7.9816,ppm,644740.4929465567,55713631.56706447
Local Clock Time Offset,-14.111,-2.184,-0.406,0.001,0.484, 1.781,8.562,,0.89,3.965,0.5506,,0.0,µs,-6.135432469132897,70.09681700305474
Local RMS Frequency Jitter,0.249,0.51,0.669,1.578,8.647, 16.922,43.125,,7.978,16.412,3.2472,,2.8258,ppb,2.9143963085238873,16.817376877829396
Local RMS Time Jitter,0.038,0.079,0.104,0.236,1.053, 1.937,5.978,,0.949,1.858,0.3818,,0.376,µs,3.4594852565044207,22.840244769595746
Server Jitter SHM(0),0.1075,0.3505,0.5348,1.443,4.6317, 7.2732,17.3519,,4.097,6.9227,1.4319,,1.833,ms,3.915930291610976,21.519937114459477
Server Jitter SHM(1),0.004,0.036,0.055,0.174,1.664, 3.329,14.101,,1.609,3.293,0.6746,,0.4064,µs,3.310198345335871,28.491674184007845
Server Offset SHM(0),1.2769,10.3896,12.5453,17.7808,22.791, 24.1667,27.1647,,10.2457,13.7771,3.3451,,17.5963,ms,89.87951706990856,437.3055842632339
Server Offset SHM(1),-14.112,-2.185,-0.407,0.002,0.485, 1.782,8.563,,0.892,3.967,0.551,,0.0,µs,-6.131565449796111,69.96798059221373
TDOP,0.62,0.67,0.75,1.26,7.56, 28.98,216.87,,6.81,28.31,8.9663,,2.8936, ,11.249056049165256,218.08325068083215
Temp ZONE0,48.5,50.15,50.7,53.45,57.85, 58.95,60.05,,7.15,8.8,1.9585,,53.7564,°C,18579.12677115797,493511.1914212269
nSats,8.0,10.0,11.0,14.0,15.0, 16.0,16.0,,4.0,6.0,1.3381,,13.4988,nSat,777.4292551020179,7302.133549095736
