Name,Min,1%,5%,50%,95%,99%,Max,,90% Range,98% Range,StdDev,,Mean,Units,Skewness,Kurtosis
Local Clock Frequency Offset,8.6337,8.7995,8.9074,9.16,9.2924, 9.353,9.4381,,0.385,0.5536,0.1263,,9.1353,ppm,363390.2682395193,25941765.915037073
Local Clock Time Offset,-30.245,-2.255,-0.605,0.017,0.608, 1.963,12.903,,1.213,4.218,0.6469,,-0.0,µs,-6.799032331735166,112.74219222334845
Local RMS Frequency Jitter,0.478,0.969,1.219,2.306,9.727, 18.622,85.255,,8.508,17.653,3.6128,,3.5387,ppb,4.518321819740694,39.666752328689256
Local RMS Time Jitter,0.085,0.153,0.192,0.35,1.235, 2.128,14.293,,1.043,1.975,0.4345,,0.4864,µs,6.015989688102611,72.36621767535681
Server Jitter SHM(0),0.162,0.3547,0.5481,1.3853,3.2123, 5.0538,8.7854,,2.6643,4.6991,0.8961,,1.5766,ms,4.682772083020139,19.274346023888626
Server Jitter SHM(1),0.022,0.082,0.123,0.321,1.812, 3.678,28.992,,1.689,3.596,0.7519,,0.5481,µs,5.217566126144106,67.53011196256864
Server Offset SHM(0),10.2495,12.1669,13.308,18.5598,23.5537, 24.8514,28.1347,,10.2457,12.6845,3.2654,,18.4217,ms,113.91923849926839,595.3849467551331
Server Offset SHM(1),-30.246,-2.256,-0.606,0.018,0.609, 1.964,12.904,,1.215,4.22,0.6473,,0.0,µs,-6.793440191990591,112.49129791122077
TDOP,0.62,0.67,0.74,1.11,7.29, 47.1,204.88,,6.55,46.43,12.6445,,3.2504, ,8.335672431647371,113.02206743631105
Temp ZONE0,47.95,49.05,49.6,52.9,58.4, 59.5,61.7,,8.8,10.45,2.5711,,53.4797,°C,7822.883219050883,156104.4692028347
nSats,4.0,10.0,11.0,14.0,15.0, 16.0,16.0,,4.0,6.0,1.2824,,13.5505,nSat,903.2563369977413,8895.92573575299
