Name,Min,1%,5%,50%,95%,99%,Max,,90% Range,98% Range,StdDev,,Mean,Units,Skewness,Kurtosis
Local Clock Frequency Offset,8.7031,8.9151,8.983,9.1722,9.2912, 9.352,9.4381,,0.3082,0.4369,0.0953,,9.1588,ppm,860051.1918423141,81807748.77987142
Local Clock Time Offset,-30.245,-2.267,-0.585,0.013,0.6, 1.959,12.645,,1.185,4.226,0.639,,-0.0001,µs,-6.62482133375563,106.05141748835477
Local RMS Frequency Jitter,0.412,0.821,1.085,2.234,9.708, 18.503,85.255,,8.623,17.682,3.5979,,3.4664,ppb,4.262111799591975,36.172863965318975
Local RMS Time Jitter,0.069,0.129,0.17,0.337,1.225, 2.081,14.293,,1.055,1.952,0.4234,,0.4717,µs,5.3773661022436645,59.270629683745206
Server Jitter SHM(0),0.0697,0.3451,0.5314,1.3806,3.1992, 4.8883,8.7854,,2.6678,4.5432,0.8847,,1.5646,ms,4.622881476210151,18.5324732720437
Server Jitter SHM(1),0.013,0.066,0.103,0.303,1.816, 3.672,28.992,,1.713,3.606,0.7486,,0.5311,µs,4.914593004985797,61.34305479993058
Server Offset SHM(0),9.9934,11.9693,13.1323,18.6114,23.5777, 24.9236,28.296,,10.4454,12.9542,3.3343,,18.3504,ms,104.82905841700148,534.6917073661931
Server Offset SHM(1),-30.246,-2.268,-0.586,0.014,0.601, 1.96,12.646,,1.187,4.228,0.6395,,0.0,µs,-6.619693866456845,105.8220283211476
TDOP,0.63,0.67,0.74,1.15,9.61, 39.57,197.55,,8.87,38.9,10.2385,,3.1833, ,8.473068366457175,127.7020883082803
Temp ZONE0,48.5,49.6,50.15,52.9,57.85, 58.95,60.6,,7.7,9.35,2.0017,,53.2326,°C,16842.59715128508,433098.90075138776
nSats,5.0,10.0,11.0,14.0,15.0, 16.0,16.0,,4.0,6.0,1.3033,,13.5264,nSat,852.3768941675081,8243.036419748069
