Name,Min,1%,5%,50%,95%,99%,Max,,90% Range,98% Range,StdDev,,Mean,Units,Skewness,Kurtosis
Local Clock Frequency Offset,7.5273,7.7285,7.7997,8.0003,8.1009, 8.1349,8.2156,,0.3012,0.4065,0.0927,,7.9826,ppm,617643.4486876682,52614090.93991516
Local Clock Time Offset,-14.111,-2.188,-0.409,0.001,0.488, 1.782,8.562,,0.897,3.97,0.5524,,0.0,µs,-6.153957197260536,70.81513350806634
Local RMS Frequency Jitter,0.249,0.513,0.671,1.585,8.666, 16.985,43.125,,7.995,16.472,3.2573,,2.8359,ppb,2.92717617082325,16.95840890145362
Local RMS Time Jitter,0.038,0.079,0.104,0.236,1.055, 1.942,5.978,,0.951,1.863,0.3829,,0.3769,µs,3.474320887048752,23.014120741911555
Server Jitter SHM(0),0.1075,0.3551,0.5399,1.4494,4.6307, 7.3027,17.3519,,4.0908,6.9475,1.4304,,1.8373,ms,3.935735051854899,21.643205197381302
Server Jitter SHM(1),0.004,0.036,0.055,0.175,1.67, 3.338,14.101,,1.615,3.302,0.6768,,0.4079,µs,3.3242458449596066,28.761533754140476
Server Offset SHM(0),1.2769,10.3896,12.5917,17.7966,22.8218, 24.1845,27.1647,,10.2301,13.7949,3.346,,17.6142,ms,90.10198841855042,438.7134009442853
Server Offset SHM(1),-14.112,-2.189,-0.41,0.002,0.489, 1.783,8.563,,0.899,3.972,0.5528,,0.0,µs,-6.1500629064344015,70.68477820456197
TDOP,0.62,0.67,0.75,1.26,7.67, 29.43,216.87,,6.92,28.76,9.0652,,2.9359, ,10.928851304091983,208.72344857594143
Temp ZONE0,48.5,50.15,50.7,53.45,57.85, 58.95,60.05,,7.15,8.8,1.9666,,53.7446,°C,18329.70413548319,484712.62232143193
nSats,8.0,10.0,11.0,14.0,15.0, 16.0,16.0,,4.0,6.0,1.3438,,13.5006,nSat,766.9863752495894,7173.319712390147
