Name,Min,1%,5%,50%,95%,99%,Max,,90% Range,98% Range,StdDev,,Mean,Units,Skewness,Kurtosis
Local Clock Frequency Offset,8.4308,8.5638,8.6309,8.7494,8.8049, 8.8185,8.8733,,0.1739,0.2547,0.0547,,8.7372,ppm,4003932.9315693444,635842975.5256066
Local Clock Time Offset,-14.018,-1.958,-0.509,0.009,0.583, 1.708,8.376,,1.092,3.666,0.5629,,-0.0,µs,-6.000305744276665,65.80234525785143
Local RMS Frequency Jitter,0.305,0.668,0.865,1.809,8.114, 17.672,42.755,,7.249,17.004,3.2025,,3.0193,ppb,3.2914831503028843,18.94926065684116
Local RMS Time Jitter,0.045,0.108,0.139,0.276,0.993, 2.032,5.897,,0.854,1.924,0.3649,,0.4005,µs,4.117254670616799,27.39429575616549
Server Jitter SHM(0),0.1448,0.3578,0.5654,1.4245,3.5218, 5.5128,9.4692,,2.9565,5.155,0.9851,,1.652,ms,4.3397059402885825,17.374079200887305
Server Jitter SHM(1),0.011,0.057,0.086,0.238,1.636, 3.351,13.508,,1.55,3.294,0.6646,,0.4593,µs,3.8091311861900015,32.75430067102368
Server Offset SHM(0),8.197,12.7022,14.0179,19.0047,23.9075, 25.0756,30.2035,,9.8895,12.3735,3.1987,,18.8835,ms,132.59172274399634,724.1157147278317
Server Offset SHM(1),-14.019,-1.959,-0.51,0.01,0.584, 1.709,8.377,,1.094,3.668,0.5634,,0.0,µs,-5.996025411252693,65.66314321117238
TDOP,0.59,0.68,0.74,1.02,6.93, 24.73,149.49,,6.19,24.05,7.517,,2.4678, ,10.647296746566427,179.88235107121025
Temp ZONE0,50.15,51.8,52.9,55.1,57.85, 58.95,60.05,,4.95,7.15,1.6234,,55.2384,°C,36124.95371529849,1196390.0360192438
nSats,9.0,10.0,12.0,14.0,15.0, 16.0,16.0,,3.0,6.0,1.2426,,13.5828,nSat,1008.9001961050884,10308.098927861321
