Name,Min,1%,5%,50%,95%,99%,Max,,90% Range,98% Range,StdDev,,Mean,Units,Skewness,Kurtosis
Local Clock Frequency Offset,8.9889,9.1135,9.1468,9.2087,9.2522, 9.2675,9.3257,,0.1054,0.154,0.0315,,9.2052,ppm,24583923.176852338,7148449036.89903
Local Clock Time Offset,-18.635,-2.108,-0.591,0.016,0.575, 1.744,9.273,,1.166,3.852,0.5982,,-0.0,µs,-6.526819188028028,85.37481966434096
Local RMS Frequency Jitter,0.346,0.754,0.987,2.206,8.389, 18.458,55.143,,7.402,17.704,3.3383,,3.2758,ppb,3.911313609238341,25.83228009312057
Local RMS Time Jitter,0.06,0.121,0.159,0.342,1.106, 2.128,8.323,,0.947,2.007,0.3957,,0.4594,µs,4.7846572809775685,38.492503538015185
Server Jitter SHM(0),0.082,0.3351,0.4994,1.3389,3.4604, 5.3313,8.5838,,2.961,4.9962,0.9701,,1.5635,ms,4.00936697871996,15.669424587478918
Server Jitter SHM(1),0.016,0.062,0.099,0.294,1.634, 3.609,17.781,,1.535,3.547,0.6976,,0.5059,µs,4.513492945504872,44.57053527323003
Server Offset SHM(0),7.6116,12.4149,13.7303,18.6822,23.5226, 24.858,28.2867,,9.7923,12.4431,3.1859,,18.4918,ms,125.29654925077392,673.2437892245654
Server Offset SHM(1),-18.636,-2.109,-0.592,0.017,0.576, 1.745,9.274,,1.168,3.854,0.5987,,0.0,µs,-6.521403149173792,85.18215995779711
TDOP,0.62,0.67,0.74,1.12,7.81, 29.44,139.52,,7.07,28.77,8.5381,,2.6928, ,9.411011231419963,135.48998668441843
Temp ZONE0,52.9,54.55,55.1,56.75,59.5, 61.7,62.8,,4.4,7.15,1.3758,,56.9829,°C,66150.72272335367,2678700.096233561
nSats,3.0,10.0,11.0,14.0,16.0, 16.0,16.0,,5.0,6.0,1.4521,,13.5362,nSat,600.0286205244583,5178.368142088355
