Name,Min,1%,5%,50%,95%,99%,Max,,90% Range,98% Range,StdDev,,Mean,Units,Skewness,Kurtosis
Local Clock Frequency Offset,7.8286,7.9841,8.0312,8.4098,8.4984, 8.5427,16.5363,,0.4673,0.5586,0.137,,8.3802,ppm,218167.09847399712,13142005.219250038
Local Clock Time Offset,-67.269,-2.155,-0.388,0.003,0.538, 1.665,43004.3,,0.926,3.82,316.4959,,3.6305,µs,100.33468990513266,11296.364910565097
Local RMS Frequency Jitter,0.0,0.5,0.669,1.54,8.315, 18.903,1555.621,,7.646,18.403,9.6213,,2.9604,ppb,98.50058117106924,12722.673217800742
Local RMS Time Jitter,0.029,0.08,0.109,0.241,1.12, 2.255,15203.888,,1.011,2.175,78.945,,1.2136,µs,127.46159545874997,19013.810601698086
Server Jitter SHM(0),0.0,0.3703,0.5667,1.4391,3.5679, 5.5579,25.5973,,3.0012,5.1877,1.0272,,1.6769,ms,5.079764489836945,41.09290027889274
Server Jitter SHM(1),0.0,0.041,0.062,0.181,1.66, 3.713,4473.064,,1.598,3.672,47.8217,,1.0512,µs,81.17280970394961,7205.439953576409
Server Offset SHM(0),8.3829,11.783,13.3182,18.6138,23.8224, 25.3628,59.3964,,10.5042,13.5798,3.3571,,18.51,ms,105.61033307523375,542.628867559603
Server Offset SHM(1),-67.27,-2.156,-0.389,0.004,0.539, 1.666,43004.3,,0.928,3.822,316.497,,3.6321,µs,100.33355911031428,11296.196371501926
TDOP,0.59,0.67,0.73,1.12,6.59, 28.56,268.93,,5.86,27.89,9.0,,2.5872, ,16.714233480514647,447.0776520598034
Temp ZONE0,47.4,48.5,49.6,54.55,58.4, 60.05,61.7,,8.8,11.55,2.4046,,54.2606,°C,10093.130883235857,219041.19495922868
nSats,5.0,5.0,5.0,13.0,15.0, 16.0,16.0,,10.0,11.0,2.6094,,12.807,nSat,69.6186878182001,302.81747826946224
