Name,Min,1%,5%,50%,95%,99%,Max,,90% Range,98% Range,StdDev,,Mean,Units,Skewness,Kurtosis
Local Clock Frequency Offset,7.5273,7.7242,7.7719,7.9408,8.0594, 8.1043,8.1984,,0.2875,0.3801,0.0881,,7.9338,ppm,705786.6232617184,62855045.26378015
Local Clock Time Offset,-14.111,-2.194,-0.409,0.002,0.486, 1.779,8.562,,0.895,3.973,0.5507,,0.0,µs,-6.0662270044177555,67.32012479219297
Local RMS Frequency Jitter,0.256,0.522,0.679,1.578,8.69, 16.94,43.125,,8.011,16.418,3.2406,,2.8346,ppb,2.880349633677831,16.40927233733159
Local RMS Time Jitter,0.038,0.08,0.105,0.236,1.064, 1.941,5.978,,0.959,1.861,0.3801,,0.3782,µs,3.335441252242904,21.1540924929526
Server Jitter SHM(0),0.1075,0.3591,0.5417,1.4618,4.0006, 6.1556,15.994,,3.4589,5.7965,1.1925,,1.7553,ms,4.179198722239804,22.16208333382765
Server Jitter SHM(1),0.004,0.036,0.054,0.176,1.665, 3.335,14.101,,1.611,3.299,0.6733,,0.4074,µs,3.2451410271597263,27.3245713616795
Server Offset SHM(0),1.3086,11.4746,12.8186,17.9926,22.7452, 24.3176,27.5865,,9.9266,12.843,3.2285,,17.6816,ms,103.02263673374121,522.2858831380173
Server Offset SHM(1),-14.112,-2.195,-0.41,0.003,0.487, 1.78,8.563,,0.897,3.975,0.5511,,0.0,µs,-6.062478247657856,67.1981638829416
TDOP,0.56,0.66,0.73,1.14,8.65, 33.62,216.87,,7.92,32.96,8.4816,,2.8814, ,11.293654539786697,242.10175313763844
Temp ZONE0,48.5,49.6,50.7,53.45,57.85, 58.95,60.05,,7.15,9.35,1.9898,,53.5475,°C,17473.769461931133,454820.61233756656
nSats,8.0,10.0,11.0,14.0,15.0, 16.0,16.0,,4.0,6.0,1.3228,,13.5267,nSat,812.3776987445037,7739.608119209448
