Name,Min,1%,5%,50%,95%,99%,Max,,90% Range,98% Range,StdDev,,Mean,Units,Skewness,Kurtosis
Local Clock Frequency Offset,8.1748,8.3355,8.478,8.8462,9.001, 9.0299,9.1139,,0.523,0.6944,0.1608,,8.8081,ppm,155759.1398791178,8386167.825601873
Local Clock Time Offset,-19.765,-2.063,-0.448,0.002,0.544, 1.814,8.378,,0.992,3.877,0.5708,,0.0001,µs,-6.109244540401306,83.70737523829062
Local RMS Frequency Jitter,0.0,0.607,0.798,1.736,8.307, 18.161,55.252,,7.509,17.554,3.3378,,2.9583,ppb,3.3816897568683513,21.75522957644806
Local RMS Time Jitter,0.036,0.094,0.125,0.263,1.061, 2.002,8.596,,0.936,1.908,0.3823,,0.3951,µs,4.157199397068059,33.44112342688476
Server Jitter SHM(0),0.0,0.3396,0.5304,1.4089,3.3465, 5.3138,9.5374,,2.8161,4.9742,0.942,,1.6143,ms,4.413802588551642,17.647712674995827
Server Jitter SHM(1),0.0,0.047,0.074,0.213,1.597, 3.47,19.369,,1.523,3.423,0.6826,,0.4345,µs,4.071423599761243,40.997638038997906
Server Offset SHM(0),8.7442,13.004,14.0469,19.0195,23.8368, 25.1769,28.6178,,9.7898,12.173,3.1515,,18.8807,ms,139.3100755334951,772.1629352407863
Server Offset SHM(1),-224214.603,-2.065,-0.449,0.003,0.545, 1.815,8.379,,0.994,3.88,559.6128,,-1.4383,µs,-393.40063971729546,153334.29664820136
TDOP,0.58,0.65,0.73,1.06,4.41, 17.28,94.33,,3.68,16.63,5.0336,,1.9965, ,9.912802480599606,147.6942325198765
Temp ZONE0,45.75,47.4,48.5,52.9,55.65, 56.75,58.4,,7.15,9.35,2.1416,,52.4905,°C,13063.87615898194,308758.7809791298
nSats,9.0,10.0,11.0,14.0,16.0, 16.0,16.0,,5.0,6.0,1.2492,,13.6589,nSat,1009.8555746436308,10320.308939983595
