Name,Min,1%,5%,50%,95%,99%,Max,,90% Range,98% Range,StdDev,,Mean,Units,Skewness,Kurtosis
Local Clock Frequency Offset,7.1165,7.3672,7.4814,7.684,7.8304, 7.8805,8.0079,,0.349,0.5133,0.1134,,7.6709,ppm,296140.41521542094,19748016.509338725
Local Clock Time Offset,-21.359,-2.293,-0.414,0.002,0.622, 1.717,8.464,,1.036,4.01,0.602,,0.0001,µs,-7.4970391791062045,102.56677158865527
Local RMS Frequency Jitter,0.222,0.571,0.776,1.775,9.078, 18.756,59.001,,8.302,18.185,3.5445,,3.096,ppb,3.2756924724640295,20.81221139482638
Local RMS Time Jitter,0.037,0.087,0.121,0.28,1.257, 2.198,9.331,,1.136,2.111,0.4455,,0.4392,µs,3.742049206637268,28.054868094543657
Server Jitter SHM(0),0.1002,0.4282,0.6472,1.5743,3.6665, 4.9959,11.0291,,3.0193,4.5678,0.958,,1.789,ms,4.764521150784084,16.95923655235691
Server Jitter SHM(1),0.01,0.048,0.075,0.216,1.693, 3.621,21.339,,1.618,3.573,0.73,,0.4487,µs,4.16319298998462,42.71740472793919
Server Offset SHM(0),-31.1292,-22.1405,-18.9128,-10.2112,-0.3704, 3.7001,10.0916,,18.5424,25.8406,5.6816,,-10.06,ms,-29.402293137731604,105.86101809113103
Server Offset SHM(1),-21.36,-2.294,-0.415,0.003,0.623, 1.718,8.465,,1.038,4.012,0.6024,,0.0001,µs,-7.490782593079312,102.3631985974368
Temp ZONE0,46.3,48.5,49.6,51.8,55.1, 56.75,58.95,,5.5,8.25,1.8137,,52.1814,°C,21501.83178995536,599478.6088360987
