Name,Min,1%,5%,50%,95%,99%,Max,,90% Range,98% Range,StdDev,,Mean,Units,Skewness,Kurtosis
Local Clock Frequency Offset,7.3623,7.5314,7.5765,7.7768,7.8902, 7.937,8.055,,0.3137,0.4055,0.0916,,7.7628,ppm,588053.64279005,49280880.94334801
Local Clock Time Offset,-20.526,-2.23,-0.41,0.004,0.591, 1.708,8.04,,1.001,3.938,0.5951,,-0.0,µs,-7.637178366760899,106.75795432039537
Local RMS Frequency Jitter,0.23,0.591,0.785,1.745,9.015, 18.589,56.705,,8.23,17.998,3.5113,,3.0526,ppb,3.2942159277796716,21.125274719504333
Local RMS Time Jitter,0.037,0.091,0.123,0.277,1.253, 2.212,9.368,,1.13,2.121,0.4466,,0.4366,µs,3.8899487377642394,31.03623421754214
Server Jitter SHM(0),0.1461,0.4307,0.6555,1.5626,3.526, 4.8333,10.0984,,2.8705,4.4025,0.9135,,1.7571,ms,5.047877502324443,18.018273796676734
Server Jitter SHM(1),0.009,0.05,0.078,0.217,1.684, 3.626,20.558,,1.606,3.576,0.7236,,0.4456,µs,4.201221359358032,43.71010462489361
Server Offset SHM(0),-29.3297,-21.4946,-17.8738,-9.1837,0.4562, 5.3142,11.151,,18.33,26.8088,5.609,,-9.0668,ms,-25.57932090608545,89.13978377479457
Server Offset SHM(1),-20.527,-2.231,-0.411,0.005,0.592, 1.709,8.041,,1.003,3.94,0.5955,,-0.0,µs,-7.63058779828496,106.5427883463652
Temp ZONE0,48.5,49.6,50.15,52.9,57.85, 58.95,62.8,,7.7,9.35,2.1669,,53.3711,°C,13265.553544220664,315188.17481970676
