Name,Min,1%,5%,50%,95%,99%,Max,,90% Range,98% Range,StdDev,,Mean,Units,Skewness,Kurtosis
Local Clock Frequency Offset,7.7681,7.9538,8.0058,8.3885,8.4794, 8.5222,16.5363,,0.4736,0.5684,0.1591,,8.3418,ppm,136248.1822595843,7016789.824607629
Local Clock Time Offset,-67.269,-2.159,-0.405,0.004,0.525, 1.669,43004.3,,0.93,3.828,316.4954,,3.6305,µs,100.33486495461197,11296.403327802693
Local RMS Frequency Jitter,0.0,0.54,0.708,1.62,8.21, 18.833,1555.621,,7.502,18.293,9.607,,2.9882,ppb,98.95822338414345,12799.500489109292
Local RMS Time Jitter,0.029,0.085,0.114,0.248,1.105, 2.253,15203.888,,0.991,2.168,78.9448,,1.2178,µs,127.46226089548826,19013.931498155842
Server Jitter SHM(0),0.0,0.3703,0.5615,1.4084,3.5591, 5.6327,25.5973,,2.9977,5.2624,1.027,,1.648,ms,5.065924377961797,41.36301472696233
Server Jitter SHM(1),0.0,0.042,0.064,0.189,1.637, 3.703,4473.064,,1.573,3.661,47.8215,,1.0575,µs,81.17420284012556,7205.5632184138285
Server Offset SHM(0),9.252,11.9778,13.4884,18.6657,23.8055, 25.3927,59.3964,,10.3171,13.4149,3.3267,,18.5069,ms,108.84842563408625,564.4784467883533
Server Offset SHM(1),-67.27,-2.16,-0.406,0.005,0.526, 1.67,43004.3,,0.932,3.83,316.4965,,3.6321,µs,100.3337342755549,11296.234797030105
TDOP,0.59,0.67,0.73,1.12,6.86, 36.01,268.93,,6.13,35.34,9.4567,,2.7448, ,14.725581155266658,368.00502826515043
Temp ZONE0,46.85,47.95,49.05,54.55,58.4, 60.05,61.7,,9.35,12.1,2.9414,,54.2317,°C,5354.31058863881,94266.50106005554
nSats,5.0,5.0,7.0,14.0,15.0, 16.0,16.0,,8.0,11.0,2.2752,,13.1022,nSat,119.9658823609815,617.2652826736421
