Name,Min,1%,5%,50%,95%,99%,Max,,90% Range,98% Range,StdDev,,Mean,Units,Skewness,Kurtosis
Local Clock Frequency Offset,8.0592,8.1826,8.278,8.4661,8.5847, 8.6282,8.7146,,0.3067,0.4456,0.0894,,8.4558,ppm,820352.0127624506,76812443.68921758
Local Clock Time Offset,-14.443,-2.183,-0.369,0.002,0.572, 1.689,8.364,,0.941,3.872,0.5832,,0.0001,µs,-6.660001407859143,77.83472318997826
Local RMS Frequency Jitter,0.233,0.49,0.641,1.433,8.51, 19.207,44.712,,7.869,18.717,3.5463,,2.8655,ppb,2.8123913139263212,15.889303984180836
Local RMS Time Jitter,0.034,0.077,0.105,0.231,1.169, 2.308,5.91,,1.064,2.231,0.4356,,0.3985,µs,3.1691866380648204,18.996895396863962
Server Jitter SHM(0),0.0701,0.3708,0.567,1.4291,3.4511, 5.4258,9.0274,,2.8841,5.0551,0.9616,,1.6501,ms,4.446951927191637,17.602014990385527
Server Jitter SHM(1),0.01,0.04,0.061,0.171,1.713, 3.827,14.397,,1.652,3.787,0.7224,,0.4109,µs,3.426875778542682,29.323443524186825
Server Offset SHM(0),9.3065,12.3276,13.8296,18.9824,23.9707, 25.213,27.6992,,10.1412,12.8855,3.2432,,18.811,ms,124.9884423233668,670.9724237281436
Server Offset SHM(1),-14.444,-2.184,-0.37,0.003,0.573, 1.69,8.365,,0.943,3.874,0.5836,,0.0001,µs,-6.655580684135806,77.70151037295678
TDOP,0.59,0.67,0.73,1.13,7.55, 30.85,157.92,,6.82,30.18,6.8129,,2.6541, ,9.805572710814314,180.8196987270306
Temp ZONE0,48.5,49.6,50.7,54.0,56.2, 57.85,59.5,,5.5,8.25,1.7358,,53.5991,°C,26765.36747061564,802405.7857688231
nSats,5.0,5.0,5.0,13.0,15.0, 16.0,16.0,,10.0,11.0,3.0531,,12.5125,nSat,37.530048758356564,135.21670940915473
