Name,Min,1%,5%,50%,95%,99%,Max,,90% Range,98% Range,StdDev,,Mean,Units,Skewness,Kurtosis
Local Clock Frequency Offset,8.1748,8.3357,8.5091,8.8486,8.9832, 9.0235,9.1139,,0.4741,0.6878,0.1494,,8.8106,ppm,195095.9892966622,11321800.114577662
Local Clock Time Offset,-21.414,-2.05,-0.46,0.003,0.554, 1.813,17.088,,1.014,3.863,0.5796,,0.0001,µs,-6.4299212412249585,105.50372533101854
Local RMS Frequency Jitter,0.0,0.613,0.808,1.761,8.328, 18.213,87.565,,7.52,17.6,3.401,,2.9915,ppb,3.762176360736278,30.94988155351112
Local RMS Time Jitter,0.036,0.095,0.127,0.267,1.059, 2.031,11.273,,0.932,1.936,0.3928,,0.3995,µs,4.756388480780692,49.201154942213066
Server Jitter SHM(0),0.0,0.339,0.5324,1.4094,3.3539, 5.3091,9.5374,,2.8215,4.9701,0.9442,,1.6159,ms,4.391831137932384,17.463364478174352
Server Jitter SHM(1),0.0,0.048,0.075,0.218,1.612, 3.467,24.439,,1.537,3.419,0.6948,,0.4412,µs,4.573136776093926,57.09711644935924
Server Offset SHM(0),8.7442,12.989,14.0263,19.006,23.8822, 25.196,28.6178,,9.8559,12.207,3.1715,,18.8841,ms,136.48277675540365,752.0265644083943
Server Offset SHM(1),-224214.603,-2.051,-0.461,0.004,0.556, 1.815,17.089,,1.017,3.866,559.6128,,-1.4384,µs,-393.40062096158346,153334.28674674634
TDOP,0.58,0.65,0.73,1.08,5.61, 18.23,94.33,,4.88,17.58,4.7805,,2.0851, ,9.075574410860185,134.5033275817751
Temp ZONE0,45.75,47.4,49.05,52.9,55.65, 56.75,58.4,,6.6,9.35,2.0336,,52.5788,°C,15428.512015463377,385292.8411359755
nSats,9.0,10.0,11.0,14.0,16.0, 16.0,16.0,,5.0,6.0,1.2848,,13.6696,nSat,924.1519607664436,9179.001590862033
