Name,Min,1%,5%,50%,95%,99%,Max,,90% Range,98% Range,StdDev,,Mean,Units,Skewness,Kurtosis
Local Clock Frequency Offset,7.6905,7.8684,7.9518,8.2857,8.4154, 8.4472,8.5343,,0.4636,0.5788,0.1335,,8.2569,ppm,225336.30728414498,13719457.653310386
Local Clock Time Offset,-22.671,-2.18,-0.484,0.007,0.54, 1.774,12.911,,1.024,3.954,0.5805,,0.0,µs,-6.740552494022655,110.44840711918032
Local RMS Frequency Jitter,0.292,0.644,0.848,1.861,8.737, 17.052,66.336,,7.889,16.408,3.3495,,3.0625,ppb,3.973211072148479,34.02978139852701
Local RMS Time Jitter,0.041,0.1,0.132,0.278,1.059, 1.966,10.108,,0.927,1.866,0.3968,,0.4101,µs,5.053698955673355,53.621193252402286
Server Jitter SHM(0),0.1424,0.3462,0.535,1.374,3.4764, 5.4407,9.2423,,2.9414,5.0945,0.9709,,1.6018,ms,4.213067587152768,16.68077758570672
Server Jitter SHM(1),0.008,0.047,0.074,0.233,1.681, 3.325,22.221,,1.607,3.278,0.6955,,0.4558,µs,4.641716764256954,58.66540800337961
Server Offset SHM(0),9.1049,11.6303,13.0792,18.0885,22.8911, 24.4222,28.0758,,9.8119,12.7918,3.1921,,17.9076,ms,111.81722925268872,581.4970558910217
Server Offset SHM(1),-22.672,-2.181,-0.485,0.008,0.541, 1.775,12.912,,1.026,3.956,0.5809,,0.0001,µs,-6.73511233303807,110.20297360641156
TDOP,0.59,0.67,0.74,1.08,8.48, 35.8,122.04,,7.74,35.13,7.0071,,2.7591, ,7.049256453777355,88.78701172836
Temp ZONE0,46.85,48.5,49.6,53.45,56.2, 57.85,65.55,,6.6,9.35,2.1517,,53.1484,°C,13384.199682788907,318904.2368375942
nSats,8.0,10.0,11.0,14.0,16.0, 16.0,16.0,,5.0,6.0,1.4152,,13.6154,nSat,665.8270049350344,5948.563457661588
