Name,Min,1%,5%,50%,95%,99%,Max,,90% Range,98% Range,StdDev,,Mean,Units,Skewness,Kurtosis
Local Clock Frequency Offset,8.1748,8.3355,8.4759,8.8443,8.9834, 9.0235,9.1139,,0.5074,0.688,0.1561,,8.8036,ppm,170113.68540825954,9431790.77830361
Local Clock Time Offset,-21.414,-2.052,-0.457,0.002,0.552, 1.818,17.088,,1.009,3.87,0.5784,,-0.0001,µs,-6.410561415687651,104.9589286056564
Local RMS Frequency Jitter,0.0,0.61,0.804,1.755,8.329, 18.184,87.565,,7.525,17.574,3.3953,,2.9838,ppb,3.7441353593353854,30.76177868427026
Local RMS Time Jitter,0.036,0.094,0.126,0.266,1.059, 2.025,11.273,,0.933,1.931,0.3919,,0.3981,µs,4.738932187713331,49.13379559739623
Server Jitter SHM(0),0.0,0.3396,0.5308,1.4101,3.3465, 5.2955,9.5374,,2.8157,4.9559,0.9423,,1.6151,ms,4.398205587163649,17.491332874185474
Server Jitter SHM(1),0.0,0.047,0.075,0.217,1.61, 3.467,24.439,,1.535,3.42,0.6935,,0.4394,µs,4.549965116418384,56.77622905240361
Server Offset SHM(0),8.7442,12.9897,14.0269,19.0078,23.8664, 25.1815,28.6178,,9.8395,12.1918,3.1637,,18.8832,ms,137.57878026974655,759.7853387963138
Server Offset SHM(1),-224214.603,-2.053,-0.458,0.003,0.553, 1.819,17.089,,1.011,3.872,559.6128,,-1.4385,µs,-393.4006254795208,153334.28860884
TDOP,0.58,0.65,0.73,1.08,5.61, 18.23,94.33,,4.88,17.58,4.7825,,2.0811, ,9.066795461586073,134.34473767769762
Temp ZONE0,45.75,47.4,48.5,52.9,55.65, 56.75,58.4,,7.15,9.35,2.0897,,52.4932,°C,14103.501074509299,341884.2386606863
nSats,9.0,10.0,11.0,14.0,16.0, 16.0,16.0,,5.0,6.0,1.2763,,13.6593,nSat,942.0933856292298,9415.154268583057
