Name,Min,1%,5%,50%,95%,99%,Max,,90% Range,98% Range,StdDev,,Mean,Units,Skewness,Kurtosis
Local Clock Frequency Offset,7.3623,7.5327,7.6027,7.8206,7.9353, 7.967,8.055,,0.3326,0.4343,0.0959,,7.8046,ppm,518920.0765906584,41712523.75218421
Local Clock Time Offset,-20.526,-2.25,-0.424,0.004,0.595, 1.76,8.04,,1.019,4.01,0.5956,,0.0006,µs,-7.427579929927753,99.57389373182185
Local RMS Frequency Jitter,0.0,0.594,0.78,1.757,9.25, 18.577,86.031,,8.47,17.983,3.6162,,3.0933,ppb,3.7477168633673683,32.86063589020408
Local RMS Time Jitter,0.035,0.092,0.124,0.275,1.246, 2.188,9.368,,1.122,2.096,0.4415,,0.434,µs,3.8404205252955657,30.521511515497043
Server Jitter SHM(0),0.0,0.4076,0.6356,1.5693,3.8742, 7.6731,22.1697,,3.2387,7.2655,1.2956,,1.8616,ms,4.962281946792525,31.615695651315985
Server Jitter SHM(1),0.0,0.047,0.074,0.214,1.709, 3.656,20.558,,1.635,3.609,0.7235,,0.4491,µs,3.983643293051983,40.33233402285276
Server Offset SHM(0),-0.094,-0.0881,-0.0768,-0.0068,0.2748, 0.5451,599.4211,,0.3516,0.6332,3.1011,,0.068,s,187.47885708970293,36212.326531653714
Server Offset SHM(1),-0.0,-0.0,-0.0,0.0,0.0, 0.0,599.1241,,0.0,0.0,1.0987,,0.0022,s,537.0244303117992,292634.9456474569
TDOP,0.62,0.69,0.75,1.08,5.65, 12.57,135.09,,4.9,11.88,5.9547,,2.0548, ,17.318400440698802,383.4250424538058
Temp ZONE0,48.5,49.6,50.15,53.45,57.3, 58.95,61.15,,7.15,9.35,2.0298,,53.5947,°C,16471.099766439937,420400.03730417724
nSats,7.0,10.0,11.0,14.0,16.0, 16.0,16.0,,5.0,6.0,1.4267,,13.872,nSat,689.0675813183627,6221.607621131791
