Name,Min,1%,5%,50%,95%,99%,Max,,90% Range,98% Range,StdDev,,Mean,Units,Skewness,Kurtosis
Local Clock Frequency Offset,8.6093,8.785,8.8309,8.9846,9.0723, 9.0908,9.151,,0.2414,0.3057,0.0755,,8.9723,ppm,1637300.634861152,193004149.2811013
Local Clock Time Offset,-22.299,-2.085,-0.49,0.008,0.542, 1.779,11.114,,1.032,3.864,0.5862,,0.0,µs,-6.482040429306822,94.81146550567043
Local RMS Frequency Jitter,0.302,0.69,0.897,1.866,8.281, 18.59,64.999,,7.384,17.9,3.4128,,3.0589,ppb,3.815659894192822,27.604511225858268
Local RMS Time Jitter,0.05,0.11,0.143,0.289,1.078, 2.092,10.269,,0.935,1.982,0.3989,,0.4187,µs,4.800370225813891,44.94405639381442
Server Jitter SHM(0),0.1314,0.3432,0.5183,1.396,3.2861, 5.1631,12.1115,,2.7678,4.8199,0.9276,,1.5874,ms,4.467457628549368,18.646841479119523
Server Jitter SHM(1),0.013,0.056,0.087,0.244,1.6, 3.587,21.452,,1.513,3.531,0.7003,,0.4616,µs,4.575610595675891,49.400777062206714
Server Offset SHM(0),3.139,12.0073,13.5989,18.6608,23.7569, 25.1637,29.0327,,10.1579,13.1564,3.2696,,18.5212,ms,115.50194793898604,606.3265614779089
Server Offset SHM(1),-22.3,-2.086,-0.491,0.009,0.543, 1.78,11.115,,1.034,3.866,0.5866,,0.0001,µs,-6.477035725541394,94.60556687043339
TDOP,0.59,0.66,0.73,1.15,9.29, 34.08,117.9,,8.56,33.42,7.5809,,2.9446, ,6.822718054852916,81.30541708929502
Temp ZONE0,50.15,51.25,52.35,54.55,57.3, 58.95,61.7,,4.95,7.7,1.576,,54.5441,°C,38063.04154683854,1282665.5718067607
nSats,9.0,10.0,12.0,14.0,16.0, 16.0,16.0,,4.0,6.0,1.2736,,13.6142,nSat,938.4200721956299,9367.794945439828
