Name,Min,1%,5%,50%,95%,99%,Max,,90% Range,98% Range,StdDev,,Mean,Units,Skewness,Kurtosis
Local Clock Frequency Offset,0.1853,7.9106,7.9844,8.3676,8.4633, 8.4933,8.5724,,0.4789,0.5827,0.1643,,8.3027,ppm,121609.21087001343,6029416.095103118
Local Clock Time Offset,-100105.547,-2.197,-0.434,0.004,0.516, 1.703,68.67,,0.95,3.9,1029.3397,,-14.8132,µs,-81.50257298465488,6588.2904127445345
Local RMS Frequency Jitter,0.0,0.576,0.739,1.698,8.282, 18.379,1577.603,,7.543,17.803,9.7062,,3.0139,ppb,100.06800885528618,12986.691462465971
Local RMS Time Jitter,0.041,0.09,0.117,0.256,1.083, 2.198,35392.656,,0.966,2.108,188.7118,,2.677,µs,118.70020751202946,17079.675351994796
Server Jitter SHM(0),0.0,0.3661,0.5538,1.3838,3.4889, 5.5702,28.113,,2.9351,5.2041,1.0193,,1.6218,ms,5.050662766828547,43.626230738945566
Server Jitter SHM(1),0.0,0.042,0.064,0.197,1.63, 3.611,4474.947,,1.566,3.569,65.6956,,1.534,µs,60.32359099818434,3981.0801213430914
Server Offset SHM(0),-79.1723,11.3866,13.1879,18.2374,23.333, 24.9392,28.0183,,10.1451,13.5525,3.4514,,18.0722,ms,86.48552809522387,449.1147764678836
Server Offset SHM(1),-100105.547,-2.198,-0.435,0.005,0.517, 1.704,68.671,,0.952,3.902,1029.3401,,-14.8147,µs,-81.50249808135375,6588.281472841523
TDOP,0.57,0.66,0.72,1.08,6.73, 28.56,268.93,,6.01,27.9,9.2789,,2.5624, ,16.020941170264706,408.30248904163255
Temp ZONE0,46.85,47.95,49.05,54.55,58.4, 60.05,65.55,,9.35,12.1,3.0807,,54.102,°C,4592.223006972843,76871.89478388305
nSats,8.0,10.0,11.0,14.0,16.0, 16.0,16.0,,5.0,6.0,1.371,,13.4736,nSat,713.7953837677161,6524.520817961725
