Name,Min,1%,5%,50%,95%,99%,Max,,90% Range,98% Range,StdDev,,Mean,Units,Skewness,Kurtosis
Local Clock Frequency Offset,8.705,8.8887,8.942,9.0346,9.0822, 9.1073,9.1671,,0.1402,0.2185,0.045,,9.0254,ppm,7962258.728411131,1590022807.4916139
Local Clock Time Offset,-28.019,-2.102,-0.511,0.011,0.551, 1.759,12.419,,1.062,3.861,0.5952,,-0.0,µs,-6.9033569046166265,115.16231653641613
Local RMS Frequency Jitter,0.367,0.728,0.942,1.922,8.365, 18.545,77.407,,7.423,17.817,3.4449,,3.1288,ppb,4.059069175220203,32.604056678686746
Local RMS Time Jitter,0.043,0.117,0.151,0.298,1.086, 2.097,14.26,,0.935,1.98,0.4113,,0.4299,µs,5.555432495948303,66.63763714212624
Server Jitter SHM(0),0.1314,0.3424,0.5184,1.4125,3.3431, 5.0901,12.1115,,2.8247,4.7477,0.9304,,1.6078,ms,4.39441840680174,17.537449622970033
Server Jitter SHM(1),0.017,0.06,0.094,0.255,1.634, 3.59,28.042,,1.54,3.53,0.7115,,0.4757,µs,4.865260826120004,59.55511025553984
Server Offset SHM(0),3.139,12.312,13.6963,18.7202,23.7189, 25.1249,27.7696,,10.0226,12.813,3.2396,,18.487,ms,118.40775776625073,626.2572917093553
Server Offset SHM(1),-28.02,-2.103,-0.512,0.012,0.552, 1.76,12.42,,1.064,3.863,0.5957,,0.0,µs,-6.8974367518090585,114.89986671612455
TDOP,0.59,0.67,0.73,1.12,10.06, 43.09,127.53,,9.33,42.42,9.0991,,3.1621, ,6.557798471146501,74.98267508593909
Temp ZONE0,51.8,52.9,53.45,55.65,58.4, 60.05,62.8,,4.95,7.15,1.5747,,55.926,°C,41218.786523251096,1426254.5666865644
nSats,8.0,10.0,11.0,14.0,16.0, 16.0,16.0,,5.0,6.0,1.3537,,13.6805,nSat,781.805112405856,7357.133272743604
