Name,Min,1%,5%,50%,95%,99%,Max,,90% Range,98% Range,StdDev,,Mean,Units,Skewness,Kurtosis
Local Clock Frequency Offset,6.9737,7.1985,7.2773,7.5212,7.6673, 7.7095,7.8251,,0.39,0.511,0.1197,,7.5016,ppm,234846.62647453404,14496756.771695236
Local Clock Time Offset,-17.483,-2.205,-0.399,0.002,0.571, 1.704,7.864,,0.97,3.909,0.5891,,0.0002,µs,-7.40538339380895,101.1118273699649
Local RMS Frequency Jitter,0.243,0.569,0.759,1.71,8.93, 18.713,61.84,,8.171,18.144,3.5113,,3.0059,ppb,3.2842908527618597,20.929618819423016
Local RMS Time Jitter,0.031,0.089,0.121,0.272,1.236, 2.204,9.152,,1.115,2.115,0.4394,,0.4295,µs,3.729184982845361,28.026333890474472
Server Jitter SHM(0),0.2364,0.697,1.019,2.7687,9.5128, 14.1776,70.6249,,8.4938,13.4806,3.0601,,3.7586,ms,3.9182894295823947,33.504201946674804
Server Jitter SHM(1),0.0,0.048,0.075,0.208,1.647, 3.598,17.42,,1.572,3.55,0.7175,,0.4357,µs,4.136524993300895,41.213401690367185
Server Offset SHM(0),-74.9031,-54.6823,-44.7299,-12.4825,16.6147, 23.6554,61.2309,,61.3445,78.3377,19.5409,,-11.9345,ms,-9.122236723832051,25.410683986609534
Server Offset SHM(1),-17.484,-2.206,-0.4,0.003,0.572, 1.705,7.865,,0.972,3.911,0.5895,,0.0002,µs,-7.399263439091808,100.91277518986996
Temp ZONE0,47.4,47.95,49.05,52.35,56.2, 57.85,60.6,,7.15,9.9,2.0511,,52.3295,°C,14804.366599480214,364744.31980661233
