Name,Min,1%,5%,50%,95%,99%,Max,,90% Range,98% Range,StdDev,,Mean,Units,Skewness,Kurtosis
Local Clock Frequency Offset,8.699,8.9241,8.9642,9.063,9.1347, 9.1537,9.225,,0.1705,0.2295,0.0494,,9.0613,ppm,6089040.21073336,1111964864.058051
Local Clock Time Offset,-27.051,-2.109,-0.51,0.011,0.555, 1.778,14.331,,1.065,3.887,0.6008,,-0.0,µs,-6.807129589942197,115.14898280327066
Local RMS Frequency Jitter,0.307,0.714,0.925,1.916,8.494, 18.629,77.814,,7.569,17.915,3.4977,,3.1349,ppb,4.104672650552383,34.845423887818896
Local RMS Time Jitter,0.053,0.115,0.149,0.298,1.101, 2.128,12.565,,0.952,2.013,0.4162,,0.432,µs,5.318085747666483,58.79936007482404
Server Jitter SHM(0),0.1208,0.3404,0.5277,1.4329,3.3008, 5.0628,9.5447,,2.7732,4.7224,0.9141,,1.6164,ms,4.583452062346233,18.232722387107263
Server Jitter SHM(1),0.013,0.061,0.093,0.253,1.639, 3.646,25.653,,1.546,3.585,0.7207,,0.4769,µs,4.9152786567206475,61.06436659631525
Server Offset SHM(0),9.1424,12.5507,13.7641,18.7074,23.5471, 24.8285,27.622,,9.783,12.2778,3.1499,,18.4942,ms,130.23299917195385,707.9878958031647
Server Offset SHM(1),-27.052,-2.11,-0.511,0.012,0.556, 1.779,14.332,,1.067,3.889,0.6012,,0.0,µs,-6.801523770220312,114.89271651515463
TDOP,0.59,0.67,0.73,1.13,9.56, 27.69,231.4,,8.83,27.02,9.061,,2.9564, ,12.305619630675045,263.3937460680991
Temp ZONE0,51.25,52.9,53.45,55.65,57.85, 58.95,61.15,,4.4,6.05,1.3272,,55.6712,°C,68768.13450994951,2820789.1089094994
nSats,8.0,10.0,11.0,13.0,15.0, 16.0,16.0,,4.0,6.0,1.3298,,13.4561,nSat,785.2347047775166,7400.78692907671
