Name,Min,1%,5%,50%,95%,99%,Max,,90% Range,98% Range,StdDev,,Mean,Units,Skewness,Kurtosis
Local Clock Frequency Offset,8.8904,9.0649,9.121,9.2462,9.3294, 9.3681,9.4474,,0.2084,0.3033,0.0628,,9.2383,ppm,3116725.611101587,455307952.8275476
Local Clock Time Offset,-27.854,-2.276,-0.605,0.014,0.621, 1.922,13.828,,1.226,4.198,0.6374,,0.0,µs,-6.438037182553133,92.68066974588703
Local RMS Frequency Jitter,0.395,1.001,1.252,2.364,9.657, 18.343,82.744,,8.405,17.342,3.4892,,3.5576,ppb,4.2672506207318275,33.43116971220708
Local RMS Time Jitter,0.068,0.154,0.192,0.35,1.227, 2.077,12.8,,1.035,1.923,0.4201,,0.4829,µs,5.684177464633866,63.04792950600242
Server Jitter SHM(0),0.1131,0.3232,0.4924,1.3233,3.1873, 5.1093,9.0222,,2.6949,4.7861,0.9075,,1.5175,ms,4.306292310464592,17.56469781663377
Server Jitter SHM(1),0.02,0.082,0.125,0.333,1.813, 3.662,26.41,,1.688,3.58,0.7316,,0.5542,µs,4.815423230893356,55.50481037385827
Server Offset SHM(0),8.2278,12.3255,13.6619,18.7904,23.7145, 25.1612,30.1372,,10.0526,12.8357,3.2703,,18.5926,ms,116.92506402964409,615.9213661100365
Server Offset SHM(1),-27.855,-2.277,-0.606,0.015,0.622, 1.923,13.829,,1.228,4.2,0.6378,,0.0001,µs,-6.433040489798453,92.47317675333419
TDOP,0.63,0.7,0.75,1.16,9.48, 38.33,193.94,,8.73,37.63,9.733,,3.0571, ,9.359401958545373,147.84022111854534
Temp ZONE0,50.7,51.25,52.35,54.0,58.4, 58.95,60.05,,6.05,7.7,1.799,,54.5503,°C,25301.954851818602,744585.0420593835
nSats,9.0,10.0,11.0,14.0,16.0, 16.0,16.0,,5.0,6.0,1.3282,,13.5389,nSat,804.1211409065627,7638.009318868212
