Name,Min,1%,5%,50%,95%,99%,Max,,90% Range,98% Range,StdDev,,Mean,Units,Skewness,Kurtosis
Local Clock Frequency Offset,8.6093,8.7846,8.8278,8.9668,9.0655, 9.0869,9.151,,0.2377,0.3024,0.0747,,8.9563,ppm,1681274.4293662263,199945969.024308
Local Clock Time Offset,-22.299,-2.089,-0.482,0.007,0.535, 1.8,11.114,,1.017,3.889,0.5839,,0.0,µs,-6.398689046801918,90.4940588432525
Local RMS Frequency Jitter,0.302,0.675,0.879,1.846,8.279, 18.589,64.999,,7.4,17.914,3.4069,,3.0391,ppb,3.7246464275298075,26.061343357908545
Local RMS Time Jitter,0.045,0.107,0.141,0.286,1.079, 2.093,10.269,,0.938,1.986,0.3968,,0.4163,µs,4.6116341500661715,40.89803860639043
Server Jitter SHM(0),0.1314,0.3363,0.5156,1.3805,3.2625, 5.1352,8.7837,,2.7469,4.7989,0.9197,,1.574,ms,4.446643061223782,18.135932120953402
Server Jitter SHM(1),0.013,0.054,0.085,0.239,1.593, 3.584,21.452,,1.508,3.53,0.6982,,0.457,µs,4.47145912318335,46.73315570127623
Server Offset SHM(0),9.7005,12.2974,13.6522,18.6471,23.7715, 25.172,29.0327,,10.1193,12.8746,3.2533,,18.5264,ms,117.59964749981572,620.9273608342689
Server Offset SHM(1),-22.3,-2.09,-0.483,0.008,0.536, 1.801,11.115,,1.019,3.891,0.5844,,0.0001,µs,-6.39389755270508,90.30183036111119
TDOP,0.57,0.66,0.73,1.15,9.7, 34.08,161.01,,8.97,33.42,8.3178,,3.0656, ,8.179256432427817,118.97720967265877
Temp ZONE0,50.15,51.25,52.35,54.0,57.3, 58.95,61.7,,4.95,7.7,1.6416,,54.3931,°C,33279.469398486355,1072581.6418562254
nSats,5.0,10.0,11.0,14.0,16.0, 16.0,16.0,,5.0,6.0,1.284,,13.5771,nSat,905.9683186047138,8940.832757981543
