Name,Min,1%,5%,50%,95%,99%,Max,,90% Range,98% Range,StdDev,,Mean,Units,Skewness,Kurtosis
Local Clock Frequency Offset,7.1764,7.4839,7.5571,7.7632,7.8861, 7.9328,8.055,,0.329,0.4488,0.0992,,7.7504,ppm,458531.473168592,35370080.816167146
Local Clock Time Offset,-21.359,-2.231,-0.409,0.003,0.589, 1.705,8.04,,0.998,3.936,0.5958,,0.0001,µs,-7.589205370762726,106.1782866493496
Local RMS Frequency Jitter,0.222,0.579,0.778,1.74,9.0, 18.663,59.001,,8.222,18.084,3.5232,,3.0471,ppb,3.3071738200567866,21.310476685794175
Local RMS Time Jitter,0.037,0.088,0.121,0.275,1.247, 2.218,9.368,,1.126,2.13,0.4464,,0.434,µs,3.869262249230286,30.676493425735075
Server Jitter SHM(0),0.1398,0.4384,0.6657,1.5698,3.5499, 4.8674,10.0984,,2.8842,4.429,0.9182,,1.7655,ms,5.0546037948453,18.058970517167605
Server Jitter SHM(1),0.009,0.048,0.076,0.214,1.675, 3.656,21.339,,1.599,3.608,0.7258,,0.4436,µs,4.207958427750158,43.62706541588372
Server Offset SHM(0),-31.1292,-22.1606,-18.5756,-9.4725,0.4645, 5.1993,11.151,,19.0401,27.3598,5.8004,,-9.3434,ms,-25.465034027772703,88.66450827183063
Server Offset SHM(1),-21.36,-2.232,-0.41,0.004,0.59, 1.706,8.041,,1.0,3.938,0.5962,,0.0002,µs,-7.582734112897008,105.96573193256526
Temp ZONE0,47.95,49.05,50.15,52.9,57.85, 58.95,62.8,,7.7,9.9,2.27,,53.3511,°C,11463.029792089083,259510.79714605867
