Name,Min,1%,5%,50%,95%,99%,Max,,90% Range,98% Range,StdDev,,Mean,Units,Skewness,Kurtosis
Local Clock Frequency Offset,7.9992,8.178,8.3511,8.5597,8.6914, 8.7202,8.7924,,0.3403,0.5423,0.1005,,8.5553,ppm,595012.8269847123,50059729.469157174
Local Clock Time Offset,-18.542,-2.018,-0.448,0.006,0.565, 1.679,9.965,,1.013,3.697,0.5706,,0.0,µs,-6.4739100900079105,81.36282378477704
Local RMS Frequency Jitter,0.0,0.591,0.775,1.644,8.212, 18.484,51.26,,7.437,17.893,3.3582,,2.9358,ppb,3.221284371903252,19.499681690855464
Local RMS Time Jitter,0.039,0.092,0.124,0.255,1.057, 2.164,8.291,,0.933,2.072,0.3981,,0.3957,µs,3.9244241876624004,28.23785228947659
Server Jitter SHM(0),0.0,0.3993,0.6049,1.5069,3.5858, 5.5009,11.1708,,2.9809,5.1016,0.9846,,1.7255,ms,4.567339185841555,17.954260986891526
Server Jitter SHM(1),0.0,0.049,0.075,0.208,1.642, 3.488,18.441,,1.567,3.439,0.6901,,0.4361,µs,3.870643887491771,35.93006249217955
Server Offset SHM(0),8.1517,12.3987,13.6381,18.758,23.9795, 25.3166,27.9617,,10.3414,12.9179,3.2606,,18.7174,ms,120.77386612878941,642.5011785695134
Server Offset SHM(1),-178180.801,-2.019,-0.449,0.007,0.566, 1.68,9.966,,1.015,3.699,324.0229,,-0.5891,µs,-553.9074388581405,304598.73607197887
TDOP,0.65,0.68,0.76,1.19,7.89, 26.87,229.0,,7.13,26.19,9.9175,,2.9575, ,12.602461591812009,247.50629058049677
Temp ZONE0,48.5,49.05,50.15,54.0,58.95, 60.05,63.9,,8.8,11.0,2.7433,,54.5428,°C,6789.13074292267,129277.83990114665
nSats,5.0,5.0,10.0,13.0,15.0, 16.0,16.0,,5.0,11.0,2.0939,,13.1104,nSat,159.38380307337832,897.7765573312756
