Name,Min,1%,5%,50%,95%,99%,Max,,90% Range,98% Range,StdDev,,Mean,Units,Skewness,Kurtosis
Local Clock Frequency Offset,7.8286,7.9833,8.0233,8.3927,8.4855, 8.5231,16.5363,,0.4622,0.5398,0.1456,,8.3597,ppm,179741.18647031471,10150939.628485823
Local Clock Time Offset,-67.269,-2.166,-0.4,0.004,0.53, 1.66,43004.3,,0.93,3.826,316.4959,,3.6304,µs,100.33468825359799,11296.364758472186
Local RMS Frequency Jitter,0.0,0.525,0.694,1.594,8.256, 18.877,1555.621,,7.562,18.352,9.615,,2.9829,ppb,98.70484192147612,12756.416892647074
Local RMS Time Jitter,0.029,0.083,0.112,0.246,1.113, 2.26,15203.888,,1.001,2.177,78.945,,1.2172,µs,127.4619192186029,19013.84808333985
Server Jitter SHM(0),0.0,0.3704,0.5693,1.4171,3.5744, 5.6327,25.5973,,3.005,5.2623,1.0328,,1.6601,ms,5.036446562392265,40.59713096040608
Server Jitter SHM(1),0.0,0.041,0.063,0.186,1.648, 3.716,4473.064,,1.585,3.675,47.8217,,1.0562,µs,81.17356310387497,7205.491182566341
Server Offset SHM(0),8.3829,11.7486,13.3263,18.5874,23.8384, 25.4187,59.3964,,10.5121,13.67,3.3684,,18.4783,ms,103.85388407598865,531.2648519803683
Server Offset SHM(1),-67.27,-2.167,-0.401,0.005,0.531, 1.661,43004.3,,0.932,3.828,316.497,,3.632,µs,100.33355755467198,11296.196226645181
TDOP,0.59,0.67,0.73,1.12,6.52, 34.73,268.93,,5.79,34.06,9.0525,,2.5881, ,16.45095631757523,436.87206806816727
Temp ZONE0,47.4,47.95,49.05,54.55,58.4, 60.05,61.7,,9.35,12.1,2.7576,,54.4415,°C,6639.48659521001,125477.38023293666
nSats,5.0,5.0,6.0,14.0,15.0, 16.0,16.0,,9.0,11.0,2.37,,13.019,nSat,102.2026800842521,500.2938936578719
