Name,Min,1%,5%,50%,95%,99%,Max,,90% Range,98% Range,StdDev,,Mean,Units,Skewness,Kurtosis
Local Clock Frequency Offset,6.9737,7.3009,7.4121,7.5699,7.6916, 7.7549,7.9155,,0.2796,0.4539,0.0854,,7.5643,ppm,672348.933706239,58916649.809357196
Local Clock Time Offset,-18.0,-2.25,-0.404,0.001,0.612, 1.713,8.033,,1.016,3.963,0.6003,,0.0,µs,-7.635809707779099,105.95723284602421
Local RMS Frequency Jitter,0.221,0.561,0.755,1.73,9.018, 18.976,49.735,,8.263,18.415,3.5658,,3.0599,ppb,3.239302330560897,20.28915950435505
Local RMS Time Jitter,0.034,0.088,0.12,0.275,1.25, 2.239,9.338,,1.13,2.151,0.4497,,0.4357,µs,3.789106728253568,29.07625356359809
Server Jitter SHM(0),0.1946,0.5492,0.8415,1.9982,6.9666, 11.649,49.6075,,6.1252,11.0998,2.2199,,2.6666,ms,4.315773419136381,35.163247466197134
Server Jitter SHM(1),0.0,0.048,0.075,0.21,1.674, 3.644,18.0,,1.599,3.596,0.7317,,0.4422,µs,4.186214635202024,42.738963628961855
Server Offset SHM(0),-74.9031,-54.6785,-44.6953,-14.8779,-1.0328, 4.0187,24.4059,,43.6625,58.6972,13.2497,,-17.9839,ms,-21.037596070763286,75.78024639938037
Server Offset SHM(1),-18.0,-2.251,-0.405,0.002,0.613, 1.714,8.034,,1.018,3.965,0.6007,,0.0,µs,-7.629385253759467,105.74870805064519
Temp ZONE0,47.4,48.5,49.6,51.8,55.65, 57.3,60.6,,6.05,8.8,1.8213,,52.0942,°C,21113.805482856384,585145.3300011669
