Name,Min,1%,5%,50%,95%,99%,Max,,90% Range,98% Range,StdDev,,Mean,Units,Skewness,Kurtosis
Local Clock Frequency Offset,7.8286,7.9841,8.0312,8.4019,8.4903, 8.5226,16.5363,,0.4591,0.5386,0.1349,,8.3765,ppm,228165.9441115291,13950945.920912987
Local Clock Time Offset,-67.269,-2.161,-0.392,0.003,0.536, 1.657,43004.3,,0.928,3.818,316.4959,,3.6304,µs,100.33468840420936,11296.364768944972
Local RMS Frequency Jitter,0.0,0.509,0.677,1.556,8.303, 18.917,1555.621,,7.626,18.408,9.6196,,2.9681,ppb,98.55599712633482,12731.768272324183
Local RMS Time Jitter,0.029,0.081,0.11,0.242,1.12, 2.262,15203.888,,1.01,2.181,78.945,,1.2152,µs,127.46172540660204,19013.824549022884
Server Jitter SHM(0),0.0,0.3699,0.5663,1.4353,3.5947, 5.6214,25.5973,,3.0284,5.2515,1.0341,,1.6763,ms,5.034917679396394,40.30857934521075
Server Jitter SHM(1),0.0,0.041,0.063,0.182,1.657, 3.715,4473.064,,1.594,3.674,47.8217,,1.0531,µs,81.17305595365491,7205.454946470471
Server Offset SHM(0),8.3829,11.7794,13.2994,18.5726,23.7796, 25.3376,59.3964,,10.4802,13.5582,3.3559,,18.4711,ms,105.00423911630438,538.7018642947154
Server Offset SHM(1),-67.27,-2.162,-0.393,0.004,0.537, 1.658,43004.3,,0.93,3.82,316.497,,3.632,µs,100.3335576466739,11296.196232700673
TDOP,0.59,0.67,0.73,1.12,6.46, 28.56,268.93,,5.73,27.89,8.9531,,2.5359, ,16.966172155334277,456.7103202890877
Temp ZONE0,47.4,48.5,49.6,54.55,58.4, 60.05,61.7,,8.8,11.55,2.5219,,54.4752,°C,8804.356993285493,182636.492802812
nSats,5.0,5.0,5.0,13.0,15.0, 16.0,16.0,,10.0,11.0,2.453,,12.9252,nSat,88.69338379372952,415.4895770377764
