Name,Min,1%,5%,50%,95%,99%,Max,,90% Range,98% Range,StdDev,,Mean,Units,Skewness,Kurtosis
Local Clock Frequency Offset,8.3854,8.5752,8.6664,8.8067,8.8902, 8.9188,9.0234,,0.2238,0.3437,0.0671,,8.7972,ppm,2199964.2228724686,286157323.9212511
Local Clock Time Offset,-22.056,-1.915,-0.53,0.007,0.591, 1.75,12.968,,1.121,3.665,0.5719,,-0.0,µs,-6.049174529443792,82.21068567836666
Local RMS Frequency Jitter,0.319,0.726,0.929,1.882,8.174, 17.846,69.726,,7.245,17.12,3.2447,,3.0773,ppb,3.664502162793759,25.74601375176953
Local RMS Time Jitter,0.044,0.114,0.147,0.287,0.997, 2.024,10.015,,0.85,1.91,0.367,,0.4076,µs,4.668904409706815,40.604468549874085
Server Jitter SHM(0),0.1235,0.3507,0.5416,1.4111,3.3934, 5.3943,9.1346,,2.8518,5.0436,0.9542,,1.6249,ms,4.390513976954608,17.406240744778614
Server Jitter SHM(1),0.015,0.061,0.093,0.252,1.624, 3.366,20.734,,1.531,3.305,0.6686,,0.4693,µs,4.328762060693387,46.10515431094094
Server Offset SHM(0),11.1502,12.9111,13.9197,18.9805,23.7675, 25.0255,27.8091,,9.8478,12.1144,3.1643,,18.7593,ms,134.51195332236557,738.0610401685522
Server Offset SHM(1),-22.057,-1.916,-0.531,0.008,0.592, 1.75,12.969,,1.123,3.666,0.5724,,0.0,µs,-6.044682785946543,82.02075309462126
TDOP,0.62,0.66,0.73,1.11,9.3, 44.43,136.55,,8.57,43.77,8.6056,,3.0107, ,7.333603353660496,93.54152012247748
Temp ZONE0,48.5,50.7,51.25,53.45,55.1, 56.2,58.95,,3.85,5.5,1.1939,,53.5347,°C,84390.65869199352,3705459.1154539054
nSats,8.0,11.0,11.0,14.0,15.0, 16.0,16.0,,4.0,5.0,1.2508,,13.5735,nSat,985.4315129022967,9993.249288753948
