Name,Min,1%,5%,50%,95%,99%,Max,,90% Range,98% Range,StdDev,,Mean,Units,Skewness,Kurtosis
Local Clock Frequency Offset,8.3454,8.53,8.6723,8.7796,8.8435, 8.8669,8.9402,,0.1712,0.3369,0.0583,,8.7737,ppm,3343300.2410568194,499963787.36495245
Local Clock Time Offset,-15.726,-1.909,-0.531,0.011,0.587, 1.704,11.777,,1.118,3.613,0.5653,,-0.0,µs,-5.933903288896881,69.41428684355529
Local RMS Frequency Jitter,0.319,0.724,0.928,1.883,8.122, 17.635,63.65,,7.194,16.911,3.1862,,3.0634,ppb,3.505230690731531,22.061773708440974
Local RMS Time Jitter,0.044,0.115,0.147,0.287,0.99, 2.027,7.933,,0.843,1.912,0.3614,,0.4071,µs,4.374911523455781,31.584225946804395
Server Jitter SHM(0),0.1265,0.3796,0.5782,1.437,3.4905, 5.5537,10.5389,,2.9123,5.1741,0.9801,,1.6603,ms,4.472284723018581,18.324626290434935
Server Jitter SHM(1),0.012,0.061,0.093,0.252,1.621, 3.359,17.277,,1.528,3.298,0.6618,,0.4688,µs,4.042212859159431,37.635613766527555
Server Offset SHM(0),9.6704,12.4156,13.8804,18.7516,23.8279, 25.1052,29.367,,9.9475,12.6897,3.209,,18.7272,ms,127.62624384194939,689.9049414661955
Server Offset SHM(1),-15.727,-1.91,-0.532,0.012,0.588, 1.705,11.778,,1.12,3.615,0.5658,,0.0,µs,-5.929611217203228,69.25972384338795
TDOP,0.6,0.66,0.73,1.11,6.36, 22.88,137.81,,5.63,22.22,6.6311,,2.3625, ,9.890662755031167,157.88872522543224
Temp ZONE0,48.5,50.7,52.35,55.1,57.85, 58.95,61.15,,5.5,8.25,1.6646,,55.1962,°C,33355.75955694939,1075774.8251806146
nSats,6.0,10.0,11.0,14.0,15.0, 16.0,16.0,,4.0,6.0,1.3331,,13.5819,nSat,802.5881466501389,7612.768929959613
