Name,Min,1%,5%,50%,95%,99%,Max,,90% Range,98% Range,StdDev,,Mean,Units,Skewness,Kurtosis
Local Clock Frequency Offset,8.9218,9.0955,9.1369,9.2563,9.3356, 9.3736,9.4474,,0.1987,0.2781,0.0597,,9.2498,ppm,3656625.758111899,563391699.8305777
Local Clock Time Offset,-19.464,-2.282,-0.625,0.013,0.64, 1.93,10.003,,1.265,4.212,0.6438,,-0.0001,µs,-6.279244166400591,79.25090214265492
Local RMS Frequency Jitter,0.485,1.059,1.315,2.448,9.728, 18.654,58.03,,8.413,17.595,3.4842,,3.6322,ppb,4.152105427453698,28.511309529949685
Local RMS Time Jitter,0.086,0.163,0.201,0.36,1.232, 2.132,10.366,,1.031,1.969,0.415,,0.4919,µs,5.243754934763382,46.611269301458634
Server Jitter SHM(0),0.1349,0.3166,0.4963,1.3581,3.2591, 5.1358,9.0222,,2.7629,4.8193,0.9211,,1.5519,ms,4.300454166654428,17.315521544635374
Server Jitter SHM(1),0.024,0.086,0.131,0.347,1.819, 3.687,20.915,,1.688,3.601,0.7337,,0.5683,µs,4.632007839461407,46.495536882033
Server Offset SHM(0),8.2278,12.3291,13.6654,18.6259,23.4682, 24.8199,28.3219,,9.8028,12.4909,3.2034,,18.4279,ms,121.61617891705419,647.9402746113632
Server Offset SHM(1),-19.465,-2.283,-0.625,0.014,0.641, 1.931,10.004,,1.266,4.214,0.6442,,-0.0,µs,-6.274596404125787,79.07979543611702
TDOP,0.62,0.67,0.72,1.12,8.68, 26.77,193.94,,7.96,26.1,8.158,,2.6677, ,11.992810576267619,232.22673333595267
Temp ZONE0,50.7,51.25,52.35,54.55,58.4, 59.5,61.15,,6.05,8.25,1.9638,,54.8367,°C,19597.897792447675,529879.7709793492
nSats,9.0,10.0,11.0,14.0,16.0, 16.0,16.0,,5.0,6.0,1.2904,,13.5694,nSat,889.8644926433158,8733.174630466845
