Name,Min,1%,5%,50%,95%,99%,Max,,90% Range,98% Range,StdDev,,Mean,Units,Skewness,Kurtosis
Local Clock Frequency Offset,8.6093,8.7846,8.8279,8.9699,9.0668, 9.0892,9.151,,0.2389,0.3046,0.0751,,8.959,ppm,1657268.572261024,196148770.92646274
Local Clock Time Offset,-22.299,-2.089,-0.484,0.007,0.536, 1.795,11.114,,1.02,3.884,0.585,,0.0001,µs,-6.432993822987428,91.16023224960206
Local RMS Frequency Jitter,0.302,0.678,0.883,1.852,8.283, 18.637,64.999,,7.4,17.959,3.4124,,3.045,ppb,3.737395846870618,26.16425517692541
Local RMS Time Jitter,0.045,0.108,0.141,0.287,1.079, 2.097,10.269,,0.938,1.989,0.3978,,0.4171,µs,4.634967096888652,41.12847665191211
Server Jitter SHM(0),0.1314,0.3371,0.5165,1.3844,3.2688, 5.1311,8.6251,,2.7524,4.794,0.9194,,1.5776,ms,4.44020101257655,17.94555310868156
Server Jitter SHM(1),0.013,0.055,0.086,0.24,1.594, 3.591,21.452,,1.508,3.536,0.6994,,0.4582,µs,4.492716595138041,46.997774815229455
Server Offset SHM(0),9.7005,12.3003,13.6754,18.6844,23.8123, 25.1866,29.0327,,10.1369,12.8863,3.2594,,18.5642,ms,117.65289878601365,621.2058689215027
Server Offset SHM(1),-22.3,-2.09,-0.485,0.008,0.537, 1.796,11.115,,1.022,3.886,0.5854,,0.0001,µs,-6.428135599493688,90.96643416033929
TDOP,0.57,0.66,0.73,1.14,9.41, 34.08,161.01,,8.68,33.42,8.2949,,2.9728, ,8.252207806294775,120.46317090594327
Temp ZONE0,50.15,51.25,52.35,54.0,57.3, 58.95,61.7,,4.95,7.7,1.6439,,54.4296,°C,33207.12084627266,1069472.7885101687
nSats,5.0,10.0,11.0,14.0,16.0, 16.0,16.0,,5.0,6.0,1.2892,,13.5804,nSat,894.8709742150535,8796.206439597416
