Name,Min,1%,5%,50%,95%,99%,Max,,90% Range,98% Range,StdDev,,Mean,Units,Skewness,Kurtosis
Local Clock Frequency Offset,8.5918,8.761,8.8432,9.1467,9.2165, 9.2439,9.3127,,0.3733,0.4829,0.1132,,9.1034,ppm,501684.4123888023,39875712.7758442
Local Clock Time Offset,-23.613,-2.277,-0.573,0.011,0.584, 1.947,13.86,,1.157,4.224,0.6336,,-0.0,µs,-6.6756293450383115,98.99647261925641
Local RMS Frequency Jitter,0.434,0.825,1.041,2.151,9.704, 18.561,76.132,,8.663,17.736,3.5995,,3.4033,ppb,4.002614609691336,30.845144884263494
Local RMS Time Jitter,0.07,0.131,0.166,0.325,1.234, 2.121,13.684,,1.068,1.99,0.4328,,0.4642,µs,5.230553350715234,55.37482927545163
Server Jitter SHM(0),0.066,0.3417,0.5218,1.3847,3.2669, 5.1152,8.8087,,2.7451,4.7735,0.9181,,1.5788,ms,4.475769518325333,18.223838258477794
Server Jitter SHM(1),0.019,0.064,0.097,0.281,1.803, 3.69,21.641,,1.706,3.626,0.7523,,0.5158,µs,4.5674671657960735,51.05584755127938
Server Offset SHM(0),9.4928,12.1977,13.3272,18.5846,23.5673, 24.8853,27.8835,,10.2401,12.6875,3.2431,,18.3704,ms,115.48532261038379,606.141025914172
Server Offset SHM(1),-23.614,-2.278,-0.574,0.012,0.585, 1.948,13.861,,1.159,4.226,0.6341,,0.0,µs,-6.670576101156645,98.7933992930744
TDOP,0.62,0.69,0.77,1.13,9.69, 35.44,207.04,,8.92,34.75,10.386,,3.1812, ,10.106237542640143,171.19633426130974
Temp ZONE0,47.95,49.05,50.15,54.55,57.85, 58.95,60.6,,7.7,9.9,2.1739,,54.1279,°C,13720.914840184447,329610.97408334725
nSats,4.0,10.0,11.0,13.0,15.0, 16.0,16.0,,4.0,6.0,1.4266,,13.3938,nSat,614.378473722441,5346.415262691966
