Name,Min,1%,5%,50%,95%,99%,Max,,90% Range,98% Range,StdDev,,Mean,Units,Skewness,Kurtosis
Local Clock Frequency Offset,7.5273,7.728,7.7844,7.9837,8.0892, 8.1167,8.2101,,0.3048,0.3887,0.0916,,7.9671,ppm,636107.6229434268,54721366.357897416
Local Clock Time Offset,-14.111,-2.185,-0.406,0.002,0.481, 1.777,8.562,,0.887,3.962,0.5509,,-0.0,µs,-6.0941170019036255,69.8310656550137
Local RMS Frequency Jitter,0.249,0.513,0.67,1.567,8.652, 16.988,43.125,,7.982,16.475,3.2552,,2.8206,ppb,2.9290895601354254,17.05039861270264
Local RMS Time Jitter,0.038,0.079,0.104,0.234,1.055, 1.945,5.978,,0.951,1.866,0.3827,,0.3756,µs,3.4586172790660106,22.83829083556497
Server Jitter SHM(0),0.1075,0.3583,0.5455,1.4477,4.6382, 7.3027,17.3519,,4.0927,6.9444,1.4321,,1.8409,ms,3.925366940784651,21.53169655612281
Server Jitter SHM(1),0.004,0.036,0.054,0.174,1.658, 3.334,14.101,,1.604,3.298,0.6752,,0.4058,µs,3.3214543054923884,28.616195851516935
Server Offset SHM(0),1.2769,10.3804,12.4995,17.7273,22.732, 24.1928,27.1647,,10.2325,13.8124,3.3461,,17.5115,ms,88.35782950456384,428.00769308005397
Server Offset SHM(1),-14.112,-2.186,-0.407,0.003,0.482, 1.778,8.563,,0.889,3.964,0.5513,,0.0,µs,-6.090322300866534,69.70322743792565
TDOP,0.62,0.67,0.75,1.2,7.3, 28.98,216.87,,6.55,28.31,8.5638,,2.7556, ,12.364266474999246,257.33087577011264
Temp ZONE0,48.5,50.15,50.7,53.45,57.85, 58.95,60.05,,7.15,8.8,1.9878,,53.6863,°C,17671.903944386093,461692.09717145853
nSats,8.0,10.0,11.0,14.0,15.0, 16.0,16.0,,4.0,6.0,1.3205,,13.4457,nSat,801.1282270756691,7596.859846422911
