Name,Min,1%,5%,50%,95%,99%,Max,,90% Range,98% Range,StdDev,,Mean,Units,Skewness,Kurtosis
Local Clock Frequency Offset,8.5918,8.7609,8.8427,9.1376,9.2251, 9.2638,9.3143,,0.3824,0.5029,0.1183,,9.0972,ppm,437286.5654372568,33202383.213150207
Local Clock Time Offset,-41.734,-2.289,-0.583,0.013,0.594, 1.935,19.302,,1.177,4.224,0.6458,,-0.0,µs,-7.265870456534738,163.0217626000906
Local RMS Frequency Jitter,0.434,0.871,1.107,2.206,9.681, 18.841,117.506,,8.574,17.97,3.677,,3.4602,ppb,4.78580566485774,53.374691187128114
Local RMS Time Jitter,0.069,0.137,0.174,0.334,1.228, 2.129,19.786,,1.054,1.992,0.4482,,0.4729,µs,6.8108642308673195,115.86866657723617
Server Jitter SHM(0),0.066,0.3425,0.5327,1.3918,3.2581, 5.1292,8.8087,,2.7254,4.7867,0.913,,1.5826,ms,4.576445401408154,18.86323151929823
Server Jitter SHM(1),0.016,0.069,0.105,0.294,1.806, 3.689,40.457,,1.701,3.62,0.7655,,0.5279,µs,5.583922252356308,94.24522043415485
Server Offset SHM(0),9.347,12.5159,13.5633,18.8383,23.7695, 25.2187,28.6885,,10.2062,12.7028,3.2532,,18.6399,ms,120.01419181890881,637.0644406485056
Server Offset SHM(1),-41.735,-2.29,-0.584,0.014,0.595, 1.936,19.303,,1.179,4.226,0.6463,,0.0,µs,-7.259644960383732,162.65272849639285
TDOP,0.62,0.67,0.76,1.16,9.68, 29.5,128.41,,8.92,28.83,6.9118,,2.8114, ,8.065613601730849,117.06666517853166
Temp ZONE0,47.95,49.05,50.15,54.0,58.4, 59.5,61.15,,8.25,10.45,2.3786,,53.981,°C,10275.527020250427,224345.6512270262
nSats,4.0,10.0,11.0,13.0,16.0, 16.0,16.0,,5.0,6.0,1.4599,,13.4245,nSat,574.0545990072696,4889.591161228662
