Name,Min,1%,5%,50%,95%,99%,Max,,90% Range,98% Range,StdDev,,Mean,Units,Skewness,Kurtosis
Local Clock Frequency Offset,8.705,8.8892,8.9453,9.0359,9.0826, 9.1074,9.1671,,0.1373,0.2182,0.0442,,9.0271,ppm,8376470.104467155,1701253261.1707542
Local Clock Time Offset,-28.019,-2.101,-0.511,0.011,0.55, 1.757,12.419,,1.061,3.858,0.594,,-0.0,µs,-6.885293957902889,114.82451683115463
Local RMS Frequency Jitter,0.367,0.731,0.944,1.922,8.358, 18.502,77.407,,7.414,17.771,3.4342,,3.1263,ppb,4.054467972245108,32.58903303120311
Local RMS Time Jitter,0.043,0.118,0.151,0.298,1.085, 2.086,14.26,,0.934,1.968,0.4096,,0.4294,µs,5.569767315324795,67.24535323389888
Server Jitter SHM(0),0.1314,0.3422,0.5176,1.4144,3.3532, 5.0911,12.1115,,2.8355,4.749,0.9319,,1.6097,ms,4.390713613203419,17.50681376388283
Server Jitter SHM(1),0.017,0.061,0.094,0.255,1.633, 3.58,28.042,,1.539,3.519,0.7097,,0.4756,µs,4.857753436435376,59.5460373490729
Server Offset SHM(0),3.139,12.312,13.6976,18.7164,23.693, 25.1,27.7696,,9.9954,12.788,3.2321,,18.4767,ms,119.11033448067992,631.0352372776719
Server Offset SHM(1),-28.02,-2.102,-0.512,0.012,0.551, 1.758,12.42,,1.063,3.86,0.5944,,0.0,µs,-6.879383208415786,114.56172315434523
TDOP,0.63,0.67,0.73,1.12,10.06, 42.37,127.53,,9.33,41.7,9.069,,3.1675, ,6.612946283662286,75.9456218351355
Temp ZONE0,51.8,52.9,53.45,55.65,58.4, 60.05,62.8,,4.95,7.15,1.5531,,55.972,°C,43120.87805737666,1514600.5167635162
nSats,8.0,10.0,11.0,14.0,16.0, 16.0,16.0,,5.0,6.0,1.346,,13.6888,nSat,798.087926768883,7559.974667257774
