Name,Min,1%,5%,50%,95%,99%,Max,,90% Range,98% Range,StdDev,,Mean,Units,Skewness,Kurtosis
Local Clock Frequency Offset,-0.5797,9.0511,9.1196,9.2475,9.3145, 9.3557,9.4309,,0.1949,0.3046,0.0907,,9.2362,ppm,1024705.1890925511,103320552.05943136
Local Clock Time Offset,-116939.999,-2.357,-0.523,0.008,0.584, 1.954,81.939,,1.107,4.311,1356.4704,,-23.5764,µs,-69.56964869180244,4848.939046050536
Local RMS Frequency Jitter,0.0,0.761,0.969,2.032,9.679, 18.854,1882.182,,8.71,18.093,11.4295,,3.4251,ppb,104.11178330186357,13689.426249363301
Local RMS Time Jitter,0.059,0.123,0.158,0.315,1.235, 2.133,41344.533,,1.077,2.01,213.4895,,2.7958,µs,128.57405708832917,19340.415780562485
Server Jitter SHM(0),0.0,0.3241,0.4924,1.3604,3.4764, 5.582,37.9073,,2.984,5.2579,1.2134,,1.6074,ms,9.324425893781518,194.03601071519236
Server Jitter SHM(1),0.0,0.061,0.094,0.258,1.817, 3.788,4474.453,,1.723,3.727,84.6976,,2.2275,µs,47.389981281201756,2468.597477928101
Server Offset SHM(0),-102.4156,11.5619,13.4406,18.6251,23.508, 24.8721,27.817,,10.0674,13.3101,3.5661,,18.3793,ms,79.40246635529628,456.55560630205
Server Offset SHM(1),-116939.999,-2.359,-0.524,0.009,0.585, 1.955,81.94,,1.109,4.314,1356.4708,,-23.5782,µs,-69.5695990344981,4848.933788400736
TDOP,0.62,0.67,0.74,1.1,7.97, 31.12,140.25,,7.23,30.45,7.0038,,2.5472, ,9.047315155622991,139.7394795409776
Temp ZONE0,48.5,50.7,51.8,54.55,57.85, 59.5,61.15,,6.05,8.8,1.6479,,54.6144,°C,33304.26973706001,1073629.6535577537
nSats,6.0,10.0,11.0,14.0,15.0, 16.0,17.0,,4.0,6.0,1.373,,13.5348,nSat,720.9239271540841,6608.718395986591
