Name,Min,1%,5%,50%,95%,99%,Max,,90% Range,98% Range,StdDev,,Mean,Units,Skewness,Kurtosis
Local Clock Frequency Offset,8.3454,8.53,8.6721,8.7782,8.8398, 8.8661,8.9386,,0.1676,0.3361,0.0577,,8.7722,ppm,3444153.1813230207,520172320.5416701
Local Clock Time Offset,-15.726,-1.911,-0.531,0.011,0.589, 1.704,11.777,,1.12,3.615,0.5656,,-0.0,µs,-5.957480338723582,69.67795257200929
Local RMS Frequency Jitter,0.319,0.724,0.928,1.883,8.126, 17.627,63.65,,7.198,16.903,3.1881,,3.0651,ppb,3.5040553682123083,22.075123351949266
Local RMS Time Jitter,0.044,0.115,0.147,0.287,0.991, 2.025,7.933,,0.844,1.91,0.3619,,0.4074,µs,4.373170104262223,31.578573423490518
Server Jitter SHM(0),0.1265,0.3783,0.576,1.4341,3.4848, 5.5269,10.5389,,2.9088,5.1486,0.9776,,1.6558,ms,4.469857987378703,18.31332382316192
Server Jitter SHM(1),0.012,0.061,0.092,0.252,1.623, 3.359,17.277,,1.531,3.298,0.6624,,0.4689,µs,4.040467572406411,37.65152537561309
Server Offset SHM(0),9.6704,12.47,13.9406,18.8079,23.8394, 25.1168,29.367,,9.8988,12.6468,3.2021,,18.7674,ms,129.47493661064837,702.7583581068147
Server Offset SHM(1),-15.727,-1.912,-0.532,0.012,0.59, 1.705,11.778,,1.122,3.617,0.5661,,0.0,µs,-5.9531454777320745,69.52286435659128
TDOP,0.6,0.66,0.73,1.11,6.36, 22.88,137.81,,5.63,22.22,6.6311,,2.3626, ,9.890802286990173,157.89078033282243
Temp ZONE0,48.5,50.7,52.35,55.1,57.85, 58.95,61.15,,5.5,8.25,1.666,,55.1979,°C,33268.18672559492,1072013.9344470256
nSats,6.0,10.0,11.0,14.0,15.0, 16.0,16.0,,4.0,6.0,1.3239,,13.5712,nSat,818.7699223793644,7815.714598961408
