Name,Min,1%,5%,50%,95%,99%,Max,,90% Range,98% Range,StdDev,,Mean,Units,Skewness,Kurtosis
Local Clock Frequency Offset,7.5782,7.7559,7.8695,8.0255,8.1664, 8.2303,8.3251,,0.2969,0.4744,0.0928,,8.0239,ppm,624320.9351327752,53373866.977782264
Local Clock Time Offset,-15.303,-2.198,-0.416,0.001,0.506, 1.824,7.979,,0.922,4.022,0.5536,,0.0001,µs,-5.971383008784713,64.96375767094636
Local RMS Frequency Jitter,0.273,0.537,0.698,1.652,8.723, 17.048,42.94,,8.025,16.511,3.2251,,2.8859,ppb,2.8688240423559654,15.707704754126592
Local RMS Time Jitter,0.042,0.083,0.108,0.245,1.053, 1.899,6.09,,0.945,1.816,0.3717,,0.3815,µs,3.362803320018276,20.824318014786833
Server Jitter SHM(0),0.1386,0.3616,0.5586,1.4182,3.6108, 5.6199,23.462,,3.0522,5.2582,1.0645,,1.6687,ms,4.839593688406111,35.00580456152956
Server Jitter SHM(1),0.009,0.038,0.058,0.183,1.681, 3.342,14.89,,1.623,3.304,0.6708,,0.4155,µs,3.2025582500253145,26.2912062934955
Server Offset SHM(0),-7.8576,11.5054,13.3821,18.569,23.6976, 25.1319,27.5605,,10.3155,13.6264,3.3069,,18.3869,ms,108.4245730110847,558.2823914759355
Server Offset SHM(1),-15.304,-2.199,-0.417,0.002,0.507, 1.825,7.98,,0.924,4.024,0.554,,0.0001,µs,-5.967740876047521,64.84393682862449
TDOP,0.6,0.66,0.75,1.16,7.74, 34.29,125.51,,6.99,33.63,7.5899,,2.7882, ,7.641956960517938,100.15402166501381
Temp ZONE0,47.4,49.05,50.15,52.35,56.2, 58.4,60.05,,6.05,9.35,1.7437,,52.5119,°C,24770.1499764998,723858.5133161681
nSats,5.0,9.0,11.0,14.0,15.0, 16.0,16.0,,4.0,7.0,1.3519,,13.5834,nSat,766.8467630527807,7163.461086264172
