Name,Min,1%,5%,50%,95%,99%,Max,,90% Range,98% Range,StdDev,,Mean,Units,Skewness,Kurtosis
Local Clock Frequency Offset,8.6493,8.8526,8.9391,9.1701,9.2576, 9.2936,9.3729,,0.3186,0.441,0.092,,9.1454,ppm,952277.6113431216,93707186.39377996
Local Clock Time Offset,-27.583,-2.254,-0.561,0.013,0.586, 1.914,15.423,,1.147,4.168,0.6479,,-0.0001,µs,-7.081147986762787,132.90329744851726
Local RMS Frequency Jitter,0.347,0.828,1.069,2.16,9.626, 18.918,85.609,,8.557,18.09,3.7318,,3.4244,ppb,4.643645439090797,43.906211408857
Local RMS Time Jitter,0.061,0.132,0.17,0.328,1.227, 2.193,13.033,,1.057,2.061,0.4549,,0.4693,µs,5.926256346547329,69.80706740289696
Server Jitter SHM(0),0.1138,0.3488,0.534,1.3945,3.2945, 5.2063,9.4232,,2.7605,4.8575,0.9235,,1.5895,ms,4.4854323800289535,18.212101192502477
Server Jitter SHM(1),0.012,0.068,0.104,0.29,1.789, 3.7,26.022,,1.685,3.632,0.7736,,0.5236,µs,5.440606427835979,73.99147782442407
Server Offset SHM(0),11.087,12.7829,13.7216,18.8167,23.6327, 24.8558,28.197,,9.9111,12.073,3.2063,,18.549,ms,123.95297188386307,664.1281818577656
Server Offset SHM(1),-27.584,-2.255,-0.562,0.014,0.587, 1.915,15.424,,1.149,4.17,0.6483,,-0.0,µs,-7.075378938124971,132.61978477881303
TDOP,0.62,0.67,0.73,1.06,9.58, 42.8,202.56,,8.85,42.13,10.3634,,3.1132, ,9.347596898075585,159.69423564294274
Temp ZONE0,48.5,49.6,50.7,54.0,58.95, 59.5,60.6,,8.25,9.9,2.4689,,54.5719,°C,9461.918276413997,201031.20597608874
nSats,4.0,10.0,11.0,13.0,15.0, 16.0,16.0,,4.0,6.0,1.3941,,13.3262,nSat,651.9758728111877,5787.413287243919
