Name,Min,1%,5%,50%,95%,99%,Max,,90% Range,98% Range,StdDev,,Mean,Units,Skewness,Kurtosis
Local Clock Frequency Offset,8.1181,8.2614,8.3169,8.5084,8.6375, 8.6697,8.744,,0.3206,0.4084,0.0998,,8.4935,ppm,594321.9328531836,49982465.617022656
Local Clock Time Offset,-14.443,-2.139,-0.368,0.002,0.559, 1.689,8.613,,0.927,3.828,0.5823,,0.0001,µs,-6.670733818867327,80.5409057083559
Local RMS Frequency Jitter,0.239,0.497,0.651,1.425,8.481, 19.353,44.712,,7.83,18.856,3.5488,,2.8507,ppb,2.8741364783217307,16.532885700621147
Local RMS Time Jitter,0.036,0.079,0.107,0.231,1.158, 2.295,5.91,,1.051,2.216,0.4329,,0.3963,µs,3.235360970159572,19.67051071261676
Server Jitter SHM(0),0.0701,0.3786,0.5797,1.4213,3.4274, 5.4496,8.3615,,2.8476,5.071,0.9513,,1.6394,ms,4.528286427244793,18.137246315428886
Server Jitter SHM(1),0.01,0.042,0.063,0.173,1.693, 3.813,14.397,,1.63,3.771,0.7213,,0.4094,µs,3.5491015354708635,31.103507419160923
Server Offset SHM(0),8.941,12.3652,13.7795,18.9571,24.0043, 25.3353,28.4396,,10.2247,12.9701,3.2658,,18.7885,ms,121.63282209457459,647.9645830980928
Server Offset SHM(1),-14.444,-2.14,-0.369,0.003,0.56, 1.69,8.614,,0.929,3.83,0.5827,,0.0001,µs,-6.6662396160736614,80.40096477048466
TDOP,0.63,0.68,0.73,1.1,7.33, 32.37,125.39,,6.6,31.69,7.161,,2.7046, ,7.892977775128539,106.18083935954948
Temp ZONE0,49.05,50.15,50.7,53.45,56.2, 57.3,66.65,,5.5,7.15,1.8366,,53.4029,°C,22220.204805911497,626293.350553749
nSats,5.0,5.0,5.0,14.0,15.0, 16.0,16.0,,10.0,11.0,3.0043,,12.593,nSat,40.54189851980532,149.5127239085813
