Name,Min,1%,5%,50%,95%,99%,Max,,90% Range,98% Range,StdDev,,Mean,Units,Skewness,Kurtosis
Local Clock Frequency Offset,8.1748,8.384,8.5511,8.8575,8.9715, 9.0192,9.1023,,0.4205,0.6352,0.1287,,8.826,ppm,308888.0545999143,20889074.913215615
Local Clock Time Offset,-24.998,-2.016,-0.481,0.004,0.566, 1.797,17.088,,1.047,3.813,0.5877,,0.0001,µs,-6.76287805972787,125.25422046997916
Local RMS Frequency Jitter,0.0,0.623,0.827,1.799,8.31, 18.284,87.565,,7.483,17.661,3.4501,,3.0308,ppb,4.069569592836986,37.07079880408379
Local RMS Time Jitter,0.036,0.098,0.131,0.274,1.05, 2.057,11.273,,0.919,1.959,0.4007,,0.4048,µs,5.307393390437735,62.14922881940736
Server Jitter SHM(0),0.0,0.3321,0.5304,1.4038,3.3707, 5.2962,9.5374,,2.8404,4.9641,0.9446,,1.6138,ms,4.3795743621184196,17.346565106830838
Server Jitter SHM(1),0.0,0.05,0.078,0.228,1.622, 3.467,24.439,,1.544,3.417,0.7046,,0.4515,µs,4.9959434971355,68.94663487437282
Server Offset SHM(0),8.7442,13.0663,14.0243,19.0917,23.9355, 25.2178,28.6178,,9.9111,12.1516,3.1858,,18.9369,ms,135.68895110235758,746.2443929013259
Server Offset SHM(1),-224214.603,-2.017,-0.482,0.005,0.567, 1.799,17.089,,1.049,3.816,559.6128,,-1.4384,µs,-393.4006033787692,153334.27756168123
TDOP,0.61,0.66,0.73,1.07,6.25, 19.1,94.33,,5.52,18.44,5.0651,,2.1888, ,8.928324788660086,133.12146549806866
Temp ZONE0,46.85,47.95,49.05,53.45,55.65, 56.75,58.4,,6.6,8.8,1.858,,52.9369,°C,20860.003893039895,575693.4338517523
nSats,9.0,10.0,11.0,14.0,16.0, 16.0,16.0,,5.0,6.0,1.2954,,13.6746,nSat,901.0820796634092,8877.360425003339
