Name,Min,1%,5%,50%,95%,99%,Max,,90% Range,98% Range,StdDev,,Mean,Units,Skewness,Kurtosis
Local Clock Frequency Offset,6.9737,7.2836,7.4158,7.595,7.767, 7.8132,7.9545,,0.3512,0.5297,0.1057,,7.5987,ppm,356867.5178508977,25322896.07533031
Local Clock Time Offset,-18.655,-2.263,-0.409,0.001,0.625, 1.723,8.464,,1.034,3.986,0.6021,,-0.0,µs,-7.625301222534496,106.63012903357583
Local RMS Frequency Jitter,0.221,0.567,0.761,1.748,9.048, 18.846,51.541,,8.287,18.279,3.5632,,3.0763,ppb,3.2626337632928997,20.638636500436824
Local RMS Time Jitter,0.038,0.088,0.12,0.277,1.252, 2.219,9.338,,1.132,2.131,0.4489,,0.4373,µs,3.8209933839103156,29.827809069404427
Server Jitter SHM(0),0.1002,0.474,0.7328,1.7949,5.2812, 9.4126,17.5579,,4.5484,8.9386,1.6464,,2.2325,ms,3.9591937168361557,19.3222634932525
Server Jitter SHM(1),0.009,0.048,0.074,0.212,1.683, 3.635,18.698,,1.609,3.587,0.7324,,0.4447,µs,4.20881626736003,43.607469371234714
Server Offset SHM(0),-46.754,-36.6719,-31.0956,-11.5862,-0.7917, 4.3024,12.3734,,30.3039,40.9743,8.5713,,-12.6856,ms,-23.462634529740868,86.14256776324675
Server Offset SHM(1),-18.656,-2.264,-0.41,0.002,0.625, 1.724,8.465,,1.035,3.988,0.6026,,-0.0,µs,-7.618862478332723,106.41855634558064
Temp ZONE0,46.3,48.5,49.05,51.8,54.55, 55.65,56.75,,5.5,7.15,1.5889,,51.7603,°C,31581.11025563111,1000259.5640227976
