Name,Min,1%,5%,50%,95%,99%,Max,,90% Range,98% Range,StdDev,,Mean,Units,Skewness,Kurtosis
Local Clock Frequency Offset,8.8195,8.9917,9.0461,9.1722,9.2955, 9.3558,9.438,,0.2493,0.3641,0.0751,,9.1751,ppm,1776608.6485463919,215202937.12882435
Local Clock Time Offset,-31.148,-2.256,-0.611,0.013,0.61, 1.959,14.784,,1.221,4.215,0.6435,,-0.0001,µs,-6.440562718989851,102.53859816107841
Local RMS Frequency Jitter,0.412,0.829,1.112,2.329,9.699, 18.792,91.025,,8.587,17.963,3.5889,,3.5259,ppb,4.328998209694586,37.16819248929175
Local RMS Time Jitter,0.069,0.13,0.174,0.352,1.23, 2.123,14.554,,1.056,1.993,0.426,,0.4823,µs,5.522889511907597,62.1034583658877
Server Jitter SHM(0),0.1027,0.3443,0.5283,1.3638,3.15, 4.8647,9.1208,,2.6217,4.5203,0.8788,,1.5457,ms,4.643411863407514,19.109505236795332
Server Jitter SHM(1),0.013,0.066,0.105,0.32,1.81, 3.711,29.822,,1.705,3.645,0.7473,,0.543,µs,4.948552472219108,62.56332685689142
Server Offset SHM(0),8.0929,11.7008,13.1644,18.6168,23.5946, 24.9636,28.296,,10.4301,13.2628,3.3363,,18.3853,ms,105.25733171912185,537.2868822424825
Server Offset SHM(1),-31.149,-2.257,-0.612,0.014,0.611, 1.96,14.785,,1.223,4.217,0.644,,-0.0001,µs,-6.43575434554699,102.31469547143723
TDOP,0.63,0.68,0.75,1.09,11.85, 42.27,182.24,,11.1,41.59,9.9831,,3.4124, ,7.714598386709613,112.98815014522796
Temp ZONE0,49.05,50.15,51.25,53.45,57.3, 58.95,60.05,,6.05,8.8,1.7415,,53.4111,°C,26210.288415327148,780428.2018478367
nSats,5.0,10.0,11.0,13.0,15.0, 16.0,17.0,,4.0,6.0,1.3045,,13.4436,nSat,833.2242967270977,8003.557745592408
