Name,Min,1%,5%,50%,95%,99%,Max,,90% Range,98% Range,StdDev,,Mean,Units,Skewness,Kurtosis
Local Clock Frequency Offset,7.1764,7.4062,7.5339,7.7366,7.8761, 7.9286,8.0088,,0.3422,0.5224,0.1075,,7.7239,ppm,355798.17241757823,25221746.077572927
Local Clock Time Offset,-21.359,-2.248,-0.411,0.003,0.608, 1.703,8.464,,1.019,3.951,0.5976,,0.0002,µs,-7.510935305220633,102.89146911474079
Local RMS Frequency Jitter,0.222,0.57,0.772,1.754,9.041, 18.572,59.001,,8.269,18.002,3.5247,,3.0669,ppb,3.2762529957366295,20.887032205198963
Local RMS Time Jitter,0.037,0.087,0.12,0.277,1.252, 2.189,9.368,,1.132,2.102,0.4441,,0.4355,µs,3.7789915153016556,29.084266669956566
Server Jitter SHM(0),0.1398,0.4252,0.6428,1.5389,3.533, 4.8655,10.0984,,2.8902,4.4403,0.9232,,1.7403,ms,4.89256784758164,17.708443205192758
Server Jitter SHM(1),0.009,0.048,0.075,0.215,1.681, 3.633,21.339,,1.606,3.585,0.7264,,0.4454,µs,4.159135934619392,42.5056884399811
Server Offset SHM(0),-31.1292,-22.1464,-18.7067,-9.5092,0.309, 5.1017,11.151,,19.0157,27.2481,5.7975,,-9.422,ms,-25.83048289394971,90.36567157226428
Server Offset SHM(1),-21.36,-2.249,-0.412,0.004,0.609, 1.704,8.465,,1.021,3.953,0.598,,0.0002,µs,-7.504616165062592,102.68668183984884
Temp ZONE0,47.95,48.5,49.6,52.35,56.75, 58.95,62.8,,7.15,10.45,2.1602,,52.8331,°C,12979.166729835539,306161.5934670289
