Name,Min,1%,5%,50%,95%,99%,Max,,90% Range,98% Range,StdDev,,Mean,Units,Skewness,Kurtosis
Local Clock Frequency Offset,8.7031,8.9144,8.9799,9.1653,9.2839, 9.3502,9.4381,,0.304,0.4358,0.095,,9.1524,ppm,866920.4593051116,82680024.71127528
Local Clock Time Offset,-30.245,-2.267,-0.584,0.013,0.598, 1.956,12.645,,1.182,4.223,0.6378,,-0.0,µs,-6.592921937994735,105.70828586946266
Local RMS Frequency Jitter,0.412,0.82,1.083,2.229,9.699, 18.465,85.255,,8.616,17.645,3.5899,,3.4604,ppb,4.2599713298001305,36.250400309183476
Local RMS Time Jitter,0.069,0.129,0.17,0.337,1.224, 2.062,14.293,,1.054,1.933,0.4213,,0.4706,µs,5.3746845784760655,59.67469742452511
Server Jitter SHM(0),0.0697,0.3443,0.5308,1.3805,3.1943, 4.8472,8.7854,,2.6635,4.5028,0.8812,,1.5637,ms,4.624523325078219,18.374071835638812
Server Jitter SHM(1),0.013,0.065,0.103,0.302,1.813, 3.666,28.992,,1.71,3.601,0.7468,,0.5297,µs,4.910913854552308,61.44878415660789
Server Offset SHM(0),9.9934,11.9693,13.1327,18.6174,23.5784, 24.9238,28.296,,10.4457,12.9545,3.3295,,18.3496,ms,105.3225396485133,537.9220380610814
Server Offset SHM(1),-30.246,-2.268,-0.585,0.014,0.599, 1.957,12.646,,1.184,4.225,0.6382,,0.0,µs,-6.587848617240303,105.47937088914152
TDOP,0.63,0.68,0.74,1.18,9.12, 39.57,197.55,,8.38,38.89,10.2098,,3.1894, ,8.555392846359117,129.22393428414617
Temp ZONE0,48.5,49.6,50.15,52.9,57.85, 58.95,60.6,,7.7,9.35,2.0025,,53.135,°C,16726.422499284985,429132.47602789657
nSats,5.0,10.0,11.0,14.0,15.0, 16.0,16.0,,4.0,6.0,1.3161,,13.5205,nSat,824.5338608458663,7888.6395251520225
