Name,Min,1%,5%,50%,95%,99%,Max,,90% Range,98% Range,StdDev,,Mean,Units,Skewness,Kurtosis
Local Clock Frequency Offset,8.8002,9.0309,9.0992,9.1865,9.2308, 9.2485,9.3099,,0.1316,0.2176,0.0423,,9.1792,ppm,10108444.889178393,2185735257.209609
Local Clock Time Offset,-36.546,-2.101,-0.562,0.016,0.555, 1.758,16.543,,1.117,3.859,0.6221,,-0.0001,µs,-8.186010810679186,195.59794390334204
Local RMS Frequency Jitter,0.375,0.8,1.03,2.092,8.398, 18.834,102.238,,7.368,18.034,3.6184,,3.2504,ppb,5.188895663620547,58.61939628648783
Local RMS Time Jitter,0.061,0.128,0.166,0.329,1.103, 2.215,17.495,,0.937,2.087,0.4428,,0.4572,µs,7.05776738744378,110.88017387328371
Server Jitter SHM(0),0.1024,0.329,0.4949,1.32,3.3479, 5.2686,10.6907,,2.853,4.9396,0.9599,,1.5436,ms,4.085247451278219,16.73097870647142
Server Jitter SHM(1),0.017,0.068,0.105,0.285,1.622, 3.666,35.686,,1.517,3.598,0.7438,,0.5008,µs,6.367612507594001,108.25883306197797
Server Offset SHM(0),4.097,12.7128,13.9722,18.7611,23.4536, 24.7614,27.5844,,9.4814,12.0486,3.1233,,18.4939,ms,133.96968347637434,734.2222536686711
Server Offset SHM(1),-36.547,-2.102,-0.563,0.017,0.556, 1.759,16.544,,1.119,3.861,0.6226,,0.0,µs,-8.177659307477038,195.13140451321595
TDOP,0.64,0.68,0.73,1.09,7.04, 44.24,193.81,,6.31,43.56,10.6752,,2.9899, ,8.571403448372864,123.93990638173908
Temp ZONE0,50.7,52.9,54.0,56.75,58.95, 60.6,62.8,,4.95,7.7,1.538,,56.538,°C,45841.929877588635,1643221.0958433328
nSats,7.0,10.0,11.0,14.0,15.0, 16.0,16.0,,4.0,6.0,1.3159,,13.5089,nSat,822.8269254237512,7869.702210483472
