Name,Min,1%,5%,50%,95%,99%,Max,,90% Range,98% Range,StdDev,,Mean,Units,Skewness,Kurtosis
Local Clock Frequency Offset,6.9737,7.2074,7.2879,7.5234,7.6675, 7.7099,7.8251,,0.3796,0.5025,0.1161,,7.505,ppm,257937.0983944295,16427195.159732644
Local Clock Time Offset,-18.0,-2.211,-0.401,0.002,0.573, 1.71,8.033,,0.974,3.921,0.5938,,0.0001,µs,-7.557971936746423,106.92257767866023
Local RMS Frequency Jitter,0.243,0.572,0.762,1.716,8.938, 18.856,61.84,,8.176,18.284,3.5474,,3.02,ppb,3.3336370420702583,21.71433706224553
Local RMS Time Jitter,0.031,0.09,0.121,0.272,1.238, 2.227,9.338,,1.117,2.137,0.4461,,0.4313,µs,3.8981197450954608,31.532579190130882
Server Jitter SHM(0),0.2364,0.6925,1.0128,2.7084,9.4362, 14.0558,70.6249,,8.4234,13.3634,3.0377,,3.704,ms,3.95064176329713,34.302071903494614
Server Jitter SHM(1),0.0,0.048,0.075,0.209,1.651, 3.632,18.0,,1.576,3.584,0.7249,,0.4376,µs,4.230455230068477,43.51713532993109
Server Offset SHM(0),-74.9031,-54.6823,-44.7299,-12.5252,15.37, 21.8094,61.2309,,60.0999,76.4917,18.9836,,-12.496,ms,-9.669256785499005,27.446423921638026
Server Offset SHM(1),-18.0,-2.212,-0.402,0.003,0.574, 1.711,8.034,,0.976,3.923,0.5942,,0.0001,µs,-7.551622359490289,106.71122553677053
Temp ZONE0,47.4,47.95,49.05,52.35,56.2, 57.85,60.6,,7.15,9.9,2.0468,,52.3399,°C,14908.44347626039,368160.66677385586
