Name,Min,1%,5%,50%,95%,99%,Max,,90% Range,98% Range,StdDev,,Mean,Units,Skewness,Kurtosis
Local Clock Frequency Offset,6.9737,7.2955,7.3668,7.556,7.6749, 7.7255,7.8546,,0.3081,0.43,0.0925,,7.5423,ppm,522892.06398400804,42138739.37202854
Local Clock Time Offset,-18.0,-2.224,-0.402,0.002,0.59, 1.706,8.033,,0.992,3.93,0.5982,,0.0001,µs,-7.595470252653704,106.24655095708063
Local RMS Frequency Jitter,0.221,0.562,0.756,1.721,8.952, 19.113,61.84,,8.196,18.551,3.5775,,3.0375,ppb,3.302900235731334,21.106767923313324
Local RMS Time Jitter,0.034,0.088,0.12,0.273,1.241, 2.25,9.338,,1.121,2.162,0.4479,,0.433,µs,3.7770664947815296,28.386535037763142
Server Jitter SHM(0),0.1946,0.577,0.8736,2.168,8.2881, 12.8591,70.6249,,7.4145,12.2821,2.7252,,3.0652,ms,4.545031048294301,49.284891914808696
Server Jitter SHM(1),0.0,0.048,0.074,0.209,1.655, 3.677,18.0,,1.581,3.629,0.731,,0.4394,µs,4.2252221856845305,42.809794433282576
Server Offset SHM(0),-74.9031,-54.6823,-44.7299,-16.4433,0.3403, 7.4855,61.2309,,45.0701,62.1678,13.9125,,-18.329,ms,-19.727762348812515,68.5848097734268
Server Offset SHM(1),-18.0,-2.225,-0.403,0.003,0.591, 1.707,8.034,,0.994,3.932,0.5986,,0.0001,µs,-7.58912087161725,106.0385035533377
Temp ZONE0,47.4,48.5,49.6,51.8,55.65, 57.85,60.6,,6.05,9.35,1.866,,52.1604,°C,19662.648461752076,532209.9560376873
