Name,Min,1%,5%,50%,95%,99%,Max,,90% Range,98% Range,StdDev,,Mean,Units,Skewness,Kurtosis
Local Clock Frequency Offset,8.7031,8.9144,8.9799,9.1611,9.2835, 9.3502,9.4381,,0.3036,0.4359,0.0949,,9.1506,ppm,869786.0380362095,83044591.19703016
Local Clock Time Offset,-30.245,-2.273,-0.583,0.013,0.596, 1.954,12.645,,1.179,4.227,0.6367,,-0.0001,µs,-6.590897822434425,104.68443952417294
Local RMS Frequency Jitter,0.412,0.818,1.078,2.223,9.701, 18.427,85.255,,8.623,17.609,3.5855,,3.4528,ppb,4.2323960443236786,35.732088053788466
Local RMS Time Jitter,0.069,0.129,0.169,0.336,1.225, 2.066,14.293,,1.056,1.937,0.4211,,0.4697,µs,5.317741676611182,58.221581210526956
Server Jitter SHM(0),0.0697,0.3469,0.5332,1.3804,3.1972, 4.8817,8.7854,,2.664,4.5348,0.8834,,1.5657,ms,4.64712273279621,18.655839237388523
Server Jitter SHM(1),0.013,0.065,0.102,0.301,1.813, 3.661,28.992,,1.711,3.596,0.746,,0.5284,µs,4.8744428104879525,60.51302389280934
Server Offset SHM(0),9.9934,11.962,13.1535,18.5875,23.5781, 24.9238,28.296,,10.4246,12.9618,3.3185,,18.3572,ms,106.64667961715706,546.7120815719197
Server Offset SHM(1),-30.246,-2.274,-0.584,0.014,0.597, 1.955,12.646,,1.181,4.229,0.6371,,-0.0,µs,-6.585826490984774,104.45816636168996
TDOP,0.62,0.66,0.75,1.18,9.12, 39.57,197.55,,8.37,38.91,10.2121,,3.1969, ,8.555192833643797,129.1737444086208
Temp ZONE0,48.5,49.6,50.15,52.9,57.85, 58.95,60.6,,7.7,9.35,2.019,,53.1445,°C,16314.087695631248,415107.1832334996
nSats,4.0,9.0,11.0,14.0,15.0, 16.0,16.0,,4.0,7.0,1.363,,13.5172,nSat,734.7846578015672,6770.019264172802
