Name,Min,1%,5%,50%,95%,99%,Max,,90% Range,98% Range,StdDev,,Mean,Units,Skewness,Kurtosis
Local Clock Frequency Offset,8.514,8.668,8.7267,8.8263,8.911, 8.9438,9.0234,,0.1843,0.2758,0.0574,,8.8258,ppm,3557252.768884865,543071183.7009462
Local Clock Time Offset,-24.998,-1.905,-0.534,0.008,0.591, 1.758,17.088,,1.125,3.663,0.587,,-0.0,µs,-6.723891067449097,124.9806634951967
Local RMS Frequency Jitter,0.324,0.727,0.937,1.891,8.23, 17.981,87.565,,7.293,17.254,3.3814,,3.1034,ppb,4.335885392719662,41.46706445080854
Local RMS Time Jitter,0.054,0.115,0.149,0.289,1.003, 2.047,11.273,,0.854,1.932,0.3888,,0.4122,µs,5.782964301443794,70.81044772705677
Server Jitter SHM(0),0.1172,0.3403,0.5281,1.3875,3.357, 5.2708,9.1346,,2.8289,4.9305,0.9383,,1.599,ms,4.374459402883426,17.186152802935815
Server Jitter SHM(1),0.015,0.062,0.094,0.256,1.628, 3.392,24.439,,1.534,3.33,0.6928,,0.4746,µs,5.275393321287443,75.17211741142805
Server Offset SHM(0),11.1502,13.0267,14.0104,19.0801,23.7019, 24.9486,27.8091,,9.6916,11.9219,3.1341,,18.7988,ms,139.84751877159258,775.8335268204112
Server Offset SHM(1),-24.999,-1.906,-0.535,0.009,0.592, 1.759,17.089,,1.127,3.665,0.5875,,0.0,µs,-6.718077482959116,124.67758858553853
TDOP,0.62,0.67,0.75,1.19,9.82, 34.17,136.55,,9.07,33.5,8.2489,,3.0388, ,7.723405626998097,103.87223670656529
Temp ZONE0,50.15,51.25,51.8,53.45,55.1, 56.2,58.4,,3.3,4.95,1.0151,,53.5868,°C,139056.67067627565,7209620.999020426
nSats,8.0,10.0,12.0,14.0,15.0, 16.0,16.0,,3.0,6.0,1.2525,,13.5394,nSat,973.1818601780445,9830.188528322531
