Name,Min,1%,5%,50%,95%,99%,Max,,90% Range,98% Range,StdDev,,Mean,Units,Skewness,Kurtosis
Local Clock Frequency Offset,8.786,8.9615,9.0897,9.2825,9.3813, 9.4181,9.5007,,0.2916,0.4566,0.0976,,9.2614,ppm,828051.5655836766,77775059.34588178
Local Clock Time Offset,-20.702,-2.309,-0.513,0.006,0.558, 1.951,9.776,,1.071,4.26,0.6133,,-0.0001,µs,-6.341563413021987,78.84896312589235
Local RMS Frequency Jitter,0.423,0.794,0.999,1.993,9.723, 18.366,58.22,,8.724,17.572,3.4959,,3.2818,ppb,3.453384017436841,22.015259822663477
Local RMS Time Jitter,0.064,0.127,0.163,0.309,1.241, 2.018,8.761,,1.078,1.891,0.4035,,0.4491,µs,4.165614828010484,30.562072281569215
Server Jitter SHM(0),0.1118,0.3367,0.5045,1.3133,3.1485, 5.0149,9.1756,,2.6441,4.6782,0.8955,,1.5043,ms,4.423334750211025,18.625198902129476
Server Jitter SHM(1),0.012,0.059,0.093,0.254,1.805, 3.703,20.164,,1.712,3.644,0.7294,,0.4893,µs,3.9557274472009465,37.625773351382634
Server Offset SHM(0),8.9995,12.0883,13.5087,18.4458,23.3254, 24.7782,28.3499,,9.8167,12.6899,3.1952,,18.2918,ms,119.67791556848644,634.9045601596563
Server Offset SHM(1),-20.703,-2.31,-0.514,0.007,0.559, 1.952,9.777,,1.073,4.262,0.6137,,-0.0001,µs,-6.337203162358094,78.69491327637
TDOP,0.65,0.68,0.76,1.1,9.67, 44.35,158.68,,8.91,43.67,10.1073,,3.2134, ,6.897873352078262,82.2121948052426
Temp ZONE0,48.5,49.6,50.7,53.45,56.75, 58.4,60.05,,6.05,8.8,1.7321,,53.5913,°C,26928.699882715697,808975.8665289929
nSats,4.0,10.0,11.0,14.0,16.0, 16.0,16.0,,5.0,6.0,1.4096,,13.5264,nSat,660.0794525929057,5880.003117553047
