Name,Min,1%,5%,50%,95%,99%,Max,,90% Range,98% Range,StdDev,,Mean,Units,Skewness,Kurtosis
Local Clock Frequency Offset,8.3902,8.5385,8.5867,8.7045,8.8014, 8.8129,8.8733,,0.2147,0.2744,0.0639,,8.7052,ppm,2473491.7625168893,334550159.88112
Local Clock Time Offset,-14.018,-1.982,-0.504,0.008,0.584, 1.714,8.376,,1.088,3.696,0.5652,,-0.0,µs,-6.001315798605652,66.9074137783756
Local RMS Frequency Jitter,0.28,0.657,0.854,1.797,8.103, 17.72,45.703,,7.249,17.063,3.2268,,3.0198,ppb,3.2966242068804767,19.26342306851912
Local RMS Time Jitter,0.045,0.105,0.138,0.274,1.002, 2.044,6.24,,0.864,1.939,0.3682,,0.4005,µs,4.10005923595007,27.616133464716455
Server Jitter SHM(0),0.1377,0.3555,0.5642,1.4162,3.4902, 5.4825,8.9549,,2.926,5.127,0.9794,,1.6413,ms,4.335957472277435,17.32553708006333
Server Jitter SHM(1),0.011,0.056,0.085,0.236,1.642, 3.355,13.508,,1.557,3.299,0.6692,,0.4586,µs,3.826041098651672,33.42109271621532
Server Offset SHM(0),8.197,12.6317,13.9903,19.081,24.0616, 25.328,30.2035,,10.0713,12.6963,3.2447,,18.9458,ms,127.81532479629847,690.7511559508979
Server Offset SHM(1),-14.019,-1.983,-0.505,0.009,0.585, 1.715,8.377,,1.09,3.698,0.5657,,0.0,µs,-5.997065468645462,66.76636588031198
TDOP,0.59,0.67,0.72,1.03,7.7, 28.4,213.68,,6.98,27.73,8.3816,,2.591, ,12.906154916229685,274.0486325378542
Temp ZONE0,50.15,51.25,52.35,55.1,58.4, 58.95,62.25,,6.05,7.7,1.8025,,55.1114,°C,25958.087124259997,770358.4733216106
nSats,9.0,11.0,12.0,14.0,16.0, 16.0,16.0,,4.0,5.0,1.2043,,13.6922,nSat,1145.7891202541255,12197.111179410549
