Name,Min,1%,5%,50%,95%,99%,Max,,90% Range,98% Range,StdDev,,Mean,Units,Skewness,Kurtosis
Local Clock Frequency Offset,8.8534,9.0737,9.1233,9.2513,9.3516, 9.3937,9.4891,,0.2283,0.32,0.0668,,9.251,ppm,2601918.2510106973,357907328.3917773
Local Clock Time Offset,-27.37,-2.272,-0.63,0.016,0.628, 1.925,14.994,,1.258,4.197,0.6548,,-0.0,µs,-6.708158067412239,115.79416237121536
Local RMS Frequency Jitter,0.485,1.003,1.275,2.441,9.744, 18.908,82.706,,8.469,17.905,3.6125,,3.6273,ppb,4.780307618091445,44.64696199918061
Local RMS Time Jitter,0.084,0.155,0.196,0.364,1.225, 2.148,13.307,,1.029,1.993,0.4323,,0.4938,µs,6.202116142720489,75.98690752092163
Server Jitter SHM(0),0.1388,0.3347,0.5112,1.3788,3.3145, 5.1087,12.0275,,2.8033,4.774,0.9471,,1.5769,ms,4.4111968329616635,19.877863708746673
Server Jitter SHM(1),0.017,0.083,0.128,0.347,1.808, 3.699,25.993,,1.68,3.616,0.7543,,0.5683,µs,5.471132842247383,73.0552691060469
Server Offset SHM(0),3.1313,12.3975,13.5267,18.6196,23.4288, 24.9848,28.6811,,9.902,12.5873,3.2057,,18.2905,ms,118.34213573806967,625.8306179484835
Server Offset SHM(1),-27.371,-2.273,-0.631,0.017,0.629, 1.926,14.995,,1.26,4.199,0.6553,,0.0,µs,-6.7026954163410695,115.53010150026252
TDOP,0.64,0.68,0.72,1.09,7.28, 41.38,320.18,,6.56,40.7,12.3637,,2.9906, ,14.553060807654013,330.69250975132815
Temp ZONE0,49.6,51.25,51.8,54.0,58.4, 59.5,61.15,,6.6,8.25,2.0652,,54.3947,°C,16345.490517966813,416167.47587731114
nSats,4.0,10.0,11.0,14.0,16.0, 16.0,16.0,,5.0,6.0,1.4973,,13.5961,nSat,550.1534084209152,4611.776354677119
