Name,Min,1%,5%,50%,95%,99%,Max,,90% Range,98% Range,StdDev,,Mean,Units,Skewness,Kurtosis
Local Clock Frequency Offset,8.5918,8.761,8.8432,9.1441,9.2153, 9.2451,9.3127,,0.3722,0.4842,0.1139,,9.101,ppm,492053.7751108042,38858522.33463299
Local Clock Time Offset,-23.613,-2.286,-0.578,0.012,0.592, 1.944,13.86,,1.17,4.23,0.6363,,-0.0001,µs,-6.720871088106319,102.5326485736647
Local RMS Frequency Jitter,0.434,0.853,1.078,2.181,9.682, 18.615,76.132,,8.604,17.762,3.6026,,3.4298,ppb,4.1345676930109825,33.004269269803714
Local RMS Time Jitter,0.07,0.136,0.171,0.33,1.231, 2.126,13.684,,1.06,1.99,0.4341,,0.4689,µs,5.394703150249578,58.31781057447495
Server Jitter SHM(0),0.066,0.3402,0.5239,1.3842,3.2396, 5.0861,8.8087,,2.7157,4.7459,0.9114,,1.5741,ms,4.52760603834303,18.559362544041576
Server Jitter SHM(1),0.019,0.067,0.101,0.288,1.805, 3.684,21.641,,1.704,3.617,0.7527,,0.5217,µs,4.718051053677194,54.60470828449944
Server Offset SHM(0),9.4928,12.3229,13.4033,18.6275,23.5196, 24.8304,27.8835,,10.1163,12.5074,3.219,,18.4035,ms,119.11606317134175,630.7649213310442
Server Offset SHM(1),-23.614,-2.287,-0.579,0.013,0.593, 1.945,13.861,,1.172,4.232,0.6367,,-0.0,µs,-6.715694508164801,102.31883595754286
TDOP,0.62,0.69,0.77,1.16,9.72, 33.66,138.61,,8.95,32.97,7.7007,,2.914, ,8.066833855570971,116.81022769134658
Temp ZONE0,47.95,49.05,50.15,54.0,57.85, 58.95,60.6,,7.7,9.9,2.1776,,54.0245,°C,13568.834068626917,324762.615915499
nSats,4.0,10.0,11.0,13.0,16.0, 16.0,16.0,,5.0,6.0,1.4491,,13.4144,nSat,586.6923273889666,5031.741482469048
