Name,Min,1%,5%,50%,95%,99%,Max,,90% Range,98% Range,StdDev,,Mean,Units,Skewness,Kurtosis
Local Clock Frequency Offset,7.1165,7.3626,7.4571,7.6427,7.8183, 7.8741,8.0079,,0.3612,0.5116,0.1154,,7.6463,ppm,278026.1999205285,18154468.64254688
Local Clock Time Offset,-21.359,-2.243,-0.412,0.001,0.617, 1.718,8.464,,1.029,3.961,0.6001,,0.0001,µs,-7.516297228543355,104.94143748311923
Local RMS Frequency Jitter,0.221,0.565,0.768,1.759,9.036, 18.808,59.001,,8.268,18.243,3.5444,,3.0739,ppb,3.294114578139753,21.025795690051876
Local RMS Time Jitter,0.038,0.086,0.12,0.278,1.246, 2.205,9.331,,1.126,2.119,0.4451,,0.4358,µs,3.8111652111174217,29.151888951123098
Server Jitter SHM(0),0.1002,0.4495,0.6812,1.6388,3.7546, 5.0818,11.0291,,3.0734,4.6323,0.9755,,1.8537,ms,4.885743697433573,17.133241694190172
Server Jitter SHM(1),0.009,0.047,0.074,0.214,1.675, 3.631,21.339,,1.601,3.584,0.7285,,0.4452,µs,4.219373292345236,43.77943573407442
Server Offset SHM(0),-31.1292,-22.2511,-19.019,-10.2349,-0.17, 3.9358,10.0916,,18.8489,26.187,5.7619,,-10.0236,ms,-28.598716551801115,102.19759847435355
Server Offset SHM(1),-21.36,-2.244,-0.413,0.002,0.618, 1.719,8.465,,1.031,3.963,0.6005,,0.0001,µs,-7.5099847963252415,104.73173259883487
Temp ZONE0,46.3,48.5,49.05,51.8,55.1, 56.2,58.95,,6.05,7.7,1.7265,,51.9133,°C,24652.086565572365,719197.7716280395
