Name,Min,1%,5%,50%,95%,99%,Max,,90% Range,98% Range,StdDev,,Mean,Units,Skewness,Kurtosis
Local Clock Frequency Offset,8.3454,8.5071,8.6141,8.7983,8.8841, 8.9161,9.0234,,0.2699,0.409,0.08,,8.7817,ppm,1289091.4308523405,140319171.44899353
Local Clock Time Offset,-22.056,-1.919,-0.525,0.007,0.591, 1.75,12.968,,1.116,3.669,0.5728,,-0.0,µs,-5.978099747131764,79.03067867714537
Local RMS Frequency Jitter,0.319,0.722,0.925,1.878,8.164, 17.938,69.726,,7.239,17.216,3.254,,3.0773,ppb,3.6067648350047623,24.30684885546385
Local RMS Time Jitter,0.044,0.113,0.145,0.285,0.997, 2.038,10.015,,0.852,1.925,0.369,,0.407,µs,4.580864066125436,38.202840831839545
Server Jitter SHM(0),0.1235,0.3599,0.5464,1.409,3.3806, 5.385,9.1346,,2.8342,5.0251,0.9496,,1.6202,ms,4.437223357337697,17.759957027667088
Server Jitter SHM(1),0.015,0.06,0.091,0.249,1.623, 3.379,20.734,,1.532,3.319,0.6707,,0.4676,µs,4.2471765376922965,43.533295076993525
Server Offset SHM(0),11.1502,12.9481,13.8924,18.927,23.868, 25.1959,29.367,,9.9756,12.2477,3.1872,,18.7798,ms,131.81183115220003,719.3313998140297
Server Offset SHM(1),-22.057,-1.92,-0.526,0.008,0.592, 1.75,12.969,,1.118,3.67,0.5733,,0.0,µs,-5.973800608610479,78.85127752790451
TDOP,0.62,0.67,0.74,1.12,9.25, 44.43,136.55,,8.51,43.76,8.659,,3.0378, ,7.200877010739333,91.15452878183788
Temp ZONE0,48.5,50.15,51.25,53.45,55.1, 56.2,58.95,,3.85,6.05,1.2988,,53.4327,°C,64792.177031712745,2605535.433580049
nSats,6.0,10.0,11.0,14.0,16.0, 16.0,16.0,,5.0,6.0,1.3313,,13.4923,nSat,789.0401075604451,7447.73584589934
