Name,Min,1%,5%,50%,95%,99%,Max,,90% Range,98% Range,StdDev,,Mean,Units,Skewness,Kurtosis
Local Clock Frequency Offset,8.8002,9.0689,9.1216,9.1958,9.2332, 9.2522,9.3099,,0.1115,0.1833,0.0352,,9.189,ppm,17650752.43706383,4595827329.918027
Local Clock Time Offset,-36.546,-2.109,-0.554,0.015,0.55, 1.75,16.543,,1.104,3.859,0.6118,,-0.0001,µs,-8.033557411757116,192.17959857157587
Local RMS Frequency Jitter,0.346,0.748,0.972,2.062,8.356, 18.63,102.238,,7.384,17.882,3.5511,,3.2048,ppb,5.021194962011316,57.208493252636785
Local RMS Time Jitter,0.06,0.12,0.157,0.323,1.101, 2.146,17.495,,0.944,2.026,0.432,,0.4493,µs,6.926972162121603,113.09285929862216
Server Jitter SHM(0),0.1024,0.334,0.4977,1.3021,3.3274, 5.2516,10.6907,,2.8297,4.9176,0.9532,,1.5266,ms,4.1248270894516015,17.15625202640866
Server Jitter SHM(1),0.016,0.061,0.096,0.274,1.624, 3.645,35.686,,1.528,3.584,0.7322,,0.4907,µs,6.119320514742979,105.61508895090323
Server Offset SHM(0),4.097,12.6403,13.9377,18.8041,23.4644, 24.7348,28.2867,,9.5267,12.0945,3.1425,,18.546,ms,132.47386348000651,723.3736958380188
Server Offset SHM(1),-36.547,-2.11,-0.555,0.016,0.551, 1.75,16.544,,1.106,3.86,0.6123,,0.0,µs,-8.025436928723632,191.7162666239417
TDOP,0.63,0.67,0.74,1.14,5.95, 27.88,193.81,,5.21,27.21,9.0441,,2.5764, ,11.206733730655943,188.8052677314207
Temp ZONE0,50.7,53.45,54.55,56.75,58.95, 60.6,62.8,,4.4,7.15,1.4482,,56.5983,°C,55345.92465789384,2112113.877212032
nSats,7.0,10.0,11.0,14.0,15.0, 16.0,16.0,,4.0,6.0,1.3181,,13.551,nSat,826.7217645533426,7919.567810816287
