Name,Min,1%,5%,50%,95%,99%,Max,,90% Range,98% Range,StdDev,,Mean,Units,Skewness,Kurtosis
Local Clock Frequency Offset,8.4747,8.6046,8.7898,8.9069,9.0143, 9.0623,9.1262,,0.2246,0.4577,0.0787,,8.9035,ppm,1409841.6777269216,158110929.41828558
Local Clock Time Offset,-14.767,-2.099,-0.453,0.006,0.512, 1.789,9.997,,0.965,3.888,0.5703,,0.0001,µs,-6.247629863774943,78.71708629057244
Local RMS Frequency Jitter,0.302,0.623,0.82,1.761,8.267, 18.367,47.072,,7.447,17.744,3.3359,,2.9583,ppb,3.374994672634291,20.443143186388667
Local RMS Time Jitter,0.036,0.098,0.131,0.273,1.072, 2.05,8.676,,0.941,1.952,0.3858,,0.4034,µs,4.071323913040823,29.47359299813877
Server Jitter SHM(0),0.1261,0.3375,0.5166,1.3802,3.3075, 5.2191,9.2871,,2.791,4.8816,0.9325,,1.5819,ms,4.39697101359918,17.93104961858356
Server Jitter SHM(1),0.012,0.047,0.075,0.22,1.58, 3.521,14.421,,1.505,3.474,0.685,,0.438,µs,4.0354934611788575,37.24542042447826
Server Offset SHM(0),9.011,12.8709,13.8936,18.773,23.8535, 25.0442,27.8034,,9.9599,12.1734,3.2022,,18.6971,ms,127.87469679507933,691.8540042353605
Server Offset SHM(1),-14.768,-2.1,-0.454,0.007,0.513, 1.79,9.998,,0.967,3.89,0.5707,,0.0001,µs,-6.243179861323832,78.55727471094386
TDOP,0.57,0.68,0.74,1.18,8.67, 30.81,161.01,,7.93,30.13,7.8303,,2.8772, ,9.56881432810891,155.7159360568247
Temp ZONE0,48.5,50.15,51.25,54.0,57.85, 59.5,61.7,,6.6,9.35,1.9279,,54.184,°C,19996.597529906492,544280.8655579232
nSats,5.0,10.0,12.0,14.0,15.0, 16.0,16.0,,3.0,6.0,1.2364,,13.6465,nSat,1040.8677011928864,10738.952989957354
