Name,Min,1%,5%,50%,95%,99%,Max,,90% Range,98% Range,StdDev,,Mean,Units,Skewness,Kurtosis
Local Clock Frequency Offset,8.699,8.9185,8.9608,9.0499,9.1165, 9.1484,9.225,,0.1557,0.23,0.0448,,9.0462,ppm,8089967.510207117,1624116429.6023035
Local Clock Time Offset,-27.051,-2.107,-0.509,0.011,0.554, 1.779,14.331,,1.063,3.886,0.5948,,-0.0,µs,-6.683900965945891,111.6111758448687
Local RMS Frequency Jitter,0.389,0.715,0.929,1.913,8.452, 18.475,77.814,,7.523,17.76,3.4447,,3.1245,ppb,4.047914140693948,34.08746801336961
Local RMS Time Jitter,0.058,0.115,0.15,0.298,1.093, 2.084,12.565,,0.943,1.969,0.4059,,0.4297,µs,5.259522971887428,58.8650622120665
Server Jitter SHM(0),0.1462,0.3385,0.5225,1.4353,3.2903, 4.9902,9.5447,,2.7679,4.6517,0.9081,,1.6141,ms,4.572566587576993,17.925591749150925
Server Jitter SHM(1),0.016,0.061,0.094,0.254,1.638, 3.598,25.653,,1.544,3.537,0.7111,,0.4757,µs,4.812217755055125,59.239198478974856
Server Offset SHM(0),10.7555,12.8741,13.8374,18.7681,23.5802, 24.8522,27.7696,,9.7428,11.9781,3.1268,,18.514,ms,133.98220152649603,734.7589749665705
Server Offset SHM(1),-27.052,-2.108,-0.51,0.012,0.555, 1.78,14.332,,1.065,3.888,0.5953,,0.0,µs,-6.67843615342779,111.35861678309836
TDOP,0.59,0.67,0.74,1.15,10.76, 37.07,231.4,,10.02,36.4,10.4023,,3.2974, ,9.767897370763572,169.40748067202804
Temp ZONE0,51.25,52.9,53.45,55.65,58.4, 59.5,62.8,,4.95,6.6,1.4531,,55.7541,°C,52295.83822623795,1958485.2401160905
nSats,8.0,10.0,11.0,14.0,15.0, 16.0,16.0,,4.0,6.0,1.3417,,13.5142,nSat,773.4064906362872,7252.652783883706
