Name,Min,1%,5%,50%,95%,99%,Max,,90% Range,98% Range,StdDev,,Mean,Units,Skewness,Kurtosis
Local Clock Frequency Offset,8.7569,9.0292,9.0866,9.2595,9.3637, 9.3991,9.5007,,0.2771,0.3698,0.0868,,9.2429,ppm,1172181.0683149456,123614769.78746727
Local Clock Time Offset,-20.702,-2.321,-0.513,0.006,0.576, 1.964,9.776,,1.089,4.285,0.6177,,-0.0,µs,-6.409155695805427,81.06542170999082
Local RMS Frequency Jitter,0.432,0.799,0.996,2.017,9.694, 18.435,58.22,,8.698,17.636,3.5165,,3.3101,ppb,3.513218813180742,23.271355438290612
Local RMS Time Jitter,0.066,0.127,0.163,0.313,1.238, 2.023,8.761,,1.075,1.896,0.4051,,0.4522,µs,4.268617088194437,33.07913771596911
Server Jitter SHM(0),0.1118,0.3264,0.4908,1.3054,3.1974, 5.0636,9.1234,,2.7066,4.7372,0.9124,,1.5039,ms,4.266556772504395,17.68926654836976
Server Jitter SHM(1),0.013,0.062,0.095,0.255,1.821, 3.686,20.164,,1.726,3.624,0.7339,,0.4943,µs,3.9903652087688504,39.063246630373705
Server Offset SHM(0),7.3472,12.067,13.5174,18.4456,23.3366, 24.8475,28.3499,,9.8193,12.7805,3.1912,,18.2604,ms,119.49624572704204,633.7947597104752
Server Offset SHM(1),-20.703,-2.322,-0.514,0.007,0.577, 1.965,9.777,,1.091,4.287,0.6182,,0.0,µs,-6.404680505276032,80.90592231931744
TDOP,0.61,0.65,0.72,1.07,7.72, 32.27,140.25,,7.0,31.62,8.234,,2.7418, ,8.342936585503674,114.70989315457187
Temp ZONE0,48.5,50.15,51.25,53.45,56.75, 58.4,60.05,,5.5,8.25,1.6977,,53.6225,°C,28701.38205029167,880676.0317691448
nSats,4.0,10.0,11.0,14.0,16.0, 16.0,17.0,,5.0,6.0,1.448,,13.5104,nSat,601.943368624699,5201.236166370845
