Name,Min,1%,5%,50%,95%,99%,Max,,90% Range,98% Range,StdDev,,Mean,Units,Skewness,Kurtosis
Local Clock Frequency Offset,8.0592,8.1826,8.2749,8.4784,8.601, 8.6304,8.7146,,0.3261,0.4478,0.0954,,8.4642,ppm,674466.3116529463,59164134.684353516
Local Clock Time Offset,-14.443,-2.182,-0.367,0.002,0.569, 1.684,8.364,,0.936,3.866,0.5826,,-0.0001,µs,-6.681827642099929,78.29888273356529
Local RMS Frequency Jitter,0.246,0.488,0.638,1.424,8.513, 19.226,44.712,,7.875,18.738,3.5468,,2.8577,ppb,2.8048374761095887,15.81084978755001
Local RMS Time Jitter,0.034,0.077,0.105,0.23,1.171, 2.307,5.91,,1.066,2.23,0.4362,,0.3978,µs,3.1780181431807346,19.134062800638496
Server Jitter SHM(0),0.0701,0.3685,0.5604,1.4241,3.4468, 5.4519,9.0274,,2.8863,5.0835,0.9635,,1.6449,ms,4.427821839815395,17.638175681513374
Server Jitter SHM(1),0.01,0.04,0.061,0.171,1.711, 3.841,14.397,,1.65,3.801,0.722,,0.4098,µs,3.426629014221248,29.338544505165746
Server Offset SHM(0),9.3065,12.5455,13.9136,19.0933,24.0183, 25.2396,27.6992,,10.1046,12.694,3.231,,18.8918,ms,128.3954032624518,694.602224203117
Server Offset SHM(1),-14.444,-2.183,-0.368,0.003,0.57, 1.685,8.365,,0.938,3.868,0.583,,-0.0001,µs,-6.677371750538407,78.16477654720498
TDOP,0.59,0.67,0.73,1.14,7.82, 33.97,157.92,,7.09,33.3,7.4971,,2.8193, ,8.753791294584218,141.45664191584063
Temp ZONE0,48.5,49.6,50.7,54.0,56.2, 57.85,66.65,,5.5,8.25,1.8177,,53.6203,°C,23233.612856794985,664597.1697798477
nSats,5.0,5.0,5.0,13.0,15.0, 16.0,16.0,,10.0,11.0,3.1046,,12.4177,nSat,34.55925802214735,121.65074647513012
