Name,Min,1%,5%,50%,95%,99%,Max,,90% Range,98% Range,StdDev,,Mean,Units,Skewness,Kurtosis
Local Clock Frequency Offset,8.1181,8.2614,8.3169,8.5229,8.6413, 8.6709,8.744,,0.3244,0.4095,0.1064,,8.5038,ppm,492309.6674591921,38885644.831704654
Local Clock Time Offset,-14.443,-2.132,-0.368,0.003,0.556, 1.675,8.613,,0.924,3.807,0.5807,,0.0,µs,-6.756179841040516,82.26229727956807
Local RMS Frequency Jitter,0.239,0.496,0.651,1.426,8.447, 19.287,44.712,,7.796,18.791,3.5382,,2.8441,ppb,2.890052566845949,16.706988290344725
Local RMS Time Jitter,0.036,0.079,0.107,0.231,1.154, 2.29,5.91,,1.047,2.211,0.4322,,0.3958,µs,3.26057635859565,19.992283894985302
Server Jitter SHM(0),0.0701,0.3733,0.5767,1.4162,3.4341, 5.4205,8.0768,,2.8574,5.0472,0.952,,1.6344,ms,4.481781858421625,17.79295824947417
Server Jitter SHM(1),0.01,0.042,0.064,0.173,1.686, 3.807,14.397,,1.622,3.765,0.7196,,0.4088,µs,3.579552174820307,31.578366956939167
Server Offset SHM(0),8.941,12.4534,13.8255,18.9604,24.0356, 25.3406,28.4396,,10.2101,12.8872,3.2497,,18.8441,ms,124.89487748792521,670.4655320920807
Server Offset SHM(1),-14.444,-2.133,-0.369,0.004,0.557, 1.676,8.614,,0.926,3.809,0.581,,0.0001,µs,-6.751505756270877,82.11793754273603
TDOP,0.63,0.68,0.73,1.08,7.27, 32.37,125.39,,6.54,31.69,7.1895,,2.6841, ,7.862896122911354,105.13611021686614
Temp ZONE0,49.05,50.15,50.7,53.45,57.3, 57.85,66.65,,6.6,7.7,2.0903,,53.6539,°C,15086.008646072376,374004.4566598539
nSats,5.0,5.0,5.0,13.0,15.0, 16.0,16.0,,10.0,11.0,2.9213,,12.5853,nSat,44.56246078294909,169.2562011268897
