Name,Min,1%,5%,50%,95%,99%,Max,,90% Range,98% Range,StdDev,,Mean,Units,Skewness,Kurtosis
Local Clock Frequency Offset,8.3654,8.5042,8.609,8.9366,9.0197, 9.0493,9.1134,,0.4107,0.545,0.1207,,8.901,ppm,385165.69234534766,28034280.23249388
Local Clock Time Offset,-14.767,-2.1,-0.442,0.006,0.511, 1.752,9.082,,0.953,3.852,0.557,,-0.0001,µs,-6.13315593629204,71.39269746555661
Local RMS Frequency Jitter,0.217,0.609,0.796,1.722,8.263, 17.8,43.277,,7.467,17.191,3.2338,,2.9165,ppb,3.2131742301912145,18.697313060586023
Local RMS Time Jitter,0.035,0.096,0.126,0.265,1.067, 1.958,5.754,,0.941,1.862,0.3704,,0.3959,µs,3.7282266363215038,24.13765862881776
Server Jitter SHM(0),0.0,0.3474,0.5391,1.3914,3.4103, 5.3182,9.0856,,2.8711,4.9708,0.9511,,1.6048,ms,4.313556976849463,17.014231258882642
Server Jitter SHM(1),0.0,0.046,0.072,0.211,1.575, 3.424,14.421,,1.503,3.378,0.6682,,0.4296,µs,3.7523026355933435,32.90567219210472
Server Offset SHM(0),9.011,12.7624,13.9846,18.856,23.793, 24.9726,27.9278,,9.8084,12.2103,3.1992,,18.7305,ms,129.00679886794842,699.3213653164647
Server Offset SHM(1),-14.768,-2.101,-0.443,0.007,0.512, 1.753,9.083,,0.955,3.854,0.5575,,-0.0001,µs,-6.12886602325921,71.2477802905261
TDOP,0.61,0.68,0.73,1.1,7.07, 27.81,124.37,,6.34,27.13,6.7547,,2.5114, ,9.045073056997357,135.60889260800346
Temp ZONE0,47.4,49.05,50.15,55.1,58.95, 60.6,62.8,,8.8,11.55,2.6696,,54.8314,°C,7517.740179816629,148025.9948799753
nSats,9.0,11.0,12.0,14.0,16.0, 16.0,16.0,,4.0,5.0,1.1968,,13.746,nSat,1184.153782591353,12739.74046622157
