Name,Min,1%,5%,50%,95%,99%,Max,,90% Range,98% Range,StdDev,,Mean,Units,Skewness,Kurtosis
Local Clock Frequency Offset,7.7182,7.8713,8.0121,8.2734,8.4156, 8.4472,8.5343,,0.4036,0.5759,0.1231,,8.2599,ppm,289035.86259492,19118926.019193206
Local Clock Time Offset,-22.671,-2.189,-0.49,0.007,0.545, 1.777,12.911,,1.035,3.966,0.582,,0.0,µs,-6.784974859382955,112.92044243108228
Local RMS Frequency Jitter,0.347,0.675,0.875,1.88,8.76, 17.001,66.336,,7.885,16.326,3.3461,,3.0837,ppb,4.019719101337819,34.837801456209945
Local RMS Time Jitter,0.041,0.105,0.136,0.281,1.061, 1.963,10.108,,0.925,1.858,0.3979,,0.413,µs,5.170858537265472,55.80880195767572
Server Jitter SHM(0),0.1424,0.3475,0.5382,1.3906,3.5277, 5.4853,11.2045,,2.9895,5.1378,0.9864,,1.6235,ms,4.177421039518871,16.51760557255948
Server Jitter SHM(1),0.008,0.049,0.077,0.236,1.688, 3.331,22.221,,1.611,3.282,0.6957,,0.4601,µs,4.6829126734946245,59.99073136702307
Server Offset SHM(0),3.494,11.2966,12.9531,17.9187,22.8305, 24.3966,28.0758,,9.8774,13.1,3.2155,,17.824,ms,107.41274643224408,552.1341080581834
Server Offset SHM(1),-22.672,-2.19,-0.491,0.008,0.546, 1.778,12.912,,1.037,3.968,0.5824,,0.0001,µs,-6.779391709195698,112.66659515232185
TDOP,0.59,0.66,0.73,1.1,12.01, 47.95,122.04,,11.28,47.29,8.5965,,3.3414, ,5.2346389367904,54.708768170641235
Temp ZONE0,46.85,48.5,49.6,52.9,56.2, 57.85,64.45,,6.6,9.35,2.0323,,53.1915,°C,16028.093990191794,405391.34994213126
nSats,8.0,10.0,11.0,14.0,16.0, 16.0,16.0,,5.0,6.0,1.4157,,13.6148,nSat,664.9907018436984,5938.191545091008
