Name,Min,1%,5%,50%,95%,99%,Max,,90% Range,98% Range,StdDev,,Mean,Units,Skewness,Kurtosis
Local Clock Frequency Offset,7.3683,7.5028,7.7272,7.9104,7.9974, 8.0271,8.1263,,0.2702,0.5244,0.0981,,7.8877,ppm,501101.1278604069,39813816.2646377
Local Clock Time Offset,-15.434,-2.205,-0.434,0.002,0.515, 1.786,7.719,,0.949,3.991,0.5534,,0.0,µs,-6.025505021281083,64.76968435064532
Local RMS Frequency Jitter,0.0,0.526,0.689,1.653,8.766, 16.858,42.647,,8.077,16.332,3.2177,,2.8917,ppb,2.8297352002374456,15.434507885296389
Local RMS Time Jitter,0.031,0.082,0.108,0.246,1.071, 1.93,6.577,,0.963,1.848,0.3774,,0.3852,µs,3.304798057517556,20.33233636437219
Server Jitter SHM(0),0.0,0.3734,0.5659,1.5192,4.1246, 6.4773,22.1697,,3.5586,6.1039,1.2657,,1.8302,ms,4.447687571579976,27.441460157366034
Server Jitter SHM(1),0.0,0.036,0.056,0.184,1.692, 3.342,15.433,,1.636,3.306,0.6731,,0.4184,µs,3.165652158932377,25.876203362522162
Server Offset SHM(0),-5.712,-1.2403,3.578,17.7486,251.69, 264.7097,599421.1365,,248.112,265.95,3098.744,,48.4063,ms,187.91788724381829,36327.415358343846
Server Offset SHM(1),-15.435,-2.206,-0.435,0.003,0.516, 1.788,599124056.644,,0.951,3.994,1094919.8974,,2168.858,µs,538.9101324827848,294685.8505297307
TDOP,0.56,0.65,0.72,1.07,9.34, 40.21,208.87,,8.62,39.56,11.0865,,3.2234, ,9.394859823881134,144.3190524335917
Temp ZONE0,46.85,49.05,50.7,53.45,57.3, 58.95,60.6,,6.6,9.9,1.9539,,53.6507,°C,18600.320243598537,494244.51936056727
nSats,7.0,10.0,11.0,14.0,16.0, 16.0,16.0,,5.0,6.0,1.3631,,13.5525,nSat,741.5499991330161,6862.897751093927
