Name,Min,1%,5%,50%,95%,99%,Max,,90% Range,98% Range,StdDev,,Mean,Units,Skewness,Kurtosis
Local Clock Frequency Offset,8.786,8.9574,9.0635,9.2071,9.3692, 9.4016,9.4902,,0.3056,0.4442,0.0937,,9.2123,ppm,920581.1741845942,89572420.2985994
Local Clock Time Offset,-17.879,-2.324,-0.488,0.005,0.54, 1.953,9.271,,1.028,4.277,0.6117,,-0.0001,µs,-6.398018813798692,80.42793398220098
Local RMS Frequency Jitter,0.345,0.708,0.901,1.902,9.801, 18.419,50.186,,8.9,17.711,3.5439,,3.2104,ppb,3.3192364901626363,20.771790659279922
Local RMS Time Jitter,0.056,0.112,0.145,0.294,1.246, 2.05,7.522,,1.101,1.938,0.4143,,0.4376,µs,3.975216958820904,28.15735688991097
Server Jitter SHM(0),0.1265,0.3392,0.5084,1.3233,3.1863, 5.1069,8.1902,,2.6779,4.7677,0.9005,,1.5189,ms,4.414306039743035,18.11846635116777
Server Jitter SHM(1),0.012,0.051,0.08,0.234,1.804, 3.714,17.443,,1.724,3.663,0.7388,,0.4731,µs,3.851107380570585,35.94301975552272
Server Offset SHM(0),9.7948,12.1113,13.2935,18.461,23.4309, 24.9307,28.1263,,10.1374,12.8194,3.268,,18.2825,ms,110.79434245093483,574.8297516104922
Server Offset SHM(1),-17.88,-2.325,-0.489,0.006,0.541, 1.954,9.272,,1.03,4.279,0.6121,,-0.0001,µs,-6.39372411408255,80.27741073882632
TDOP,0.62,0.68,0.75,1.07,6.74, 26.4,158.68,,5.99,25.72,6.5272,,2.3249, ,11.298969199657657,220.63976585165707
Temp ZONE0,48.5,49.6,51.25,53.45,56.2, 58.95,60.6,,4.95,9.35,1.6324,,53.701,°C,32548.752852352598,1041308.1803736325
nSats,4.0,10.0,11.0,14.0,16.0, 16.0,16.0,,5.0,6.0,1.3955,,13.5294,nSat,682.3378453853453,6137.34293626585
