Name,Min,1%,5%,50%,95%,99%,Max,,90% Range,98% Range,StdDev,,Mean,Units,Skewness,Kurtosis
Local Clock Frequency Offset,-0.5797,9.0969,9.1472,9.2418,9.3078, 9.3503,9.4295,,0.1606,0.2534,0.0813,,9.2371,ppm,1430479.0708427692,161193283.69372696
Local Clock Time Offset,-116939.999,-2.251,-0.666,0.016,0.636, 1.879,81.939,,1.302,4.13,1356.4704,,-23.5764,µs,-69.56964803031276,4848.9389755048205
Local RMS Frequency Jitter,0.0,0.794,1.041,2.478,9.35, 18.931,1882.182,,8.309,18.137,11.4041,,3.6368,ppb,104.85800395263743,13812.411885026606
Local RMS Time Jitter,0.059,0.13,0.17,0.373,1.195, 2.202,41344.533,,1.025,2.072,213.4891,,2.8302,µs,128.57523035431385,19340.55268481895
Server Jitter SHM(0),0.0,0.3194,0.5028,1.3705,3.552, 5.6766,37.9073,,3.0492,5.3572,1.226,,1.6257,ms,9.120926275134046,186.24289884504245
Server Jitter SHM(1),0.0,0.068,0.105,0.322,1.762, 3.799,4474.453,,1.657,3.731,84.6965,,2.2759,µs,47.3935608075311,2468.723194324578
Server Offset SHM(0),-102.4156,11.9008,13.5232,18.6574,23.4578, 24.7575,27.3598,,9.9345,12.8567,3.5346,,18.3997,ms,82.14203951342213,476.008472573735
Server Offset SHM(1),-116939.999,-2.252,-0.667,0.017,0.637, 1.88,81.94,,1.304,4.132,1356.4708,,-23.5782,µs,-69.56959823541116,4848.933710606751
TDOP,0.65,0.69,0.75,1.14,9.69, 32.86,176.17,,8.94,32.17,8.8877,,2.9128, ,9.102773827067054,139.8487223233848
Temp ZONE0,50.7,52.35,52.9,55.65,58.95, 61.15,62.8,,6.05,8.8,1.9614,,55.8412,°C,20812.178677872736,574023.3091274023
nSats,5.0,10.0,11.0,14.0,15.0, 16.0,16.0,,4.0,6.0,1.4192,,13.4587,nSat,635.1128063301959,5587.652949515013
