Name,Min,1%,5%,50%,95%,99%,Max,,90% Range,98% Range,StdDev,,Mean,Units,Skewness,Kurtosis
Local Clock Frequency Offset,8.6093,8.7836,8.8202,8.9282,9.0436, 9.072,9.1395,,0.2233,0.2884,0.0686,,8.9302,ppm,2157977.873328402,278899662.121489
Local Clock Time Offset,-22.299,-2.082,-0.465,0.006,0.521, 1.791,11.114,,0.986,3.873,0.5752,,0.0,µs,-6.307939491778637,85.23355411413277
Local RMS Frequency Jitter,0.302,0.65,0.851,1.8,8.261, 18.466,64.999,,7.41,17.816,3.3605,,2.9887,ppb,3.537556175890112,23.044836064432634
Local RMS Time Jitter,0.044,0.103,0.136,0.279,1.072, 2.059,10.269,,0.936,1.956,0.3889,,0.4085,µs,4.3495619138023995,35.70002825182148
Server Jitter SHM(0),0.1261,0.3337,0.5119,1.3859,3.2908, 5.177,9.2871,,2.7789,4.8434,0.9295,,1.581,ms,4.420229792249457,18.178302583995016
Server Jitter SHM(1),0.013,0.051,0.081,0.23,1.576, 3.549,21.452,,1.495,3.498,0.6886,,0.4467,µs,4.25989313783513,42.250308039329354
Server Offset SHM(0),9.7005,12.7016,13.7986,18.7942,23.9024, 25.1894,29.0327,,10.1038,12.4878,3.2232,,18.7155,ms,125.50562872741511,675.2686800498128
Server Offset SHM(1),-22.3,-2.083,-0.466,0.007,0.522, 1.792,11.115,,0.988,3.875,0.5757,,0.0001,µs,-6.303316723849888,85.05464041487261
TDOP,0.57,0.66,0.73,1.15,8.22, 25.82,161.01,,7.49,25.16,6.6133,,2.6575, ,10.61431124116332,208.58105832582606
Temp ZONE0,50.15,51.25,51.8,54.0,57.3, 58.95,61.7,,5.5,7.7,1.5831,,54.1451,°C,36697.805305467875,1221803.222640112
nSats,5.0,10.0,12.0,14.0,15.0, 16.0,16.0,,3.0,6.0,1.2494,,13.5928,nSat,993.561808553261,10099.779367846299
