Name,Min,1%,5%,50%,95%,99%,Max,,90% Range,98% Range,StdDev,,Mean,Units,Skewness,Kurtosis
Local Clock Frequency Offset,8.2415,8.5242,8.6474,8.8545,8.9674, 9.0181,9.1023,,0.3199,0.4938,0.0961,,8.8409,ppm,754172.6393621232,68664210.22142231
Local Clock Time Offset,-24.998,-1.976,-0.498,0.006,0.569, 1.783,17.088,,1.067,3.759,0.5886,,0.0001,µs,-6.903805026257283,131.3254988823265
Local RMS Frequency Jitter,0.0,0.647,0.852,1.825,8.296, 18.14,87.565,,7.444,17.493,3.4432,,3.0491,ppb,4.203100023684987,39.36256110194119
Local RMS Time Jitter,0.043,0.102,0.135,0.279,1.037, 2.051,11.273,,0.902,1.949,0.3997,,0.407,µs,5.5467766050176905,66.56122818968981
Server Jitter SHM(0),0.0,0.3351,0.5352,1.4098,3.3834, 5.3193,9.5374,,2.8483,4.9842,0.9462,,1.6218,ms,4.392678099644406,17.29440729278972
Server Jitter SHM(1),0.0,0.052,0.082,0.237,1.623, 3.443,24.439,,1.541,3.391,0.7034,,0.4588,µs,5.180955104562144,73.49187850653105
Server Offset SHM(0),8.7442,13.0075,14.0213,19.0914,23.8889, 25.205,28.6178,,9.8675,12.1976,3.1745,,18.9201,ms,136.90092944402133,754.7680176907825
Server Offset SHM(1),-224214.603,-1.978,-0.499,0.007,0.57, 1.784,17.089,,1.069,3.762,559.6128,,-1.4383,µs,-393.4006010454643,153334.27643531855
TDOP,0.62,0.67,0.74,1.11,6.81, 17.86,94.33,,6.07,17.19,4.8653,,2.2152, ,9.49019434276052,150.93765758156653
Temp ZONE0,47.95,49.05,50.15,53.45,55.65, 56.75,58.4,,5.5,7.7,1.5496,,53.2369,°C,37208.23388224793,1244365.1178090847
nSats,8.0,10.0,11.0,14.0,16.0, 16.0,16.0,,5.0,6.0,1.2838,,13.654,nSat,923.106190038507,9166.282548115352
