Name,Min,1%,5%,50%,95%,99%,Max,,90% Range,98% Range,StdDev,,Mean,Units,Skewness,Kurtosis
Local Clock Frequency Offset,8.987,9.1235,9.164,9.223,9.2683, 9.2855,9.3855,,0.1043,0.162,0.0319,,9.2213,ppm,23801042.75140016,6846549955.995324
Local Clock Time Offset,-19.937,-2.094,-0.704,0.023,0.627, 1.753,12.233,,1.331,3.847,0.6251,,-0.0001,µs,-6.479558985301428,86.0140157773712
Local RMS Frequency Jitter,0.358,0.81,1.106,2.566,8.503, 18.777,62.998,,7.397,17.967,3.3758,,3.5345,ppb,4.425595341574687,31.97571724588917
Local RMS Time Jitter,0.059,0.131,0.179,0.393,1.12, 2.188,11.001,,0.941,2.057,0.4088,,0.4985,µs,5.6418753629092215,53.276531904945465
Server Jitter SHM(0),0.082,0.3288,0.4991,1.3568,3.5037, 5.4554,8.5392,,3.0046,5.1265,0.9898,,1.5885,ms,3.9754684889141148,15.469327167826677
Server Jitter SHM(1),0.016,0.072,0.116,0.353,1.648, 3.652,20.623,,1.532,3.58,0.7089,,0.5573,µs,4.972308827560332,52.44504969520497
Server Offset SHM(0),7.6116,12.2497,13.56,18.6147,23.406, 24.7566,28.2867,,9.8461,12.5069,3.1816,,18.3748,ms,123.20411413217653,658.6078798653401
Server Offset SHM(1),-19.938,-2.095,-0.705,0.024,0.628, 1.754,12.234,,1.333,3.849,0.6256,,0.0,µs,-6.474092687908915,85.81363608195093
TDOP,0.62,0.68,0.74,1.12,8.69, 29.58,176.17,,7.95,28.9,9.5102,,2.9256, ,9.42720769203067,137.95502791066554
Temp ZONE0,52.35,53.45,54.55,56.75,59.5, 61.7,62.8,,4.95,8.25,1.5741,,56.9469,°C,43639.47571902333,1538915.8570061736
nSats,3.0,10.0,11.0,14.0,16.0, 16.0,16.0,,5.0,6.0,1.4948,,13.4917,nSat,539.7369345596154,4502.872896680874
