Name,Min,1%,5%,50%,95%,99%,Max,,90% Range,98% Range,StdDev,,Mean,Units,Skewness,Kurtosis
Local Clock Frequency Offset,7.1165,7.3626,7.4571,7.645,7.8185, 7.8745,8.0079,,0.3614,0.5119,0.1153,,7.6477,ppm,278909.9740627308,18231432.33012865
Local Clock Time Offset,-21.359,-2.243,-0.412,0.002,0.616, 1.717,8.464,,1.028,3.96,0.6006,,0.0001,µs,-7.524703162697671,105.11685240559464
Local RMS Frequency Jitter,0.221,0.565,0.768,1.758,9.037, 18.871,59.001,,8.269,18.306,3.5488,,3.0744,ppb,3.2949279369445716,21.021911879830636
Local RMS Time Jitter,0.038,0.086,0.12,0.278,1.247, 2.211,9.331,,1.127,2.125,0.446,,0.436,µs,3.8085360299376148,29.085719702612984
Server Jitter SHM(0),0.1002,0.449,0.6796,1.6354,3.7486, 5.0842,11.0291,,3.069,4.6352,0.9748,,1.8511,ms,4.882524887496026,17.14467052492079
Server Jitter SHM(1),0.009,0.047,0.074,0.214,1.675, 3.636,21.339,,1.601,3.589,0.7293,,0.4453,µs,4.223372757619262,43.79841253009315
Server Offset SHM(0),-31.1292,-22.2511,-19.0042,-10.151,-0.17, 3.9358,10.0916,,18.8342,26.187,5.7457,,-9.9803,ms,-28.54356611506141,102.04573213290583
Server Offset SHM(1),-21.36,-2.244,-0.413,0.003,0.617, 1.718,8.465,,1.03,3.962,0.601,,0.0001,µs,-7.518385107868387,104.90712417229099
Temp ZONE0,46.3,48.5,49.05,51.8,55.1, 56.2,58.95,,6.05,7.7,1.7285,,51.9267,°C,24582.228620348626,716484.0318683364
