Name,Min,1%,5%,50%,95%,99%,Max,,90% Range,98% Range,StdDev,,Mean,Units,Skewness,Kurtosis
Local Clock Frequency Offset,8.3654,8.5179,8.6184,8.9259,9.0183, 9.048,9.1134,,0.3999,0.5301,0.1159,,8.8984,ppm,435594.8788886468,33031175.024975013
Local Clock Time Offset,-14.767,-2.104,-0.438,0.006,0.512, 1.76,9.082,,0.95,3.864,0.5594,,0.0001,µs,-6.217076597261428,73.3395422955715
Local RMS Frequency Jitter,0.217,0.607,0.794,1.718,8.285, 17.891,43.277,,7.491,17.284,3.2542,,2.9219,ppb,3.213309377169878,18.77628719314903
Local RMS Time Jitter,0.035,0.095,0.126,0.265,1.071, 1.972,5.754,,0.945,1.877,0.3735,,0.3965,µs,3.7426671859185374,24.455058658675494
Server Jitter SHM(0),0.0,0.3426,0.5346,1.3919,3.4067, 5.2954,9.0856,,2.8722,4.9528,0.9519,,1.6042,ms,4.302666860486912,17.02672774947582
Server Jitter SHM(1),0.0,0.046,0.072,0.21,1.583, 3.443,14.421,,1.511,3.397,0.6723,,0.4301,µs,3.7666133577612873,33.260182274243476
Server Offset SHM(0),9.011,12.7996,14.0257,18.9502,23.851, 24.9962,27.9278,,9.8253,12.1966,3.2026,,18.784,ms,129.77577974431162,704.6250357855203
Server Offset SHM(1),-14.768,-2.105,-0.439,0.007,0.513, 1.761,9.083,,0.952,3.866,0.5599,,0.0001,µs,-6.2126379370288785,73.19073959752302
TDOP,0.61,0.68,0.73,1.1,6.79, 27.81,124.37,,6.06,27.13,6.4641,,2.451, ,9.458780488825665,149.8375774175182
Temp ZONE0,47.4,49.05,50.15,55.1,58.95, 60.6,62.8,,8.8,11.55,2.6477,,54.8044,°C,7702.817668979708,152895.22070101617
nSats,9.0,11.0,12.0,14.0,16.0, 16.0,16.0,,4.0,5.0,1.1938,,13.7515,nSat,1195.1131863428855,12895.418171816074
