Name,Min,1%,5%,50%,95%,99%,Max,,90% Range,98% Range,StdDev,,Mean,Units,Skewness,Kurtosis
Local Clock Frequency Offset,8.7031,8.9564,9.0117,9.1769,9.2901, 9.3515,9.4381,,0.2784,0.3951,0.0842,,9.1693,ppm,1254837.5834024816,135370577.64531326
Local Clock Time Offset,-21.484,-2.272,-0.595,0.013,0.602, 1.953,12.645,,1.197,4.225,0.637,,-0.0,µs,-6.285471868956363,87.82572089091343
Local RMS Frequency Jitter,0.412,0.824,1.096,2.27,9.687, 18.541,68.13,,8.591,17.717,3.5587,,3.4835,ppb,4.113871351227431,31.591231137167327
Local RMS Time Jitter,0.069,0.129,0.172,0.344,1.226, 2.085,9.415,,1.054,1.956,0.4177,,0.4759,µs,5.027990777682034,45.66728671875694
Server Jitter SHM(0),0.0697,0.3379,0.5173,1.3543,3.1636, 4.8618,8.7583,,2.6463,4.5239,0.8784,,1.5356,ms,4.54217975541709,18.268724664842445
Server Jitter SHM(1),0.013,0.066,0.104,0.31,1.815, 3.683,21.116,,1.711,3.617,0.7416,,0.5351,µs,4.685668320855205,52.26941909405257
Server Offset SHM(0),9.9934,11.9665,13.132,18.6452,23.5394, 24.8527,28.296,,10.4074,12.8862,3.3373,,18.3398,ms,104.30690496328185,531.1300818898776
Server Offset SHM(1),-21.485,-2.273,-0.596,0.014,0.603, 1.954,12.646,,1.199,4.227,0.6374,,0.0001,µs,-6.28095914099307,87.64127316454537
TDOP,0.63,0.68,0.75,1.16,10.72, 39.57,197.55,,9.97,38.89,10.0666,,3.276, ,8.53912165118689,132.7116564014091
Temp ZONE0,48.5,50.15,50.7,53.45,57.85, 58.95,60.6,,7.15,8.8,1.8988,,53.3789,°C,20009.94374876946,544782.4440229567
nSats,5.0,10.0,12.0,14.0,15.0, 16.0,16.0,,3.0,6.0,1.2857,,13.5504,nSat,895.916291072371,8805.16788218893
