Name,Min,1%,5%,50%,95%,99%,Max,,90% Range,98% Range,StdDev,,Mean,Units,Skewness,Kurtosis
Local Clock Frequency Offset,8.3454,8.5071,8.6136,8.7878,8.8521, 8.8802,8.9617,,0.2384,0.3731,0.0731,,8.7694,ppm,1687466.9558060048,200928018.46486834
Local Clock Time Offset,-16.091,-1.92,-0.535,0.01,0.591, 1.718,11.777,,1.126,3.638,0.5714,,-0.0,µs,-6.116458378368125,76.67111077813374
Local RMS Frequency Jitter,0.319,0.74,0.947,1.908,8.135, 17.722,63.65,,7.188,16.982,3.2241,,3.0925,ppb,3.6145519268340274,23.74263051249756
Local RMS Time Jitter,0.044,0.116,0.149,0.29,0.999, 2.038,7.933,,0.85,1.922,0.367,,0.4107,µs,4.504220192299616,34.21150328262301
Server Jitter SHM(0),0.1235,0.3706,0.5672,1.4284,3.4598, 5.4888,10.5389,,2.8926,5.1182,0.9704,,1.6503,ms,4.4601475011091996,18.118774471362176
Server Jitter SHM(1),0.013,0.062,0.094,0.255,1.626, 3.367,17.277,,1.532,3.305,0.6681,,0.4722,µs,4.207523245340718,41.35750420561723
Server Offset SHM(0),9.6704,12.506,13.7284,18.7516,23.9325, 25.1808,29.367,,10.2041,12.6748,3.2445,,18.7091,ms,122.61985537071216,655.2004709436183
Server Offset SHM(1),-16.092,-1.921,-0.536,0.011,0.592, 1.719,11.778,,1.128,3.64,0.5718,,0.0,µs,-6.111793869902607,76.49687480088936
TDOP,0.6,0.66,0.73,1.1,8.27, 25.45,137.81,,7.54,24.79,7.5067,,2.6459, ,9.149731106160903,140.13036389620245
Temp ZONE0,48.5,50.15,51.25,54.55,57.85, 58.95,61.15,,6.6,8.8,1.9363,,54.5115,°C,20101.205527673625,548034.8782254923
nSats,6.0,10.0,11.0,14.0,15.0, 16.0,16.0,,4.0,6.0,1.3113,,13.5919,nSat,848.7419208796522,8196.90944671145
