Name,Min,1%,5%,50%,95%,99%,Max,,90% Range,98% Range,StdDev,,Mean,Units,Skewness,Kurtosis
Local Clock Frequency Offset,8.0592,8.1826,8.278,8.4678,8.5948, 8.6294,8.7146,,0.3168,0.4468,0.0909,,8.4576,ppm,779235.8867838626,71723251.07074215
Local Clock Time Offset,-14.443,-2.186,-0.368,0.002,0.572, 1.687,8.364,,0.94,3.873,0.5835,,0.0,µs,-6.664958568747488,77.8691188050928
Local RMS Frequency Jitter,0.233,0.491,0.642,1.434,8.513, 19.226,44.712,,7.871,18.735,3.5483,,2.8671,ppb,2.812137174851694,15.876242672459838
Local RMS Time Jitter,0.034,0.077,0.106,0.231,1.17, 2.309,5.91,,1.064,2.232,0.436,,0.3988,µs,3.171383199677212,19.006857237475348
Server Jitter SHM(0),0.0701,0.369,0.5655,1.4252,3.4429, 5.4209,9.0274,,2.8775,5.0519,0.9605,,1.6455,ms,4.447523512393894,17.67506674209525
Server Jitter SHM(1),0.01,0.04,0.062,0.172,1.712, 3.833,14.397,,1.65,3.793,0.7227,,0.4112,µs,3.4273774312750853,29.30951981148333
Server Offset SHM(0),9.3065,12.3276,13.8296,18.9923,23.9759, 25.2252,27.6992,,10.1463,12.8976,3.2456,,18.8221,ms,124.92147566363458,670.4729508538959
Server Offset SHM(1),-14.444,-2.187,-0.369,0.003,0.573, 1.688,8.365,,0.942,3.875,0.5839,,0.0001,µs,-6.6605300137959915,77.73585652621185
TDOP,0.59,0.67,0.73,1.13,7.55, 30.85,157.92,,6.82,30.18,6.8128,,2.6546, ,9.806268821159426,180.83180744827038
Temp ZONE0,48.5,49.6,50.7,54.0,56.2, 57.85,59.5,,5.5,8.25,1.7328,,53.5962,°C,26900.193856552585,807793.564053726
nSats,5.0,5.0,5.0,13.0,15.0, 16.0,16.0,,10.0,11.0,3.0558,,12.4923,nSat,37.225618820678996,133.8948520101647
