Name,Min,1%,5%,50%,95%,99%,Max,,90% Range,98% Range,StdDev,,Mean,Units,Skewness,Kurtosis
Local Clock Frequency Offset,7.7049,7.8765,7.9604,8.1852,8.3221, 8.3516,8.4211,,0.3617,0.4751,0.1047,,8.173,ppm,457786.9067930076,35293565.70757234
Local Clock Time Offset,-19.437,-2.211,-0.456,0.004,0.526, 1.792,9.402,,0.982,4.003,0.5592,,-0.0,µs,-6.059346150397794,68.72921039694418
Local RMS Frequency Jitter,0.334,0.61,0.789,1.75,8.807, 16.605,56.893,,8.018,15.995,3.2038,,2.9751,ppb,3.0689411720342106,18.413689760196263
Local RMS Time Jitter,0.051,0.095,0.123,0.26,1.06, 1.89,9.017,,0.937,1.795,0.3718,,0.3945,µs,3.756140788993862,27.50795623247402
Server Jitter SHM(0),0.1011,0.335,0.515,1.3819,3.6518, 5.6194,14.2968,,3.1368,5.2844,1.0437,,1.6245,ms,4.102997251758089,19.11876041666914
Server Jitter SHM(1),0.012,0.043,0.065,0.206,1.697, 3.332,18.5,,1.632,3.289,0.6716,,0.4353,µs,3.4203038873461225,30.314785155715867
Server Offset SHM(0),3.1758,11.7863,13.2036,18.2787,23.1096, 24.7961,28.6811,,9.906,13.0098,3.2221,,18.0814,ms,111.91581218815124,582.1371472574479
Server Offset SHM(1),-19.438,-2.212,-0.457,0.005,0.527, 1.793,9.403,,0.984,4.005,0.5596,,-0.0,µs,-6.05534975850351,68.59409795000686
TDOP,0.64,0.69,0.76,1.15,9.66, 50.22,269.61,,8.9,49.53,12.2829,,3.374, ,10.045433279283356,174.91564642537642
Temp ZONE0,47.95,49.05,50.15,52.9,56.75, 58.4,60.6,,6.6,9.35,1.9699,,53.2239,°C,17692.534814695635,462409.973163154
nSats,8.0,10.0,11.0,14.0,16.0, 16.0,16.0,,5.0,6.0,1.3363,,13.6179,nSat,803.3412967812674,7624.466624943174
