Name,Min,1%,5%,50%,95%,99%,Max,,90% Range,98% Range,StdDev,,Mean,Units,Skewness,Kurtosis
Local Clock Frequency Offset,8.786,8.9575,9.0682,9.2119,9.3694, 9.4018,9.4902,,0.3012,0.4443,0.0935,,9.2162,ppm,930240.4603682803,90827585.5477036
Local Clock Time Offset,-17.879,-2.327,-0.489,0.005,0.541, 1.952,9.271,,1.03,4.279,0.6123,,-0.0001,µs,-6.408479123077122,80.73176262061477
Local RMS Frequency Jitter,0.345,0.714,0.91,1.909,9.795, 18.448,50.186,,8.885,17.734,3.5439,,3.2175,ppb,3.338796700452176,20.992268832929124
Local RMS Time Jitter,0.056,0.114,0.146,0.296,1.247, 2.051,7.522,,1.101,1.937,0.4144,,0.4392,µs,3.9943644996614327,28.356131606793745
Server Jitter SHM(0),0.1265,0.3402,0.5056,1.3178,3.1837, 5.1069,9.1756,,2.6781,4.7667,0.9017,,1.5156,ms,4.40127959269869,18.15677143221184
Server Jitter SHM(1),0.012,0.052,0.081,0.236,1.804, 3.718,17.443,,1.723,3.666,0.7388,,0.4746,µs,3.8752559763284578,36.30306237144137
Server Offset SHM(0),9.7948,12.1072,13.2699,18.4219,23.3921, 24.8882,28.1263,,10.1222,12.781,3.2656,,18.2283,ms,109.981718290841,569.528833063048
Server Offset SHM(1),-17.88,-2.328,-0.49,0.006,0.542, 1.953,9.272,,1.032,4.281,0.6127,,-0.0001,µs,-6.404159469404181,80.58013909234954
TDOP,0.65,0.69,0.75,1.08,6.74, 26.4,158.68,,5.99,25.71,6.5237,,2.3253, ,11.313713764098752,221.0082702940457
Temp ZONE0,48.5,49.6,51.25,53.45,56.2, 58.95,60.6,,4.95,9.35,1.6453,,53.6512,°C,31673.163200139494,1004167.2067624932
nSats,4.0,10.0,11.0,14.0,16.0, 16.0,16.0,,5.0,6.0,1.4242,,13.5249,nSat,637.6577725559229,5613.302242121224
