Name,Min,1%,5%,50%,95%,99%,Max,,90% Range,98% Range,StdDev,,Mean,Units,Skewness,Kurtosis
Local Clock Frequency Offset,8.4308,8.5651,8.6563,8.7667,8.8109, 8.8277,8.8841,,0.1546,0.2626,0.0501,,8.7541,ppm,5258194.342448739,914416177.9374193
Local Clock Time Offset,-13.875,-1.937,-0.514,0.009,0.58, 1.708,9.522,,1.094,3.645,0.56,,-0.0,µs,-5.883630036341508,63.759850919782316
Local RMS Frequency Jitter,0.305,0.672,0.871,1.814,8.104, 17.588,39.803,,7.233,16.916,3.1773,,3.0125,ppb,3.2900044350128987,18.806084293401522
Local RMS Time Jitter,0.046,0.108,0.14,0.278,0.988, 2.019,5.897,,0.848,1.911,0.3617,,0.4003,µs,4.145425846472185,27.677555392119654
Server Jitter SHM(0),0.1448,0.3662,0.5719,1.4314,3.5518, 5.5905,9.4692,,2.9799,5.2242,0.9914,,1.6591,ms,4.33669652289582,17.395582289655007
Server Jitter SHM(1),0.012,0.057,0.087,0.239,1.629, 3.342,13.508,,1.542,3.285,0.6598,,0.4593,µs,3.794031989279017,32.4259142854754
Server Offset SHM(0),8.197,12.4963,13.9234,18.8363,23.8, 24.9805,30.2035,,9.8766,12.4842,3.1953,,18.761,ms,130.21333349837536,707.5549308352745
Server Offset SHM(1),-13.876,-1.938,-0.515,0.01,0.581, 1.709,9.523,,1.096,3.647,0.5604,,0.0,µs,-5.879541427699332,63.62455334385103
TDOP,0.59,0.67,0.73,1.08,8.24, 28.43,149.49,,7.51,27.76,8.3762,,2.7424, ,8.8503819279332,128.90812411213756
Temp ZONE0,50.15,51.8,52.9,55.65,57.85, 58.95,60.05,,4.95,7.15,1.5177,,55.4396,°C,44953.7256069098,1600931.4776784678
nSats,9.0,10.0,11.0,14.0,15.0, 16.0,16.0,,4.0,6.0,1.2783,,13.5528,nSat,913.8945907644994,9044.750490915036
