Name,Min,1%,5%,50%,95%,99%,Max,,90% Range,98% Range,StdDev,,Mean,Units,Skewness,Kurtosis
Local Clock Frequency Offset,8.2575,8.4981,8.8533,9.1372,9.1809, 9.2154,9.2975,,0.3276,0.7173,0.1216,,9.1103,ppm,403946.5761386254,29870771.72136213
Local Clock Time Offset,-18.359,-2.092,-0.516,0.014,0.548, 1.752,12.565,,1.064,3.844,0.5972,,-0.0,µs,-6.660775379402117,96.63655145315701
Local RMS Frequency Jitter,0.317,0.737,0.95,1.924,8.345, 18.615,65.415,,7.395,17.878,3.4624,,3.1325,ppb,4.018999811721084,30.223623251452622
Local RMS Time Jitter,0.052,0.119,0.153,0.3,1.087, 2.146,7.954,,0.934,2.027,0.4126,,0.4331,µs,4.998293782595746,44.99127210933437
Server Jitter SHM(0),0.1301,0.3418,0.5255,1.4062,3.4765, 5.4028,9.0566,,2.951,5.0611,0.97,,1.6206,ms,4.2338906650798265,16.601245438613127
Server Jitter SHM(1),0.014,0.062,0.096,0.258,1.618, 3.625,18.273,,1.522,3.563,0.7147,,0.4777,µs,4.753712821712683,51.213407738092954
Server Offset SHM(0),9.2672,12.7305,13.8798,18.8229,23.773, 25.0718,28.3171,,9.8932,12.3413,3.1811,,18.6551,ms,129.73061685278054,704.6934938218797
Server Offset SHM(1),-18.36,-2.093,-0.517,0.015,0.549, 1.753,12.566,,1.066,3.846,0.5976,,0.0,µs,-6.655388306589356,96.42723254082742
TDOP,0.62,0.66,0.72,1.07,6.46, 20.88,237.99,,5.74,20.22,9.0266,,2.4482, ,15.161178764624276,334.209652864819
Temp ZONE0,45.75,47.95,51.25,56.75,58.4, 59.5,62.8,,7.15,11.55,2.136,,56.2991,°C,16379.02412768147,417112.1762387079
nSats,8.0,10.0,11.0,14.0,16.0, 16.0,16.0,,5.0,6.0,1.342,,13.5446,nSat,778.5717800019537,7316.624099240465
