Name,Min,1%,5%,50%,95%,99%,Max,,90% Range,98% Range,StdDev,,Mean,Units,Skewness,Kurtosis
Local Clock Frequency Offset,0.1853,7.9105,7.9845,8.3649,8.4614, 8.4919,8.5724,,0.4769,0.5814,0.1614,,8.3011,ppm,128425.42082264443,6483993.434062805
Local Clock Time Offset,-100105.547,-2.213,-0.443,0.005,0.523, 1.72,68.67,,0.966,3.933,1029.3397,,-14.8131,µs,-81.50257273129498,6588.29039521141
Local RMS Frequency Jitter,0.0,0.582,0.751,1.728,8.385, 18.135,1577.603,,7.634,17.553,9.6994,,3.0401,ppb,100.2825121108621,13023.07237155822
Local RMS Time Jitter,0.041,0.091,0.118,0.26,1.082, 2.173,35392.656,,0.964,2.082,188.7118,,2.6796,µs,118.70032510541311,17079.689897792126
Server Jitter SHM(0),0.0,0.3619,0.5492,1.3906,3.5468, 5.5609,28.113,,2.9976,5.199,1.0275,,1.6313,ms,4.973568838666892,42.30030742666029
Server Jitter SHM(1),0.0,0.043,0.065,0.203,1.648, 3.57,4474.947,,1.583,3.527,65.6955,,1.5389,µs,60.32411525961321,3981.1057409830623
Server Offset SHM(0),-79.1723,11.2719,13.1068,18.0319,22.9737, 24.5117,27.0984,,9.8669,13.2398,3.3951,,17.8749,ms,88.02715279323182,460.6037271185172
Server Offset SHM(1),-100105.547,-2.214,-0.444,0.006,0.524, 1.721,68.671,,0.968,3.935,1029.3401,,-14.8147,µs,-81.50249780074589,6588.281453674737
TDOP,0.57,0.66,0.72,1.05,6.87, 35.6,152.27,,6.15,34.94,7.3447,,2.4464, ,9.612640782589231,155.6499001885015
Temp ZONE0,46.85,47.95,49.05,54.55,58.95, 60.05,65.55,,9.9,12.1,3.0739,,54.2067,°C,4652.601017478391,78216.03439212656
nSats,8.0,10.0,11.0,14.0,16.0, 16.0,16.0,,5.0,6.0,1.3356,,13.5054,nSat,783.2485303720629,7374.119625916006
