Name,Min,1%,5%,50%,95%,99%,Max,,90% Range,98% Range,StdDev,,Mean,Units,Skewness,Kurtosis
Local Clock Frequency Offset,8.3454,8.5071,8.6137,8.788,8.8483, 8.8758,8.9617,,0.2346,0.3687,0.0718,,8.7696,ppm,1779880.3424111253,215730917.11437872
Local Clock Time Offset,-16.091,-1.926,-0.535,0.01,0.593, 1.707,11.777,,1.128,3.633,0.5682,,-0.0001,µs,-6.00325483689552,73.36493611394346
Local RMS Frequency Jitter,0.319,0.732,0.937,1.901,8.115, 17.662,63.65,,7.178,16.93,3.1998,,3.0815,ppb,3.5757758269219364,23.32042778127019
Local RMS Time Jitter,0.044,0.115,0.148,0.289,0.995, 2.028,7.933,,0.847,1.913,0.3636,,0.4089,µs,4.466476639494912,33.81573957001158
Server Jitter SHM(0),0.1235,0.3757,0.5716,1.4381,3.4791, 5.4886,10.5389,,2.9075,5.113,0.9752,,1.6607,ms,4.468393359040217,18.191388810862165
Server Jitter SHM(1),0.013,0.061,0.092,0.253,1.626, 3.354,17.277,,1.534,3.293,0.6643,,0.4705,µs,4.125469334937795,40.00048496665412
Server Offset SHM(0),9.6704,12.3585,13.7777,18.7122,23.916, 25.1935,29.367,,10.1383,12.835,3.232,,18.6976,ms,123.97015448496944,664.653376588305
Server Offset SHM(1),-16.092,-1.927,-0.536,0.011,0.594, 1.708,11.778,,1.13,3.635,0.5686,,-0.0,µs,-5.9988226673875324,73.1990064654704
TDOP,0.6,0.67,0.73,1.11,7.73, 24.59,137.81,,7.0,23.92,7.2887,,2.5886, ,8.55535675458246,121.87428179481795
Temp ZONE0,48.5,50.15,51.25,54.55,57.85, 58.95,61.15,,6.6,8.8,1.9444,,54.7467,°C,20108.518295865448,548282.0574128312
nSats,6.0,10.0,11.0,14.0,16.0, 16.0,16.0,,5.0,6.0,1.3258,,13.6145,nSat,823.5048837684552,7876.468989997118
