Name,Min,1%,5%,50%,95%,99%,Max,,90% Range,98% Range,StdDev,,Mean,Units,Skewness,Kurtosis
Local Clock Frequency Offset,8.8002,9.0992,9.1291,9.197,9.2338, 9.2524,9.3099,,0.1047,0.1532,0.0324,,9.1912,ppm,22546441.297772285,6369639303.448966
Local Clock Time Offset,-36.546,-2.107,-0.554,0.015,0.549, 1.748,16.543,,1.103,3.855,0.611,,-0.0,µs,-8.024574473996116,192.38063909570124
Local RMS Frequency Jitter,0.346,0.747,0.969,2.06,8.35, 18.573,102.238,,7.381,17.826,3.5459,,3.2009,ppb,5.023766442116988,57.402059127182845
Local RMS Time Jitter,0.06,0.12,0.156,0.322,1.1, 2.137,17.495,,0.944,2.017,0.431,,0.4485,µs,6.939952122564655,113.8468836847107
Server Jitter SHM(0),0.1024,0.3338,0.4959,1.297,3.3274, 5.2579,10.6907,,2.8315,4.9241,0.9532,,1.5228,ms,4.120313561466267,17.178382196857946
Server Jitter SHM(1),0.016,0.061,0.096,0.274,1.624, 3.638,35.686,,1.528,3.577,0.7313,,0.4901,µs,6.119674561670154,105.87248765405418
Server Offset SHM(0),4.097,12.6403,13.9382,18.8223,23.4511, 24.7305,28.2867,,9.5129,12.0903,3.1427,,18.5524,ms,132.5891744305623,724.1187859649704
Server Offset SHM(1),-36.547,-2.108,-0.555,0.016,0.55, 1.749,16.544,,1.105,3.857,0.6114,,0.0,µs,-8.016456092300572,191.91593633740877
TDOP,0.63,0.67,0.74,1.14,5.95, 27.88,193.81,,5.21,27.21,9.0442,,2.5761, ,11.20634225732428,188.79915794142673
Temp ZONE0,52.35,53.45,54.55,56.75,58.95, 60.6,62.8,,4.4,7.15,1.3904,,56.6609,°C,62935.06491879797,2506568.6907662484
nSats,7.0,10.0,11.0,14.0,15.0, 16.0,16.0,,4.0,6.0,1.3216,,13.5528,nSat,819.9316899036149,7833.9573733343805
