Name,Min,1%,5%,50%,95%,99%,Max,,90% Range,98% Range,StdDev,,Mean,Units,Skewness,Kurtosis
Local Clock Frequency Offset,7.3623,7.5314,7.5764,7.7874,7.899, 7.9453,8.055,,0.3226,0.4139,0.095,,7.7685,ppm,526934.7771663362,42573656.55702548
Local Clock Time Offset,-20.526,-2.251,-0.411,0.004,0.602, 1.719,8.04,,1.013,3.97,0.5982,,0.0002,µs,-7.6203561806972875,105.88970711266694
Local RMS Frequency Jitter,0.0,0.591,0.784,1.747,9.08, 18.676,82.145,,8.296,18.085,3.5704,,3.0728,ppb,3.4834611677239,26.033459343099253
Local RMS Time Jitter,0.035,0.091,0.123,0.276,1.257, 2.222,9.368,,1.134,2.131,0.4484,,0.4374,µs,3.8505199557073224,30.380653466752452
Server Jitter SHM(0),0.0,0.4275,0.6592,1.5599,3.5145, 4.8583,12.6025,,2.8553,4.4307,0.9223,,1.7549,ms,5.141601056044678,20.6219873282064
Server Jitter SHM(1),0.0,0.05,0.077,0.216,1.695, 3.653,20.558,,1.618,3.603,0.7275,,0.4474,µs,4.166745257849275,43.12806993096984
Server Offset SHM(0),-29.3297,-21.5026,-17.8428,-9.0069,1.1096, 260.433,277.2286,,18.9524,281.9356,28.1815,,-6.2231,ms,3.7529523728671537,55.9853366580377
Server Offset SHM(1),-0.0205,-0.0023,-0.0004,0.0,0.0006, 0.0017,166.1578,,0.001,0.004,0.3025,,0.0006,ms,545.3618554484103,299602.20460997825
TDOP,0.9,0.9,0.9,2.11,3.01, 3.01,3.01,,2.11,2.11,0.5661,,2.015, ,23.99099354801238,79.97151804890589
Temp ZONE0,48.5,49.6,50.15,52.9,57.85, 58.95,62.8,,7.7,9.35,2.1778,,53.3977,°C,13080.918363531991,309361.49000396434
nSats,13.0,13.0,13.0,14.0,15.0, 15.0,15.0,,2.0,2.0,0.6343,,13.8125,nSat,9030.014408868527,188913.93602552795
