Name,Min,1%,5%,50%,95%,99%,Max,,90% Range,98% Range,StdDev,,Mean,Units,Skewness,Kurtosis
Local Clock Frequency Offset,8.1748,8.3429,8.481,8.8887,9.0149, 9.0392,9.1139,,0.5339,0.6963,0.1682,,8.8349,ppm,136865.17941987477,7058424.896131379
Local Clock Time Offset,-17.831,-2.086,-0.434,0.003,0.524, 1.808,8.113,,0.958,3.894,0.5636,,0.0001,µs,-5.944186664267362,74.37914343128233
Local RMS Frequency Jitter,0.223,0.605,0.791,1.718,8.283, 18.074,50.067,,7.492,17.469,3.2954,,2.9255,ppb,3.2791127456052434,19.7578542504572
Local RMS Time Jitter,0.036,0.094,0.125,0.262,1.062, 1.979,7.588,,0.937,1.885,0.3758,,0.393,µs,3.879238996351756,27.32844631039012
Server Jitter SHM(0),0.069,0.3465,0.534,1.3845,3.3138, 5.269,9.5374,,2.7799,4.9225,0.9331,,1.5892,ms,4.4420890414161285,18.021597866952696
Server Jitter SHM(1),0.009,0.047,0.074,0.21,1.581, 3.46,17.371,,1.507,3.413,0.6746,,0.4285,µs,3.906010890033945,36.10966979666722
Server Offset SHM(0),11.3043,13.1764,14.1886,19.123,23.9517, 25.2304,28.6178,,9.763,12.054,3.1391,,19.0189,ms,144.64712980719082,810.8025954356859
Server Offset SHM(1),-17.832,-2.087,-0.435,0.004,0.525, 1.809,8.114,,0.96,3.896,0.564,,0.0001,µs,-5.940315351702277,74.22719166783871
TDOP,0.58,0.65,0.73,1.1,4.65, 20.34,94.33,,3.92,19.69,5.5996,,2.1125, ,8.933398444751429,120.22406963782822
Temp ZONE0,45.75,47.4,48.5,52.9,56.2, 57.3,60.05,,7.7,9.9,2.3572,,52.8419,°C,9887.395866347162,213113.5874718391
nSats,9.0,10.0,11.0,14.0,16.0, 16.0,16.0,,5.0,6.0,1.2443,,13.6087,nSat,1010.7688909643614,10334.012174589063
