Name,Min,1%,5%,50%,95%,99%,Max,,90% Range,98% Range,StdDev,,Mean,Units,Skewness,Kurtosis
Local Clock Frequency Offset,8.7569,9.0293,9.0875,9.2676,9.3681, 9.402,9.5007,,0.2807,0.3728,0.089,,9.2499,ppm,1091349.3990002673,112382720.4027438
Local Clock Time Offset,-20.702,-2.307,-0.513,0.006,0.57, 1.956,9.776,,1.083,4.263,0.6159,,-0.0001,µs,-6.311094843878359,78.7337937440651
Local RMS Frequency Jitter,0.437,0.797,0.995,2.011,9.684, 18.488,58.22,,8.689,17.691,3.5079,,3.2987,ppb,3.4965905760911884,22.826435900384734
Local RMS Time Jitter,0.064,0.127,0.163,0.311,1.237, 2.027,8.761,,1.074,1.9,0.4032,,0.4504,µs,4.193415150654945,31.30070633061162
Server Jitter SHM(0),0.1118,0.3267,0.4899,1.3029,3.1698, 5.0379,9.1756,,2.6799,4.7112,0.9058,,1.4971,ms,4.305806932250041,18.104568561250627
Server Jitter SHM(1),0.013,0.061,0.094,0.255,1.812, 3.689,20.164,,1.718,3.628,0.7317,,0.4927,µs,3.9781758275491077,38.40273422463875
Server Offset SHM(0),8.9995,12.3732,13.622,18.5002,23.3162, 24.8584,28.3499,,9.6942,12.4852,3.1542,,18.2941,ms,125.0522041124091,672.2920900496921
Server Offset SHM(1),-20.703,-2.308,-0.514,0.007,0.571, 1.957,9.777,,1.085,4.265,0.6164,,-0.0,µs,-6.306800950813552,78.57982535478783
TDOP,0.61,0.65,0.73,1.07,7.56, 39.78,140.25,,6.83,39.13,9.1919,,2.806, ,7.819851471765594,98.73553778804943
Temp ZONE0,48.5,50.15,51.25,53.45,56.75, 58.4,60.05,,5.5,8.25,1.7252,,53.6184,°C,27308.1984425242,824203.9601361923
nSats,4.0,10.0,11.0,14.0,16.0, 16.0,17.0,,5.0,6.0,1.488,,13.4884,nSat,547.5981871245599,4592.30500610907
