Name,Min,1%,5%,50%,95%,99%,Max,,90% Range,98% Range,StdDev,,Mean,Units,Skewness,Kurtosis
Local Clock Frequency Offset,8.7838,9.0337,9.0631,9.1226,9.1627, 9.1776,9.2302,,0.0996,0.1439,0.0313,,9.1186,ppm,24396194.779229864,7075759832.641896
Local Clock Time Offset,-28.581,-2.109,-0.524,0.014,0.553, 1.753,16.5,,1.077,3.862,0.6038,,-0.0,µs,-6.918257463279876,116.4333502800004
Local RMS Frequency Jitter,0.307,0.753,0.969,1.953,8.428, 18.672,89.884,,7.459,17.919,3.5044,,3.1628,ppb,4.229670732796952,36.293030330897594
Local RMS Time Jitter,0.053,0.121,0.156,0.305,1.099, 2.167,12.854,,0.943,2.046,0.4223,,0.4391,µs,5.399802974363734,57.45089743237643
Server Jitter SHM(0),0.1208,0.3486,0.5306,1.4092,3.4082, 5.3313,9.0566,,2.8776,4.9826,0.9503,,1.6143,ms,4.386386578802151,17.56984939778478
Server Jitter SHM(1),0.012,0.062,0.097,0.262,1.638, 3.657,26.943,,1.541,3.595,0.723,,0.4834,µs,5.044608932363469,63.2634485973422
Server Offset SHM(0),9.1296,12.5313,13.6682,18.6327,23.5804, 24.888,27.5713,,9.9122,12.3568,3.2016,,18.514,ms,123.7647570525389,662.8255573270234
Server Offset SHM(1),-28.582,-2.11,-0.525,0.015,0.554, 1.754,16.501,,1.079,3.864,0.6042,,0.0,µs,-6.912407592547094,116.1729821852638
TDOP,0.6,0.66,0.73,1.09,9.72, 43.07,232.46,,8.99,42.41,10.425,,3.0816, ,9.502715639363817,165.41985310593626
Temp ZONE0,53.45,54.0,54.55,56.2,58.4, 59.5,60.6,,3.85,5.5,1.1719,,56.4534,°C,105120.14553646525,4965608.153563246
nSats,8.0,10.0,11.0,14.0,15.0, 16.0,16.0,,4.0,6.0,1.3267,,13.5589,nSat,810.9054423312567,7721.603711668431
