Name,Min,1%,5%,50%,95%,99%,Max,,90% Range,98% Range,StdDev,,Mean,Units,Skewness,Kurtosis
Local Clock Frequency Offset,8.3027,8.4469,8.4932,8.6556,8.7285, 8.7646,8.8672,,0.2353,0.3176,0.0751,,8.6366,ppm,1483303.731800857,169189331.67437986
Local Clock Time Offset,-14.516,-1.939,-0.494,0.007,0.576, 1.709,9.078,,1.07,3.648,0.5611,,-0.0,µs,-5.719564368766085,62.521899649735566
Local RMS Frequency Jitter,0.28,0.644,0.842,1.772,8.064, 17.906,50.551,,7.222,17.262,3.2141,,2.9858,ppb,3.2692266033179385,18.96191559265896
Local RMS Time Jitter,0.047,0.103,0.134,0.27,0.989, 2.045,6.725,,0.855,1.942,0.3643,,0.3944,µs,4.014106173787896,26.23624653920232
Server Jitter SHM(0),0.1377,0.3609,0.5504,1.4367,3.5019, 5.3483,9.0229,,2.9514,4.9874,0.9663,,1.6492,ms,4.375682354921176,17.141166349794805
Server Jitter SHM(1),0.013,0.053,0.082,0.23,1.622, 3.347,13.465,,1.54,3.294,0.6644,,0.4507,µs,3.7579583529820586,31.984580818064682
Server Offset SHM(0),8.1172,12.4901,13.7906,18.8291,23.9538, 25.219,30.2253,,10.1631,12.7288,3.2473,,18.754,ms,123.24105939843986,659.38293195251
Server Offset SHM(1),-14.517,-1.94,-0.495,0.008,0.577, 1.71,9.079,,1.072,3.65,0.5615,,0.0,µs,-5.715899839834585,62.393044804299514
TDOP,0.59,0.68,0.73,1.07,5.49, 31.85,290.97,,4.76,31.17,11.8354,,2.6576, ,14.232510100897969,304.1973026979661
Temp ZONE0,48.5,50.15,51.25,54.0,58.4, 59.5,62.25,,7.15,9.35,2.3624,,54.5144,°C,10824.469895896733,240443.88064065768
nSats,8.0,10.0,11.0,14.0,16.0, 16.0,16.0,,5.0,6.0,1.3315,,13.5956,nSat,808.6185805969685,7694.356941529155
