Name,Min,1%,5%,50%,95%,99%,Max,,90% Range,98% Range,StdDev,,Mean,Units,Skewness,Kurtosis
Local Clock Frequency Offset,6.9737,7.2859,7.4105,7.5823,7.7551, 7.7958,7.9504,,0.3446,0.5099,0.0992,,7.5835,ppm,429864.5414151458,32453364.056549422
Local Clock Time Offset,-18.655,-2.257,-0.406,0.001,0.619, 1.715,8.033,,1.025,3.972,0.5997,,-0.0002,µs,-7.65875074324879,107.25269097992773
Local RMS Frequency Jitter,0.221,0.567,0.757,1.733,9.015, 18.898,51.541,,8.258,18.331,3.556,,3.064,ppb,3.2477821603122012,20.515284869495158
Local RMS Time Jitter,0.034,0.088,0.12,0.274,1.248, 2.223,9.338,,1.128,2.135,0.4483,,0.435,µs,3.8289168126193402,30.032378775670534
Server Jitter SHM(0),0.1002,0.5138,0.7907,1.9266,6.622, 11.2025,49.6075,,5.8313,10.6887,2.109,,2.5364,ms,4.468798442394562,38.539158610167796
Server Jitter SHM(1),0.0,0.048,0.075,0.21,1.679, 3.627,18.698,,1.604,3.579,0.73,,0.4426,µs,4.19936740141849,43.487301005995576
Server Offset SHM(0),-67.2028,-52.0371,-41.3574,-13.4074,-1.2304, 3.7861,24.4059,,40.127,55.8232,12.2087,,-16.3063,ms,-20.75402081204554,75.61101563643356
Server Offset SHM(1),-18.656,-2.258,-0.407,0.002,0.62, 1.716,8.034,,1.027,3.974,0.6001,,-0.0002,µs,-7.652246274410756,107.03939289028592
Temp ZONE0,46.3,48.5,49.6,51.8,54.55, 55.65,56.75,,4.95,7.15,1.6339,,51.951,°C,29298.454645068356,905126.2263740156
