Name,Min,1%,5%,50%,95%,99%,Max,,90% Range,98% Range,StdDev,,Mean,Units,Skewness,Kurtosis
Local Clock Frequency Offset,8.1748,8.3428,8.4797,8.9212,9.0201, 9.0494,9.1139,,0.5403,0.7066,0.1763,,8.8505,ppm,119284.12536933625,5876561.093768357
Local Clock Time Offset,-17.831,-2.092,-0.441,0.004,0.528, 1.769,8.113,,0.969,3.861,0.558,,-0.0001,µs,-6.071467489317432,73.13308151113266
Local RMS Frequency Jitter,0.217,0.617,0.803,1.735,8.26, 17.766,50.067,,7.457,17.149,3.2353,,2.9264,ppb,3.2581412329949764,19.423908364439527
Local RMS Time Jitter,0.035,0.096,0.126,0.265,1.061, 1.935,7.588,,0.935,1.839,0.368,,0.3941,µs,3.8309795855597932,26.65169716805446
Server Jitter SHM(0),0.0,0.337,0.5244,1.3796,3.3547, 5.2945,8.1598,,2.8303,4.9576,0.9439,,1.5903,ms,4.306543172700723,17.05781357610249
Server Jitter SHM(1),0.0,0.048,0.074,0.213,1.575, 3.421,17.371,,1.501,3.373,0.6658,,0.43,µs,3.817900717648246,34.61978492252025
Server Offset SHM(0),10.4879,12.9632,14.1004,18.9885,23.7825, 25.0219,27.9278,,9.6822,12.0587,3.1477,,18.8387,ms,138.83509633939,768.7897704143769
Server Offset SHM(1),-17.832,-2.093,-0.442,0.005,0.529, 1.77,8.114,,0.971,3.863,0.5584,,-0.0,µs,-6.067269501240797,72.98112101605983
TDOP,0.58,0.66,0.73,1.1,6.09, 24.75,86.72,,5.36,24.09,5.4233,,2.2178, ,7.878251915806422,98.68005140565982
Temp ZONE0,45.75,47.4,48.5,54.0,58.95, 60.05,62.8,,10.45,12.65,3.1481,,53.7694,°C,4205.679956914755,68400.8847120664
nSats,9.0,10.0,12.0,14.0,16.0, 16.0,16.0,,4.0,6.0,1.2027,,13.6928,nSat,1150.7355646340932,12265.636447300742
