Name,Min,1%,5%,50%,95%,99%,Max,,90% Range,98% Range,StdDev,,Mean,Units,Skewness,Kurtosis
Local Clock Frequency Offset,6.816,6.9673,7.102,7.3864,7.5336, 7.6227,7.8299,,0.4316,0.6553,0.1368,,7.3533,ppm,146920.63927871335,7757999.081046974
Local Clock Time Offset,-21.477,-2.383,-0.419,-0.003,0.725, 1.9,13.1,,1.144,4.283,0.6079,,-0.0002,µs,-6.480450469409218,77.58750510337717
Local RMS Frequency Jitter,0.0,0.537,0.727,1.748,10.331, 17.216,146.763,,9.604,16.679,3.5903,,3.2005,ppb,3.6294414120918503,52.32180904772229
Local RMS Time Jitter,0.031,0.082,0.112,0.264,1.314, 2.105,10.551,,1.202,2.023,0.4459,,0.4405,µs,3.337170696439839,27.456599372431793
Server Jitter SHM(0),0.0,0.8877,1.2722,3.3831,9.153, 16.0688,240.1092,,7.8807,15.1812,4.0956,,4.1832,ms,22.08026869104164,966.1442811076622
Server Jitter SHM(1),0.0,0.044,0.068,0.2,1.872, 3.517,20.675,,1.804,3.473,0.724,,0.4573,µs,3.2321375873566436,30.80477156920936
Server Offset SHM(0),-24.9704,-7.6976,-2.2323,10.2385,102.9295, 111.2299,247.1251,,105.1618,118.9275,30.4351,,19.5586,ms,1.211588958759177,4.756229595439386
Server Offset SHM(1),-331.3894,-0.0024,-0.0004,-0.0,0.0007, 0.0019,0.0131,,0.0011,0.0043,0.6028,,-0.0011,ms,-553.7518437920855,304426.37796315603
TDOP,0.59,0.67,0.74,1.06,8.71, 27.83,92.37,,7.97,27.16,5.9471,,2.5745, ,6.81615808556689,84.16001944787992
Temp ZONE0,46.3,47.4,48.5,51.25,55.65, 57.3,58.95,,7.15,9.9,2.1005,,51.4852,°C,13066.365440312471,308899.2956750838
nSats,4.0,10.0,11.0,14.0,16.0, 17.0,17.0,,5.0,7.0,1.5506,,13.6382,nSat,496.51173451278567,4043.128359714517
