Name,Min,1%,5%,50%,95%,99%,Max,,90% Range,98% Range,StdDev,,Mean,Units,Skewness,Kurtosis
Local Clock Frequency Offset,8.519,8.6736,8.7074,8.7734,8.8326, 8.8637,8.923,,0.1252,0.1902,0.0373,,8.7743,ppm,12804547.475790748,2995721796.0006833
Local Clock Time Offset,-15.726,-1.909,-0.53,0.011,0.582, 1.697,11.777,,1.112,3.606,0.5604,,-0.0001,µs,-5.979453320586931,67.73173448849991
Local RMS Frequency Jitter,0.324,0.707,0.911,1.871,8.121, 17.398,63.65,,7.21,16.691,3.1505,,3.0449,ppb,3.4506929627233034,21.49820851074925
Local RMS Time Jitter,0.046,0.113,0.145,0.286,0.988, 1.999,7.933,,0.843,1.886,0.3567,,0.4052,µs,4.3008117161743975,30.442838963947665
Server Jitter SHM(0),0.1265,0.3699,0.5698,1.4315,3.5006, 5.5686,10.5389,,2.9309,5.1987,0.9849,,1.6572,ms,4.4165109777106455,18.035743812080998
Server Jitter SHM(1),0.012,0.06,0.091,0.251,1.622, 3.322,17.277,,1.531,3.262,0.6561,,0.4668,µs,3.950683861128108,35.97165478724069
Server Offset SHM(0),9.6704,12.6201,14.0103,18.8262,23.7847, 24.9586,28.643,,9.7744,12.3385,3.1776,,18.7683,ms,132.850994310773,726.3302419653667
Server Offset SHM(1),-15.727,-1.91,-0.531,0.012,0.583, 1.698,11.778,,1.114,3.608,0.5608,,0.0,µs,-5.975030911414876,67.58106192664846
TDOP,0.6,0.66,0.73,1.1,5.47, 20.72,149.49,,4.74,20.06,7.2001,,2.2861, ,11.471872949178653,197.1857027110659
Temp ZONE0,51.25,52.9,53.45,55.65,58.4, 59.5,61.15,,4.95,6.6,1.4762,,55.7812,°C,49896.593533703985,1839675.7951756108
nSats,9.0,10.0,11.0,14.0,15.0, 16.0,16.0,,4.0,6.0,1.2676,,13.568,nSat,942.3558010770156,9416.506222210239
