Name,Min,1%,5%,50%,95%,99%,Max,,90% Range,98% Range,StdDev,,Mean,Units,Skewness,Kurtosis
Local Clock Frequency Offset,8.3902,8.5385,8.5867,8.7061,8.803, 8.8132,8.8733,,0.2163,0.2747,0.065,,8.707,ppm,2348535.0305505237,312208696.31843305
Local Clock Time Offset,-14.018,-1.987,-0.504,0.008,0.586, 1.715,8.376,,1.09,3.702,0.5653,,-0.0,µs,-6.0133007974183945,66.72698929915572
Local RMS Frequency Jitter,0.28,0.658,0.854,1.797,8.113, 17.727,45.703,,7.259,17.069,3.2266,,3.0211,ppb,3.284521058151756,19.122820121135263
Local RMS Time Jitter,0.045,0.106,0.138,0.274,1.003, 2.043,6.24,,0.865,1.937,0.3677,,0.4006,µs,4.083476825908776,27.395155057857195
Server Jitter SHM(0),0.1377,0.355,0.5642,1.4187,3.4937, 5.4848,8.9549,,2.9295,5.1298,0.9802,,1.6437,ms,4.332070961793538,17.270937298751555
Server Jitter SHM(1),0.011,0.056,0.085,0.236,1.646, 3.357,13.508,,1.561,3.301,0.6692,,0.4587,µs,3.8084666599427814,33.153912199734776
Server Offset SHM(0),8.197,12.6317,13.989,19.0744,24.0367, 25.3036,30.2035,,10.0477,12.6719,3.2394,,18.9322,ms,128.21652814401378,693.5235224280844
Server Offset SHM(1),-14.019,-1.988,-0.505,0.009,0.587, 1.716,8.377,,1.092,3.704,0.5658,,0.0,µs,-6.0090321327067615,66.58655788950833
TDOP,0.59,0.67,0.72,1.03,7.73, 28.43,213.68,,7.01,27.76,8.8103,,2.6773, ,11.907423393926335,234.1108700396149
Temp ZONE0,50.15,51.25,52.35,55.1,58.4, 58.95,62.25,,6.05,7.7,1.7934,,55.1055,°C,26356.97245704649,786163.2660985619
nSats,9.0,11.0,12.0,14.0,16.0, 16.0,16.0,,4.0,5.0,1.2187,,13.6845,nSat,1100.507821984095,11562.714829279212
