Name,Min,1%,5%,50%,95%,99%,Max,,90% Range,98% Range,StdDev,,Mean,Units,Skewness,Kurtosis
Local Clock Frequency Offset,8.4747,8.6046,8.7846,8.9052,9.0073, 9.061,9.1216,,0.2227,0.4564,0.0771,,8.9002,ppm,1498658.8282154219,171528268.03043258
Local Clock Time Offset,-14.767,-2.099,-0.449,0.006,0.51, 1.776,9.997,,0.959,3.875,0.5675,,-0.0,µs,-6.280770602815617,78.70870526434673
Local RMS Frequency Jitter,0.302,0.617,0.813,1.75,8.237, 18.258,47.072,,7.424,17.641,3.3192,,2.9448,ppb,3.355585649356187,20.18783770085253
Local RMS Time Jitter,0.036,0.097,0.129,0.271,1.07, 2.039,8.676,,0.941,1.942,0.3849,,0.4016,µs,4.062145278037375,29.468678178024646
Server Jitter SHM(0),0.1261,0.3347,0.5147,1.3789,3.331, 5.253,9.2871,,2.8164,4.9183,0.9388,,1.5838,ms,4.348303406397764,17.62098764129657
Server Jitter SHM(1),0.006,0.046,0.074,0.217,1.575, 3.51,14.421,,1.501,3.464,0.6822,,0.4355,µs,3.99821584007214,36.70963910961329
Server Offset SHM(0),9.011,12.8685,13.9165,18.7893,23.83, 25.0394,27.8034,,9.9135,12.1709,3.1992,,18.6893,ms,128.0919612114771,693.3743060081126
Server Offset SHM(1),-14.768,-2.1,-0.45,0.007,0.511, 1.777,9.998,,0.961,3.877,0.568,,0.0,µs,-6.276247347523491,78.54847968598855
TDOP,0.57,0.68,0.74,1.14,7.87, 27.81,161.01,,7.13,27.13,7.3109,,2.6742, ,11.108494655727815,199.6950639518735
Temp ZONE0,48.5,50.15,51.25,54.0,58.4, 60.05,62.8,,7.15,9.9,2.1168,,54.3902,°C,15134.532074378763,375627.54038314696
nSats,5.0,10.0,12.0,14.0,16.0, 16.0,16.0,,4.0,6.0,1.2362,,13.6963,nSat,1053.68598483083,10912.773832117808
