Name,Min,1%,5%,50%,95%,99%,Max,,90% Range,98% Range,StdDev,,Mean,Units,Skewness,Kurtosis
Local Clock Frequency Offset,8.7353,8.9627,9.0344,9.1612,9.2375, 9.278,9.3703,,0.2032,0.3152,0.0612,,9.1546,ppm,3288403.0531259156,489048964.330927
Local Clock Time Offset,-17.378,-2.308,-0.482,0.005,0.532, 1.965,9.541,,1.014,4.273,0.6126,,-0.0,µs,-6.32437380717988,80.81550437630995
Local RMS Frequency Jitter,0.345,0.682,0.86,1.847,9.906, 18.376,52.954,,9.046,17.694,3.5767,,3.1848,ppb,3.249074698862383,20.554524825020316
Local RMS Time Jitter,0.056,0.108,0.136,0.28,1.243, 2.067,8.265,,1.107,1.959,0.4197,,0.4272,µs,3.9805499976430907,30.02665817579417
Server Jitter SHM(0),0.1039,0.3355,0.5038,1.3548,3.3084, 5.2394,9.5708,,2.8046,4.9039,0.9364,,1.5565,ms,4.277931920154521,17.46430812838556
Server Jitter SHM(1),0.012,0.05,0.075,0.224,1.813, 3.728,16.814,,1.738,3.678,0.7456,,0.4678,µs,3.781798659159543,35.46066877949838
Server Offset SHM(0),9.7948,12.3081,13.4772,18.6498,23.6441, 25.0606,27.6661,,10.1669,12.7526,3.258,,18.3724,ms,113.80862300295506,595.3122525113768
Server Offset SHM(1),-17.379,-2.309,-0.483,0.006,0.533, 1.966,9.542,,1.016,4.275,0.613,,-0.0,µs,-6.3202920196488,80.66775441301726
TDOP,0.62,0.68,0.75,1.13,7.79, 27.35,207.04,,7.04,26.67,9.4012,,2.79, ,13.077274285624503,255.76771057050894
Temp ZONE0,49.6,50.7,51.8,54.0,56.75, 58.95,60.6,,4.95,8.25,1.5565,,54.1539,°C,38688.41221669262,1310834.81730822
nSats,4.0,9.0,11.0,14.0,15.0, 16.0,16.0,,4.0,7.0,1.4754,,13.4266,nSat,554.3480201604964,4661.4598535492705
