Name,Min,1%,5%,50%,95%,99%,Max,,90% Range,98% Range,StdDev,,Mean,Units,Skewness,Kurtosis
Local Clock Frequency Offset,8.8195,8.9909,9.041,9.1751,9.2861, 9.3421,9.438,,0.2451,0.3513,0.0744,,9.1734,ppm,1830816.4566777674,224001519.71881998
Local Clock Time Offset,-31.148,-2.256,-0.614,0.013,0.607, 1.953,14.784,,1.221,4.209,0.6426,,-0.0002,µs,-6.477604512699736,105.1858406668732
Local RMS Frequency Jitter,0.412,0.827,1.107,2.327,9.679, 18.645,91.025,,8.572,17.818,3.5866,,3.5178,ppb,4.396492634255592,38.5276385569633
Local RMS Time Jitter,0.069,0.13,0.173,0.353,1.227, 2.095,14.554,,1.054,1.965,0.4247,,0.4819,µs,5.610536972290545,64.3610136570745
Server Jitter SHM(0),0.0697,0.3428,0.5276,1.37,3.1592, 4.8499,9.1208,,2.6316,4.5071,0.8803,,1.5509,ms,4.628978829063693,18.92682419960858
Server Jitter SHM(1),0.013,0.066,0.105,0.319,1.806, 3.686,29.822,,1.701,3.62,0.7467,,0.542,µs,5.038173010314667,64.87239848165125
Server Offset SHM(0),8.0929,11.7008,13.0935,18.5352,23.5118, 24.8342,28.296,,10.4184,13.1335,3.3381,,18.3007,ms,103.464593022139,525.5276923023628
Server Offset SHM(1),-31.149,-2.257,-0.615,0.014,0.608, 1.954,14.785,,1.223,4.211,0.643,,-0.0001,µs,-6.472708091186428,104.95511496559968
TDOP,0.63,0.68,0.75,1.11,11.85, 40.93,182.24,,11.1,40.25,9.936,,3.3894, ,7.788485045634688,114.96946426654698
Temp ZONE0,49.05,50.15,51.25,53.45,57.3, 58.95,60.05,,6.05,8.8,1.701,,53.3978,°C,28165.04730867673,858881.0630519002
nSats,5.0,10.0,11.0,14.0,15.0, 16.0,16.0,,4.0,6.0,1.2737,,13.4332,nSat,897.9424203559447,8830.82595845581
