Name,Min,1%,5%,50%,95%,99%,Max,,90% Range,98% Range,StdDev,,Mean,Units,Skewness,Kurtosis
Local Clock Frequency Offset,7.1165,7.3678,7.5194,7.7246,7.8538, 7.898,8.0079,,0.3344,0.5302,0.1086,,7.7071,ppm,342815.9097894157,24002431.542759027
Local Clock Time Offset,-21.359,-2.284,-0.412,0.002,0.616, 1.703,8.464,,1.028,3.987,0.5987,,0.0001,µs,-7.49251070237173,101.59603398712163
Local RMS Frequency Jitter,0.222,0.57,0.771,1.766,9.046, 18.542,59.001,,8.275,17.972,3.5227,,3.0817,ppb,3.2621198316637203,20.78560577863632
Local RMS Time Jitter,0.037,0.087,0.12,0.279,1.254, 2.182,9.331,,1.134,2.095,0.4416,,0.4371,µs,3.69681204422357,27.491152918222532
Server Jitter SHM(0),0.1002,0.4149,0.6309,1.5392,3.6026, 4.9938,9.238,,2.9718,4.5789,0.9465,,1.7508,ms,4.694051726868565,16.719243650850125
Server Jitter SHM(1),0.01,0.048,0.075,0.215,1.694, 3.604,21.339,,1.619,3.556,0.7269,,0.447,µs,4.116704588026652,42.02035942000069
Server Offset SHM(0),-31.1292,-22.247,-18.9,-10.1151,0.4287, 5.1616,11.151,,19.3288,27.4086,5.9119,,-9.828,ms,-26.615102515930893,93.07936923784636
Server Offset SHM(1),-21.36,-2.285,-0.413,0.003,0.617, 1.704,8.465,,1.03,3.989,0.5991,,0.0001,µs,-7.486229069088824,101.39403098019201
Temp ZONE0,46.3,48.5,49.6,52.35,56.2, 58.4,62.8,,6.6,9.9,2.0122,,52.6926,°C,16053.71536030719,406283.0729476731
