Name,Min,1%,5%,50%,95%,99%,Max,,90% Range,98% Range,StdDev,,Mean,Units,Skewness,Kurtosis
Local Clock Frequency Offset,6.9574,7.1249,7.1845,7.4351,7.6445, 7.6964,7.8299,,0.4601,0.5715,0.1405,,7.4268,ppm,139781.7366372094,7259740.369513996
Local Clock Time Offset,-17.762,-2.177,-0.4,0.001,0.579, 1.745,13.1,,0.979,3.922,0.5827,,0.0,µs,-6.897541790240745,92.76808936055865
Local RMS Frequency Jitter,0.221,0.563,0.762,1.722,9.102, 18.138,146.763,,8.34,17.575,3.5177,,3.0101,ppb,4.220945252527603,59.99144204609623
Local RMS Time Jitter,0.031,0.087,0.119,0.272,1.243, 2.141,9.356,,1.124,2.054,0.4315,,0.4279,µs,3.6846887003190294,28.740790941769127
Server Jitter SHM(0),0.2612,0.7253,1.073,3.0564,9.2481, 15.261,240.1092,,8.1751,14.5357,4.2049,,3.9428,ms,20.72937451231866,872.9090272077628
Server Jitter SHM(1),0.0,0.048,0.074,0.208,1.658, 3.495,17.824,,1.584,3.447,0.7017,,0.4344,µs,3.9740323395088573,39.29737274514417
Server Offset SHM(0),-74.9031,-52.4475,-30.014,4.9933,102.9295, 111.2299,247.1251,,132.9435,163.6775,37.1061,,9.3015,ms,-1.0848715810262914,4.329595058958893
Server Offset SHM(1),-17.763,-2.178,-0.401,0.002,0.58, 1.746,13.101,,0.981,3.924,0.5831,,0.0,µs,-6.892234511710267,92.58262020637227
TDOP,0.59,0.59,0.65,1.63,3.27, 3.63,3.63,,2.62,3.04,0.797,,1.5777, ,4.4876635131380676,11.583181177920451
Temp ZONE0,46.3,47.95,48.5,51.8,55.65, 57.85,60.6,,7.15,9.9,2.196,,51.6667,°C,11501.010775896835,260667.0210580345
nSats,11.0,11.0,12.0,14.0,16.0, 17.0,17.0,,4.0,6.0,1.3432,,13.8718,nSat,839.6662110532103,8098.646372974667
