Name,Min,1%,5%,50%,95%,99%,Max,,90% Range,98% Range,StdDev,,Mean,Units,Skewness,Kurtosis
Local Clock Frequency Offset,6.9737,7.2074,7.29,7.5325,7.6688, 7.7121,7.8251,,0.3788,0.5047,0.1154,,7.5096,ppm,263153.78001732973,16871542.001057968
Local Clock Time Offset,-18.0,-2.235,-0.402,0.002,0.58, 1.709,8.033,,0.982,3.944,0.6,,0.0,µs,-7.552145739936237,106.34926111405586
Local RMS Frequency Jitter,0.243,0.572,0.762,1.726,8.963, 19.12,61.84,,8.201,18.548,3.5896,,3.0442,ppb,3.329955183819984,21.572101367050024
Local RMS Time Jitter,0.034,0.09,0.122,0.273,1.247, 2.25,9.338,,1.125,2.16,0.4496,,0.4341,µs,3.8699495934323735,30.990151537198575
Server Jitter SHM(0),0.1946,0.6439,0.9554,2.4699,9.0285, 13.6303,70.6249,,8.0731,12.9864,2.9485,,3.465,ms,4.074957197899557,37.835586847996574
Server Jitter SHM(1),0.0,0.049,0.075,0.209,1.661, 3.683,18.0,,1.586,3.634,0.7342,,0.4405,µs,4.232717239787403,43.155422789108385
Server Offset SHM(0),-74.9031,-54.6823,-44.7299,-15.3129,13.711, 20.2376,61.2309,,58.4409,74.9199,17.8522,,-14.4547,ms,-11.37308894793355,33.32440222898073
Server Offset SHM(1),-18.0,-2.236,-0.403,0.003,0.581, 1.71,8.034,,0.984,3.946,0.6004,,0.0,µs,-7.545917283937472,106.14261656565965
Temp ZONE0,47.4,47.95,49.05,52.35,55.65, 57.85,60.6,,6.6,9.9,1.9884,,52.1545,°C,16134.965447911813,409024.0850916323
