Name,Min,1%,5%,50%,95%,99%,Max,,90% Range,98% Range,StdDev,,Mean,Units,Skewness,Kurtosis
Local Clock Frequency Offset,8.3454,8.5071,8.614,8.7891,8.8576, 8.896,9.0234,,0.2436,0.3889,0.0757,,8.7704,ppm,1512875.8622158105,173701067.48635596
Local Clock Time Offset,-16.091,-1.924,-0.527,0.007,0.594, 1.75,11.777,,1.121,3.674,0.573,,-0.0,µs,-5.905104121595942,73.07140432048777
Local RMS Frequency Jitter,0.319,0.724,0.929,1.882,8.184, 17.932,63.65,,7.255,17.208,3.2495,,3.0842,ppb,3.544319851329662,22.875155401888023
Local RMS Time Jitter,0.044,0.112,0.146,0.285,0.999, 2.041,7.933,,0.853,1.929,0.3676,,0.4074,µs,4.389578531721545,32.497816979214065
Server Jitter SHM(0),0.1235,0.3599,0.5476,1.4209,3.4158, 5.4164,9.4776,,2.8682,5.0565,0.9598,,1.6356,ms,4.425501882966615,17.76231901877337
Server Jitter SHM(1),0.015,0.06,0.091,0.25,1.63, 3.379,17.277,,1.539,3.319,0.6705,,0.4685,µs,4.14853727020416,40.223324982546714
Server Offset SHM(0),9.7472,12.4781,13.6865,18.7528,23.7968, 25.1669,29.367,,10.1103,12.6888,3.2251,,18.6219,ms,123.16858493348485,658.9920983132105
Server Offset SHM(1),-16.092,-1.925,-0.528,0.008,0.595, 1.751,11.778,,1.123,3.676,0.5735,,0.0,µs,-5.900967755984173,72.90937671927158
TDOP,0.62,0.67,0.74,1.11,8.6, 25.45,136.55,,7.86,24.78,6.6034,,2.6325, ,8.821629800298886,139.53417016144013
Temp ZONE0,48.5,50.15,51.25,53.45,55.65, 57.3,58.95,,4.4,7.15,1.408,,53.5135,°C,50791.97202953357,1883771.3952525842
nSats,6.0,10.0,11.0,14.0,16.0, 16.0,16.0,,5.0,6.0,1.3302,,13.5432,nSat,800.9340717128912,7595.368046938575
