Name,Min,1%,5%,50%,95%,99%,Max,,90% Range,98% Range,StdDev,,Mean,Units,Skewness,Kurtosis
Local Clock Frequency Offset,6.9737,7.2955,7.3668,7.558,7.6784, 7.7371,7.872,,0.3116,0.4416,0.0932,,7.5444,ppm,510540.79891808383,40817044.43449919
Local Clock Time Offset,-18.0,-2.227,-0.403,0.002,0.591, 1.702,8.033,,0.994,3.929,0.599,,-0.0001,µs,-7.62230255158411,107.05046120586526
Local RMS Frequency Jitter,0.221,0.562,0.757,1.725,8.963, 19.077,61.84,,8.206,18.515,3.5805,,3.0428,ppb,3.3124304001831097,21.25189298565541
Local RMS Time Jitter,0.034,0.088,0.12,0.275,1.243, 2.248,9.338,,1.123,2.16,0.4484,,0.434,µs,3.797546979228478,28.75457920986597
Server Jitter SHM(0),0.1946,0.5735,0.8667,2.1264,8.0388, 12.5773,70.6249,,7.1721,12.0038,2.5431,,2.9705,ms,3.988590829960566,36.87826730707583
Server Jitter SHM(1),0.0,0.048,0.075,0.21,1.658, 3.675,18.0,,1.583,3.627,0.7316,,0.4402,µs,4.240817808503396,43.182494667621434
Server Offset SHM(0),-74.9031,-54.6823,-44.7299,-16.6081,-1.6168, 3.7964,55.2478,,43.113,58.4787,13.022,,-18.9196,ms,-22.88976577734214,83.24900557322769
Server Offset SHM(1),-18.0,-2.228,-0.404,0.003,0.592, 1.703,8.034,,0.996,3.931,0.5994,,-0.0001,µs,-7.615911759686299,106.8404320642501
Temp ZONE0,47.4,48.5,49.6,51.8,55.65, 57.85,60.6,,6.05,9.35,1.8633,,52.1347,°C,19719.257187521816,534252.0774050524
