Name,Min,1%,5%,50%,95%,99%,Max,,90% Range,98% Range,StdDev,,Mean,Units,Skewness,Kurtosis
Local Clock Frequency Offset,8.5918,8.7984,8.9063,9.1449,9.2188, 9.2457,9.3067,,0.3126,0.4473,0.0948,,9.1153,ppm,862484.9315148382,82116272.88728511
Local Clock Time Offset,-20.298,-2.276,-0.521,0.009,0.558, 1.954,9.541,,1.079,4.23,0.6159,,0.0,µs,-6.331613637238468,81.50780925229871
Local RMS Frequency Jitter,0.375,0.743,0.947,1.992,9.731, 18.236,57.619,,8.784,17.493,3.5325,,3.272,ppb,3.5339864256200757,23.514936970531036
Local RMS Time Jitter,0.061,0.118,0.15,0.301,1.23, 2.055,9.122,,1.08,1.937,0.4165,,0.4429,µs,4.301629293378376,33.90787763438455
Server Jitter SHM(0),0.066,0.3305,0.5098,1.3814,3.3179, 5.178,9.5708,,2.8081,4.8475,0.9363,,1.5805,ms,4.35247839441155,17.81844770786408
Server Jitter SHM(1),0.013,0.057,0.086,0.253,1.799, 3.69,19.372,,1.713,3.633,0.7379,,0.4897,µs,4.013357877905323,38.70119028478431
Server Offset SHM(0),10.0022,12.2531,13.3824,18.6371,23.6742, 24.9604,27.3374,,10.2917,12.7073,3.2553,,18.3953,ms,114.57116309288992,600.1263674451423
Server Offset SHM(1),-20.299,-2.277,-0.522,0.01,0.559, 1.955,9.542,,1.081,4.232,0.6163,,0.0001,µs,-6.327260528637759,81.34991879419981
TDOP,0.62,0.69,0.76,1.14,9.69, 35.09,207.04,,8.93,34.4,10.7162,,3.2747, ,9.918709464222186,162.88847259758808
Temp ZONE0,47.95,49.6,50.7,54.55,57.85, 58.95,60.6,,7.15,9.35,1.9516,,54.2858,°C,19363.916053102024,521426.3813425797
nSats,8.0,10.0,11.0,14.0,15.0, 16.0,16.0,,4.0,6.0,1.3659,,13.462,nSat,720.5922783031403,6607.223389590478
