Name,Min,1%,5%,50%,95%,99%,Max,,90% Range,98% Range,StdDev,,Mean,Units,Skewness,Kurtosis
Local Clock Frequency Offset,8.786,8.959,9.0841,9.2617,9.3776, 9.4161,9.5007,,0.2935,0.4571,0.0969,,9.2514,ppm,844403.1327833879,79829346.43110535
Local Clock Time Offset,-20.702,-2.315,-0.509,0.006,0.558, 1.957,9.776,,1.067,4.272,0.6118,,-0.0,µs,-6.290196512473651,78.09085751590888
Local RMS Frequency Jitter,0.416,0.788,0.988,1.979,9.719, 18.315,58.22,,8.731,17.527,3.4925,,3.2676,ppb,3.4339320596092078,21.853727163358116
Local RMS Time Jitter,0.064,0.126,0.161,0.308,1.241, 2.014,8.761,,1.08,1.888,0.404,,0.4479,µs,4.143693027582565,30.138935029711096
Server Jitter SHM(0),0.1265,0.3354,0.5084,1.3101,3.1404, 5.0504,9.1756,,2.632,4.7149,0.8948,,1.5037,ms,4.4597754918687125,18.970611075106596
Server Jitter SHM(1),0.012,0.058,0.092,0.251,1.804, 3.696,20.164,,1.712,3.638,0.7287,,0.4865,µs,3.934944013255707,37.27642206384694
Server Offset SHM(0),8.9995,12.0022,13.304,18.4361,23.4293, 24.9395,28.3499,,10.1253,12.9373,3.2586,,18.2793,ms,111.80728103652412,581.6505664376938
Server Offset SHM(1),-20.703,-2.316,-0.51,0.007,0.559, 1.958,9.777,,1.069,4.274,0.6122,,0.0,µs,-6.285937425076679,77.93893893579036
TDOP,0.65,0.68,0.74,1.04,8.3, 39.13,158.68,,7.56,38.45,9.6361,,2.9322, ,7.616959802841272,96.8632999610259
Temp ZONE0,48.5,49.6,50.7,53.45,56.2, 58.4,60.05,,5.5,8.8,1.6796,,53.5851,°C,29605.92159035725,917824.3514265107
nSats,4.0,10.0,11.0,14.0,16.0, 16.0,16.0,,5.0,6.0,1.3937,,13.5157,nSat,683.2192836640733,6152.659404757846
