Name,Min,1%,5%,50%,95%,99%,Max,,90% Range,98% Range,StdDev,,Mean,Units,Skewness,Kurtosis
Local Clock Frequency Offset,8.3454,8.5071,8.6141,8.7979,8.884, 8.9161,9.0234,,0.2698,0.409,0.0801,,8.7813,ppm,1283919.6490609539,139569133.54211575
Local Clock Time Offset,-22.056,-1.919,-0.524,0.007,0.592, 1.75,12.968,,1.116,3.669,0.5722,,-0.0,µs,-5.939904456146091,77.58946842242149
Local RMS Frequency Jitter,0.319,0.72,0.922,1.876,8.163, 17.918,69.726,,7.241,17.198,3.2487,,3.0754,ppb,3.5853532102709957,24.023356079711856
Local RMS Time Jitter,0.044,0.112,0.145,0.285,0.998, 2.035,10.015,,0.853,1.923,0.368,,0.4065,µs,4.539080004562142,37.51687816649176
Server Jitter SHM(0),0.1235,0.3595,0.5471,1.414,3.3939, 5.3939,9.4776,,2.8468,5.0344,0.9528,,1.6262,ms,4.438269361919483,17.789870461778083
Server Jitter SHM(1),0.015,0.06,0.091,0.249,1.625, 3.379,20.734,,1.534,3.319,0.6699,,0.4671,µs,4.211184600842156,42.803884553020865
Server Offset SHM(0),10.0766,12.8831,13.844,18.9062,23.8648, 25.1952,29.367,,10.0207,12.3121,3.1969,,18.7548,ms,129.90242388041742,705.8850994258413
Server Offset SHM(1),-22.057,-1.92,-0.525,0.008,0.593, 1.75,12.969,,1.118,3.67,0.5726,,0.0,µs,-5.935688060587228,77.41400256898262
TDOP,0.62,0.67,0.74,1.12,9.25, 44.43,136.55,,8.51,43.76,8.6585,,3.0398, ,7.202824277550058,91.175279010534
Temp ZONE0,48.5,50.15,51.25,53.45,55.1, 56.2,58.95,,3.85,6.05,1.3006,,53.4428,°C,64551.83474208667,2592663.299211162
nSats,6.0,10.0,11.0,14.0,16.0, 16.0,16.0,,5.0,6.0,1.3291,,13.4893,nSat,792.8206299866258,7494.851433383228
