Name,Min,1%,5%,50%,95%,99%,Max,,90% Range,98% Range,StdDev,,Mean,Units,Skewness,Kurtosis
Local Clock Frequency Offset,7.7241,7.8621,7.9384,8.1165,8.2472, 8.2767,8.3388,,0.3088,0.4146,0.0942,,8.1072,ppm,616698.2209373865,52506847.371171854
Local Clock Time Offset,-18.77,-2.206,-0.437,0.002,0.516, 1.803,11.097,,0.953,4.009,0.5567,,0.0001,µs,-6.130258831650215,73.01470842238719
Local RMS Frequency Jitter,0.3,0.561,0.726,1.696,8.733, 16.914,60.094,,8.007,16.353,3.226,,2.9216,ppb,3.0451461275828455,18.97261159887849
Local RMS Time Jitter,0.04,0.087,0.112,0.251,1.055, 1.901,9.456,,0.943,1.814,0.3751,,0.3859,µs,3.761033859825166,30.016881936528048
Server Jitter SHM(0),0.1386,0.3587,0.5449,1.4055,3.6769, 5.6907,23.462,,3.132,5.332,1.0813,,1.6613,ms,4.677665135639511,33.13795158500135
Server Jitter SHM(1),0.009,0.039,0.06,0.192,1.687, 3.341,20.08,,1.627,3.302,0.674,,0.4236,µs,3.42973309014475,32.29627491536867
Server Offset SHM(0),-7.8576,11.5379,13.3491,18.4193,23.299, 24.9596,27.588,,9.9499,13.4218,3.2489,,18.1804,ms,110.78907040335677,574.1292829052135
Server Offset SHM(1),-18.771,-2.207,-0.438,0.003,0.517, 1.804,11.098,,0.955,4.011,0.5571,,0.0001,µs,-6.126246976900027,72.87202868009395
TDOP,0.6,0.67,0.75,1.21,7.15, 29.64,162.06,,6.4,28.97,6.7789,,2.6026, ,10.792243959607022,209.15936932564225
Temp ZONE0,48.5,50.15,50.7,52.9,56.75, 58.4,60.05,,6.05,8.25,1.8122,,53.342,°C,23075.03357081183,658599.2460891798
nSats,7.0,10.0,11.0,14.0,15.0, 16.0,16.0,,4.0,6.0,1.3075,,13.5638,nSat,851.1622541269984,8226.446797333267
