Name,Min,1%,5%,50%,95%,99%,Max,,90% Range,98% Range,StdDev,,Mean,Units,Skewness,Kurtosis
Local Clock Frequency Offset,8.7353,8.9624,9.0334,9.1614,9.2341, 9.2725,9.3479,,0.2007,0.3101,0.0605,,9.1541,ppm,3397673.6616379395,510834604.02459496
Local Clock Time Offset,-17.378,-2.307,-0.484,0.005,0.53, 1.967,9.541,,1.014,4.274,0.6116,,-0.0,µs,-6.31452984139997,80.31707803546693
Local RMS Frequency Jitter,0.345,0.684,0.861,1.845,9.917, 18.341,52.954,,9.056,17.657,3.5689,,3.1813,ppb,3.2394939406062324,20.423069521157597
Local RMS Time Jitter,0.056,0.108,0.137,0.279,1.242, 2.067,8.265,,1.105,1.959,0.4191,,0.4267,µs,3.973011606520948,29.882145861855417
Server Jitter SHM(0),0.1039,0.3332,0.5042,1.3553,3.3091, 5.2301,9.5708,,2.805,4.8969,0.935,,1.5566,ms,4.281210759054792,17.436389450313087
Server Jitter SHM(1),0.013,0.05,0.075,0.225,1.813, 3.722,16.814,,1.738,3.672,0.7441,,0.4682,µs,3.7661365905007256,35.119515580714406
Server Offset SHM(0),10.1049,12.4607,13.5312,18.6928,23.7237, 25.1346,27.6661,,10.1926,12.6738,3.2587,,18.4409,ms,115.16486471001099,604.5182923903208
Server Offset SHM(1),-17.379,-2.308,-0.485,0.006,0.531, 1.968,9.542,,1.016,4.276,0.612,,0.0,µs,-6.3104430795759825,80.16999976340087
TDOP,0.62,0.68,0.75,1.13,7.91, 28.42,207.04,,7.16,27.74,10.0115,,2.8922, ,11.873507910261683,212.62059515679888
Temp ZONE0,49.6,50.7,51.8,54.0,57.3, 58.95,60.6,,5.5,8.25,1.56,,54.2711,°C,38682.5941007056,1310562.5463747433
nSats,4.0,9.0,11.0,14.0,15.0, 16.0,16.0,,4.0,7.0,1.4636,,13.4412,nSat,571.1917376069259,4848.431767841465
