Name,Min,1%,5%,50%,95%,99%,Max,,90% Range,98% Range,StdDev,,Mean,Units,Skewness,Kurtosis
Local Clock Frequency Offset,8.6093,8.7845,8.8276,8.9585,9.0635, 9.0863,9.151,,0.2359,0.3018,0.0734,,8.9506,ppm,1769763.5502208553,214098122.30177554
Local Clock Time Offset,-22.299,-2.086,-0.479,0.007,0.532, 1.795,11.114,,1.011,3.881,0.5826,,-0.0,µs,-6.403453339185405,90.83667619346897
Local RMS Frequency Jitter,0.302,0.669,0.873,1.838,8.264, 18.561,64.999,,7.391,17.892,3.4022,,3.0282,ppb,3.7210855381624452,26.07332864459961
Local RMS Time Jitter,0.044,0.106,0.14,0.285,1.076, 2.089,10.269,,0.936,1.983,0.396,,0.4147,µs,4.613420659255697,41.05822172350851
Server Jitter SHM(0),0.1405,0.3337,0.5115,1.3761,3.2613, 5.1573,9.2871,,2.7499,4.8236,0.9219,,1.5687,ms,4.425419184601333,18.194029883517864
Server Jitter SHM(1),0.013,0.054,0.085,0.237,1.588, 3.58,21.452,,1.503,3.526,0.6969,,0.4549,µs,4.477565867154045,46.924908231129116
Server Offset SHM(0),9.7005,12.2974,13.6331,18.6206,23.7931, 25.1793,29.0327,,10.16,12.8819,3.2557,,18.5292,ms,117.37094056555217,619.4299381898829
Server Offset SHM(1),-22.3,-2.087,-0.48,0.008,0.533, 1.796,11.115,,1.013,3.883,0.583,,0.0,µs,-6.398653637072489,90.64354775888147
TDOP,0.57,0.66,0.73,1.15,9.7, 34.08,161.01,,8.97,33.42,8.3176,,3.0668, ,8.180440097460142,118.99231564457841
Temp ZONE0,50.15,51.25,52.35,54.0,57.3, 58.95,61.7,,4.95,7.7,1.6329,,54.3259,°C,33700.89340735265,1090719.52941882
nSats,5.0,10.0,11.0,14.0,16.0, 16.0,16.0,,5.0,6.0,1.2711,,13.5664,nSat,933.6476552951443,9303.056032953515
