Name,Min,1%,5%,50%,95%,99%,Max,,90% Range,98% Range,StdDev,,Mean,Units,Skewness,Kurtosis
Local Clock Frequency Offset,7.1165,7.3678,7.5245,7.7258,7.8641, 7.9105,8.0079,,0.3396,0.5426,0.1093,,7.7126,ppm,336798.34157666325,23442429.67960276
Local Clock Time Offset,-21.359,-2.254,-0.411,0.002,0.61, 1.702,8.464,,1.021,3.956,0.5983,,0.0,µs,-7.531591931457627,103.6985976950108
Local RMS Frequency Jitter,0.222,0.569,0.771,1.762,9.047, 18.578,59.001,,8.276,18.009,3.5269,,3.0722,ppb,3.283352851680033,20.966373328833143
Local RMS Time Jitter,0.037,0.087,0.12,0.278,1.253, 2.187,9.368,,1.133,2.1,0.4444,,0.4362,µs,3.7774162836869376,29.05027063617496
Server Jitter SHM(0),0.1002,0.4209,0.6375,1.5359,3.5629, 4.9305,10.0984,,2.9254,4.5095,0.9356,,1.7429,ms,4.797400960356938,17.442624167299854
Server Jitter SHM(1),0.01,0.048,0.075,0.215,1.681, 3.63,21.339,,1.606,3.582,0.7267,,0.4456,µs,4.174467518898806,42.88714101491608
Server Offset SHM(0),-31.1292,-22.1464,-18.7405,-9.8798,0.2781, 5.1017,11.151,,19.0187,27.2481,5.7895,,-9.6502,ms,-26.759253758019454,94.03345766522226
Server Offset SHM(1),-21.36,-2.255,-0.412,0.003,0.611, 1.703,8.465,,1.023,3.958,0.5987,,0.0001,µs,-7.525243499333831,103.49206430078057
Temp ZONE0,46.3,48.5,49.6,52.35,56.2, 58.4,62.8,,6.6,9.9,2.0941,,52.692,°C,14178.393556371067,344370.0633477285
