Name,Min,1%,5%,50%,95%,99%,Max,,90% Range,98% Range,StdDev,,Mean,Units,Skewness,Kurtosis
Local Clock Frequency Offset,7.1165,7.3678,7.5222,7.7293,7.855, 7.8984,8.0079,,0.3329,0.5305,0.1073,,7.7115,ppm,355669.19197307137,25209512.550351735
Local Clock Time Offset,-21.359,-2.27,-0.412,0.002,0.612, 1.697,8.464,,1.024,3.967,0.5972,,-0.0001,µs,-7.544957391796846,103.49474061192853
Local RMS Frequency Jitter,0.222,0.568,0.769,1.761,9.033, 18.516,59.001,,8.264,17.948,3.5151,,3.0731,ppb,3.2684841580000277,20.927044441924554
Local RMS Time Jitter,0.037,0.087,0.12,0.278,1.253, 2.174,9.368,,1.133,2.087,0.4416,,0.436,µs,3.7398948622279318,28.626154946778104
Server Jitter SHM(0),0.1002,0.4177,0.6349,1.5443,3.6003, 4.9709,10.0984,,2.9654,4.5532,0.9453,,1.755,ms,4.738232606654171,17.023437499868695
Server Jitter SHM(1),0.01,0.048,0.075,0.214,1.688, 3.607,21.339,,1.613,3.559,0.7252,,0.4458,µs,4.145994856504011,42.74998524837938
Server Offset SHM(0),-31.1292,-22.3145,-19.068,-10.073,0.2238, 5.1312,11.151,,19.2918,27.4457,5.8971,,-9.8658,ms,-26.903810965771044,94.55950128118963
Server Offset SHM(1),-21.36,-2.271,-0.413,0.003,0.613, 1.698,8.465,,1.026,3.969,0.5976,,-0.0,µs,-7.538566211006822,103.28770416129298
Temp ZONE0,46.3,48.5,49.6,52.9,56.2, 58.4,62.8,,6.6,9.9,2.0126,,52.7522,°C,16100.81377699056,407868.1350544132
