Name,Min,1%,5%,50%,95%,99%,Max,,90% Range,98% Range,StdDev,,Mean,Units,Skewness,Kurtosis
Local Clock Frequency Offset,7.7182,7.8712,7.9941,8.2528,8.3887, 8.4235,8.5343,,0.3946,0.5523,0.1125,,8.2406,ppm,377256.6255070093,27269601.11869188
Local Clock Time Offset,-22.671,-2.191,-0.492,0.007,0.547, 1.786,12.911,,1.039,3.977,0.5848,,-0.0,µs,-6.808161066048695,116.96449730745998
Local RMS Frequency Jitter,0.399,0.696,0.89,1.882,8.773, 17.066,66.336,,7.883,16.37,3.3663,,3.0935,ppb,4.097746609147207,36.21239120145186
Local RMS Time Jitter,0.059,0.109,0.139,0.281,1.062, 1.954,10.108,,0.923,1.845,0.4005,,0.4142,µs,5.349773358151126,60.22839006619336
Server Jitter SHM(0),0.1424,0.342,0.5301,1.3939,3.4996, 5.4846,11.2045,,2.9695,5.1426,0.9816,,1.6208,ms,4.223130502874665,16.954769069503364
Server Jitter SHM(1),0.008,0.051,0.079,0.237,1.692, 3.333,22.221,,1.613,3.282,0.6996,,0.4617,µs,4.788275672350011,62.53900669862338
Server Offset SHM(0),3.494,11.6105,13.2125,18.154,22.9935, 24.443,28.0758,,9.781,12.8325,3.1819,,18.0317,ms,115.63951664720409,607.0139297541507
Server Offset SHM(1),-22.672,-2.192,-0.493,0.008,0.548, 1.787,12.912,,1.041,3.979,0.5852,,0.0,µs,-6.802548553948087,116.70115617588664
TDOP,0.59,0.67,0.73,1.07,11.08, 47.95,110.35,,10.35,47.28,8.0939,,3.2113, ,4.970535446281816,49.49332300117787
Temp ZONE0,46.85,48.5,49.6,52.9,56.2, 56.75,60.6,,6.6,8.25,1.8257,,52.9545,°C,22046.398363161657,619754.2355540831
nSats,8.0,10.0,11.0,14.0,16.0, 16.0,16.0,,5.0,6.0,1.3623,,13.6833,nSat,766.3932026981823,7164.194567092629
