Name,Min,1%,5%,50%,95%,99%,Max,,90% Range,98% Range,StdDev,,Mean,Units,Skewness,Kurtosis
Local Clock Frequency Offset,7.7182,7.8712,7.9941,8.2519,8.3877, 8.4231,8.5343,,0.3936,0.5519,0.1114,,8.2389,ppm,388682.2513816388,28376098.63068256
Local Clock Time Offset,-22.671,-2.191,-0.491,0.007,0.547, 1.783,12.911,,1.038,3.974,0.5841,,-0.0,µs,-6.8181966904999545,117.41888380248648
Local RMS Frequency Jitter,0.399,0.693,0.886,1.879,8.767, 17.022,66.336,,7.881,16.329,3.3635,,3.0892,ppb,4.100158339082821,36.31919187427691
Local RMS Time Jitter,0.059,0.108,0.138,0.28,1.062, 1.944,10.108,,0.924,1.836,0.4002,,0.4136,µs,5.3545186437631775,60.422184125930606
Server Jitter SHM(0),0.1424,0.3429,0.5313,1.3952,3.5007, 5.4857,11.2045,,2.9695,5.1427,0.9824,,1.6223,ms,4.22597456746565,16.97702982794432
Server Jitter SHM(1),0.008,0.05,0.079,0.237,1.69, 3.332,22.221,,1.611,3.282,0.6991,,0.4609,µs,4.791899832621124,62.705716432476976
Server Offset SHM(0),3.494,11.6444,13.2287,18.1643,22.9833, 24.4282,28.0758,,9.7546,12.7838,3.176,,18.041,ms,116.568420027928,613.2828656843425
Server Offset SHM(1),-22.672,-2.192,-0.492,0.008,0.548, 1.784,12.912,,1.04,3.976,0.5846,,0.0,µs,-6.812564038772203,117.15426929254785
TDOP,0.59,0.67,0.73,1.09,11.61, 47.95,110.35,,10.88,47.28,8.1041,,3.2564, ,4.951800581977693,49.215102714000786
Temp ZONE0,46.85,48.5,49.6,52.9,56.2, 56.75,60.6,,6.6,8.25,1.8371,,52.978,°C,21654.980022000138,605143.6416762
nSats,8.0,10.0,11.0,14.0,16.0, 16.0,16.0,,5.0,6.0,1.3783,,13.6797,nSat,737.0649243564148,6804.18963958985
