Name,Min,1%,5%,50%,95%,99%,Max,,90% Range,98% Range,StdDev,,Mean,Units,Skewness,Kurtosis
Local Clock Frequency Offset,6.9737,7.2385,7.3209,7.5498,7.6729, 7.7227,7.8387,,0.3519,0.4842,0.1059,,7.5289,ppm,344694.1369126218,24177932.118241902
Local Clock Time Offset,-18.0,-2.228,-0.403,0.002,0.591, 1.703,8.033,,0.994,3.931,0.5983,,0.0001,µs,-7.591101170342169,105.97685370708962
Local RMS Frequency Jitter,0.221,0.561,0.754,1.725,8.96, 19.071,61.84,,8.206,18.51,3.5751,,3.0414,ppb,3.3025469054846117,21.181311041693487
Local RMS Time Jitter,0.034,0.088,0.12,0.274,1.242, 2.247,9.338,,1.122,2.159,0.4471,,0.4332,µs,3.795609935351822,29.19052443411319
Server Jitter SHM(0),0.1946,0.6132,0.9113,2.2518,8.4523, 13.0173,70.6249,,7.541,12.4041,2.7722,,3.1714,ms,4.451496728956976,46.550565131043534
Server Jitter SHM(1),0.0,0.048,0.074,0.209,1.658, 3.678,18.0,,1.584,3.63,0.7311,,0.4399,µs,4.209844324688096,42.6581377381682
Server Offset SHM(0),-74.9031,-54.6823,-44.7299,-15.9987,5.6586, 12.7374,61.2309,,50.3885,67.4197,15.087,,-17.1778,ms,-16.39331013033331,53.841299913899135
Server Offset SHM(1),-18.0,-2.229,-0.404,0.003,0.592, 1.704,8.034,,0.996,3.933,0.5987,,0.0001,µs,-7.5847608207147585,105.7693508626812
Temp ZONE0,47.4,48.5,49.05,51.8,55.65, 57.85,60.6,,6.6,9.35,1.9216,,52.115,°C,17900.568241024288,469667.4250731227
