Name,Min,1%,5%,50%,95%,99%,Max,,90% Range,98% Range,StdDev,,Mean,Units,Skewness,Kurtosis
Local Clock Frequency Offset,6.7269,6.8799,6.9939,7.354,7.5214, 7.617,7.8299,,0.5275,0.7371,0.1607,,7.3157,ppm,88427.25505418726,3943444.0133138886
Local Clock Time Offset,-21.477,-2.464,-0.469,-0.005,0.784, 1.924,13.1,,1.253,4.388,0.6212,,-0.0001,µs,-6.158553970059173,64.83177573487788
Local RMS Frequency Jitter,0.0,0.541,0.738,1.87,10.613, 16.898,146.763,,9.875,16.357,3.5912,,3.3524,ppb,3.4539193892927007,50.18074308080792
Local RMS Time Jitter,0.031,0.082,0.113,0.268,1.336, 2.079,10.551,,1.223,1.997,0.4435,,0.4486,µs,3.0382916422613246,22.60971322671585
Server Jitter SHM(0),0.0,0.8748,1.2406,3.3305,8.9607, 15.7375,240.1092,,7.7201,14.8627,4.0564,,4.1062,ms,22.685124757156128,1004.7210582409839
Server Jitter SHM(1),0.0,0.044,0.068,0.204,1.943, 3.53,20.675,,1.875,3.486,0.7275,,0.4704,µs,2.905302809749358,25.215836995276586
Server Offset SHM(0),-26.8253,-7.7357,-2.4837,10.2729,102.9295, 111.2299,247.1251,,105.4132,118.9656,30.4481,,19.5707,ms,1.206846009724916,4.748915283024951
Server Offset SHM(1),-331.3894,-0.0025,-0.0005,-0.0,0.0008, 0.0019,0.0131,,0.0013,0.0044,0.6028,,-0.0011,ms,-553.7518061274717,304426.35040802934
TDOP,0.59,0.67,0.74,1.08,7.24, 26.74,92.37,,6.5,26.07,5.3533,,2.3623, ,7.756371735668969,105.30284075525691
Temp ZONE0,45.75,46.85,47.95,51.25,55.65, 57.3,58.95,,7.7,10.45,2.2621,,51.2402,°C,10214.911330434052,222607.87596186475
nSats,4.0,10.0,11.0,14.0,16.0, 17.0,17.0,,5.0,7.0,1.5294,,13.546,nSat,508.0927079003336,4169.367758985498
