Name,Min,1%,5%,50%,95%,99%,Max,,90% Range,98% Range,StdDev,,Mean,Units,Skewness,Kurtosis
Local Clock Frequency Offset,8.7759,9.0387,9.0973,9.1509,9.1849, 9.2084,9.2911,,0.0876,0.1697,0.0296,,9.1473,ppm,29267785.519376323,9019772285.658997
Local Clock Time Offset,-36.355,-2.106,-0.491,0.013,0.527, 1.725,16.386,,1.018,3.831,0.5895,,-0.0001,µs,-7.580368555384961,156.71212364987593
Local RMS Frequency Jitter,0.303,0.688,0.894,1.867,8.246, 18.242,101.975,,7.352,17.554,3.4469,,3.0597,ppb,4.406620834901576,44.745313967774244
Local RMS Time Jitter,0.049,0.109,0.144,0.293,1.096, 2.092,17.271,,0.952,1.983,0.4135,,0.4257,µs,5.759523253426701,83.49438623473073
Server Jitter SHM(0),0.1086,0.3453,0.5186,1.3961,3.4345, 5.3718,9.1724,,2.9159,5.0265,0.967,,1.6108,ms,4.205002602058487,16.491472988424515
Server Jitter SHM(1),0.011,0.055,0.086,0.243,1.604, 3.56,35.152,,1.518,3.505,0.7122,,0.4617,µs,5.283107773717506,80.67969280430516
Server Offset SHM(0),9.667,12.3198,13.546,18.5055,23.4059, 24.7562,28.5299,,9.8599,12.4364,3.167,,18.3052,ms,123.58643804952827,661.8345309974205
Server Offset SHM(1),-36.356,-2.107,-0.492,0.014,0.528, 1.726,16.387,,1.02,3.833,0.59,,-0.0,µs,-7.573136986512307,156.33973519712413
TDOP,0.61,0.66,0.74,1.11,8.45, 52.0,215.28,,7.71,51.34,10.221,,3.0797, ,9.013138465635562,149.34447764385112
Temp ZONE0,51.25,53.45,55.1,57.3,58.95, 60.05,63.35,,3.85,6.6,1.3328,,57.082,°C,73314.31851508869,3071951.4480642076
nSats,8.0,10.0,11.0,14.0,15.0, 16.0,17.0,,4.0,6.0,1.343,,13.5817,nSat,783.4724541670456,7374.115316913578
