Name,Min,1%,5%,50%,95%,99%,Max,,90% Range,98% Range,StdDev,,Mean,Units,Skewness,Kurtosis
Local Clock Frequency Offset,8.5976,8.7853,8.8993,9.1559,9.2225, 9.2606,9.3143,,0.3233,0.4753,0.095,,9.1301,ppm,860751.7306379034,81896236.64537236
Local Clock Time Offset,-41.734,-2.268,-0.53,0.008,0.574, 1.921,19.302,,1.104,4.189,0.6264,,0.0001,µs,-7.086711189332672,158.93018520966723
Local RMS Frequency Jitter,0.36,0.746,0.954,2.033,9.625, 18.395,117.506,,8.671,17.649,3.6171,,3.3015,ppb,4.389746360825797,48.792170106905026
Local RMS Time Jitter,0.062,0.119,0.151,0.306,1.213, 2.068,19.786,,1.062,1.949,0.4343,,0.4461,µs,6.232867524559411,108.84787298126665
Server Jitter SHM(0),0.044,0.3437,0.5373,1.3667,3.202, 5.0719,8.6513,,2.6646,4.7282,0.897,,1.5585,ms,4.6144025224577705,18.975167285051647
Server Jitter SHM(1),0.015,0.057,0.088,0.258,1.793, 3.666,40.457,,1.705,3.609,0.753,,0.4956,µs,5.142616627535367,87.26296807900896
Server Offset SHM(0),9.347,12.4287,13.5626,18.9414,23.9116, 25.2745,28.6885,,10.349,12.8458,3.2864,,18.7527,ms,118.34370915266048,625.3505576735369
Server Offset SHM(1),-41.735,-2.269,-0.531,0.009,0.575, 1.922,19.303,,1.106,4.191,0.6269,,0.0002,µs,-7.080947948139303,158.57511045719914
TDOP,0.62,0.67,0.73,1.11,7.54, 22.84,266.23,,6.81,22.17,10.5041,,2.6321, ,16.4053647622951,382.8145884994274
Temp ZONE0,47.95,49.05,50.7,54.55,58.4, 59.5,63.35,,7.7,10.45,2.0903,,54.4325,°C,15775.522614012049,396907.2599637148
nSats,4.0,9.0,11.0,14.0,16.0, 16.0,16.0,,5.0,7.0,1.5355,,13.4816,nSat,492.73415305121796,3989.688531255944
