Name,Min,1%,5%,50%,95%,99%,Max,,90% Range,98% Range,StdDev,,Mean,Units,Skewness,Kurtosis
Local Clock Frequency Offset,8.0592,8.1826,8.2791,8.4962,8.6098, 8.6368,8.7169,,0.3307,0.4541,0.1061,,8.4713,ppm,490999.5941298123,38747712.31600208
Local Clock Time Offset,-14.443,-2.148,-0.369,0.002,0.563, 1.694,8.613,,0.932,3.842,0.5833,,0.0001,µs,-6.638387656618535,79.93789887711448
Local RMS Frequency Jitter,0.246,0.503,0.654,1.433,8.482, 19.359,44.712,,7.828,18.856,3.5509,,2.861,ppb,2.8745567949325213,16.475434598126395
Local RMS Time Jitter,0.036,0.079,0.107,0.231,1.156, 2.3,5.91,,1.049,2.221,0.4332,,0.3969,µs,3.24885266193585,19.802240286066077
Server Jitter SHM(0),0.0701,0.3771,0.5772,1.4303,3.4329, 5.426,9.0274,,2.8557,5.0489,0.9539,,1.6483,ms,4.535454001264994,18.191099886136477
Server Jitter SHM(1),0.01,0.041,0.063,0.173,1.7, 3.815,14.397,,1.637,3.774,0.7214,,0.4105,µs,3.540238156102375,30.977053810394207
Server Offset SHM(0),8.941,12.349,13.7167,18.905,23.8875, 25.168,27.8369,,10.1708,12.8191,3.2569,,18.702,ms,120.86409224731442,642.5803067803339
Server Offset SHM(1),-14.444,-2.149,-0.37,0.003,0.564, 1.695,8.614,,0.934,3.844,0.5837,,0.0002,µs,-6.633951706956598,79.79911169259822
TDOP,0.59,0.67,0.73,1.1,6.61, 28.23,107.04,,5.88,27.56,6.0576,,2.5065, ,8.062042054964875,111.43154626771718
Temp ZONE0,48.5,49.6,50.15,53.45,55.65, 56.75,66.65,,5.5,7.15,1.762,,53.1305,°C,24864.635623798928,727450.4275464952
nSats,5.0,5.0,5.0,14.0,15.0, 16.0,16.0,,10.0,11.0,2.9651,,12.6106,nSat,42.59843799763528,159.38280210498752
