Name,Min,1%,5%,50%,95%,99%,Max,,90% Range,98% Range,StdDev,,Mean,Units,Skewness,Kurtosis
Local Clock Frequency Offset,6.9574,7.1249,7.1845,7.4501,7.6506, 7.6973,7.7997,,0.4661,0.5724,0.1436,,7.4364,ppm,131192.5560668448,6671327.140227659
Local Clock Time Offset,-17.762,-2.174,-0.399,0.001,0.576, 1.736,7.919,,0.975,3.91,0.5824,,0.0001,µs,-7.042645120928119,93.91453427296435
Local RMS Frequency Jitter,0.221,0.562,0.762,1.716,9.042, 18.192,61.84,,8.28,17.63,3.448,,2.9988,ppb,3.237613056158247,20.633721810998395
Local RMS Time Jitter,0.031,0.087,0.119,0.271,1.238, 2.143,9.356,,1.119,2.056,0.4312,,0.4267,µs,3.709628588879403,28.98419329021344
Server Jitter SHM(0),0.2612,0.7124,1.0512,2.9486,9.0794, 14.667,240.1092,,8.0283,13.9546,3.7354,,3.8304,ms,19.2277150564708,929.5639961617409
Server Jitter SHM(1),0.0,0.048,0.074,0.209,1.653, 3.501,17.824,,1.579,3.453,0.7027,,0.4338,µs,4.013438102055505,39.75472654736051
Server Offset SHM(0),-74.9031,-54.6823,-44.0022,2.703,101.9282, 110.3513,247.1251,,145.9304,165.0336,36.9809,,4.4467,ms,-1.8184630164222557,5.459494584655601
Server Offset SHM(1),-17.763,-2.175,-0.4,0.002,0.577, 1.737,7.92,,0.977,3.912,0.5828,,0.0001,µs,-7.037058083558872,93.72675535381268
Temp ZONE0,46.3,47.95,48.5,51.8,55.65, 57.85,60.6,,7.15,9.9,2.1989,,51.6951,°C,11473.600076715598,259838.51808375926
