Name,Min,1%,5%,50%,95%,99%,Max,,90% Range,98% Range,StdDev,,Mean,Units,Skewness,Kurtosis
Local Clock Frequency Offset,6.9737,7.2859,7.4095,7.583,7.756, 7.7974,7.9504,,0.3465,0.5115,0.1007,,7.585,ppm,410804.5751448481,30549391.29599104
Local Clock Time Offset,-18.655,-2.258,-0.406,0.001,0.621, 1.714,8.464,,1.027,3.972,0.5999,,-0.0,µs,-7.6225942354511975,106.81532695049631
Local RMS Frequency Jitter,0.221,0.567,0.755,1.731,9.015, 18.898,51.541,,8.26,18.331,3.5585,,3.0633,ppb,3.2455527584420305,20.519470825634894
Local RMS Time Jitter,0.034,0.088,0.12,0.273,1.246, 2.221,9.338,,1.126,2.133,0.448,,0.4342,µs,3.8239099208186804,30.037878425347724
Server Jitter SHM(0),0.1002,0.5011,0.7781,1.9046,6.6133, 11.182,49.6075,,5.8352,10.6809,2.109,,2.5146,ms,4.4513030262394455,38.48639394374834
Server Jitter SHM(1),0.0,0.048,0.074,0.209,1.68, 3.628,18.698,,1.606,3.58,0.7304,,0.4421,µs,4.194641791239406,43.453901613968455
Server Offset SHM(0),-67.2028,-52.0371,-41.3574,-12.8087,-1.1624, 3.7861,24.4059,,40.195,55.8232,12.1103,,-15.7267,ms,-20.16277470662743,73.94850948120282
Server Offset SHM(1),-18.656,-2.259,-0.407,0.002,0.622, 1.715,8.465,,1.029,3.974,0.6003,,-0.0,µs,-7.616163039262306,106.60330841282185
Temp ZONE0,46.3,48.5,49.6,51.8,54.55, 55.65,56.75,,4.95,7.15,1.6233,,51.8993,°C,29801.158421582157,925874.1441605698
