Name,Min,1%,5%,50%,95%,99%,Max,,90% Range,98% Range,StdDev,,Mean,Units,Skewness,Kurtosis
Local Clock Frequency Offset,8.5235,8.6777,8.71,8.7741,8.825, 8.848,8.9068,,0.1151,0.1703,0.0348,,8.774,ppm,15901843.513464183,3998928655.2613745
Local Clock Time Offset,-15.268,-1.913,-0.529,0.011,0.58, 1.696,9.522,,1.109,3.609,0.5585,,-0.0001,µs,-5.982300079400255,64.67179699656023
Local RMS Frequency Jitter,0.324,0.703,0.907,1.867,8.11, 17.395,43.049,,7.203,16.692,3.1354,,3.0397,ppb,3.341481933395386,19.08052135081247
Local RMS Time Jitter,0.046,0.113,0.145,0.286,0.988, 1.998,6.168,,0.843,1.885,0.3547,,0.4046,µs,4.178699725755188,27.471756556429984
Server Jitter SHM(0),0.1265,0.3694,0.5701,1.4308,3.5169, 5.5954,10.5389,,2.9468,5.226,0.9879,,1.6579,ms,4.400548668278532,17.949034762920846
Server Jitter SHM(1),0.012,0.059,0.091,0.25,1.622, 3.32,14.853,,1.531,3.261,0.6535,,0.4659,µs,3.820043716423242,32.44772246892977
Server Offset SHM(0),9.6704,13.0015,14.1029,18.9443,23.8162, 24.9677,28.643,,9.7134,11.9661,3.1468,,18.8529,ms,139.34670151480634,772.6607138181015
Server Offset SHM(1),-15.269,-1.914,-0.53,0.012,0.581, 1.697,9.523,,1.111,3.611,0.559,,0.0,µs,-5.977862318360427,64.52998630957248
TDOP,0.6,0.66,0.73,1.09,5.47, 21.85,149.49,,4.74,21.19,7.5458,,2.3036, ,11.157378093188017,182.6691852012863
Temp ZONE0,51.8,52.9,53.45,55.65,58.4, 59.5,61.15,,4.95,6.6,1.4783,,55.8723,°C,49921.72207071686,1840908.5553541668
nSats,9.0,10.0,12.0,14.0,15.0, 16.0,16.0,,3.0,6.0,1.2562,,13.5602,nSat,968.4919244426761,9763.31464324988
