Name,Min,1%,5%,50%,95%,99%,Max,,90% Range,98% Range,StdDev,,Mean,Units,Skewness,Kurtosis
Local Clock Frequency Offset,8.7569,9.0417,9.0983,9.2572,9.3493, 9.3841,9.4727,,0.2511,0.3424,0.0754,,9.2449,ppm,1797629.5782314513,218604136.29219413
Local Clock Time Offset,-18.902,-2.323,-0.511,0.007,0.57, 1.953,9.168,,1.081,4.276,0.6192,,-0.0001,µs,-6.387269773650006,78.44414196816824
Local RMS Frequency Jitter,0.432,0.796,0.993,2.016,9.747, 18.519,56.696,,8.754,17.723,3.5307,,3.3124,ppb,3.4709745124004905,22.26768876556705
Local RMS Time Jitter,0.066,0.127,0.163,0.314,1.248, 2.05,8.215,,1.085,1.923,0.408,,0.4538,µs,4.166512337713328,30.45799484867183
Server Jitter SHM(0),0.0922,0.3237,0.49,1.3304,3.4358, 5.5244,29.4295,,2.9458,5.2007,1.0474,,1.5672,ms,4.802767848348648,38.06492986751877
Server Jitter SHM(1),0.013,0.062,0.095,0.256,1.825, 3.719,18.263,,1.73,3.657,0.7383,,0.4958,µs,3.961329527400384,37.37542312081386
Server Offset SHM(0),-8.5941,11.6044,13.328,18.4658,23.3237, 24.7486,27.8174,,9.9957,13.1442,3.2407,,18.2424,ms,113.01841713229429,588.8197442855432
Server Offset SHM(1),-18.903,-2.324,-0.512,0.008,0.571, 1.954,9.169,,1.083,4.278,0.6197,,-0.0,µs,-6.382858158919186,78.29270206783804
TDOP,0.61,0.65,0.73,1.12,9.03, 32.54,140.25,,8.3,31.89,7.5562,,2.7391, ,8.034785612371264,112.33874683125674
Temp ZONE0,48.5,50.7,51.25,54.0,57.85, 59.5,61.15,,6.6,8.8,1.719,,54.2134,°C,28572.14187082266,875400.8220873509
nSats,4.0,10.0,11.0,14.0,16.0, 16.0,17.0,,5.0,6.0,1.3945,,13.5603,nSat,689.2235939577977,6221.799310340108
