Name,Min,1%,5%,50%,95%,99%,Max,,90% Range,98% Range,StdDev,,Mean,Units,Skewness,Kurtosis
Local Clock Frequency Offset,8.786,8.9574,9.0632,9.2007,9.3688, 9.4013,9.4902,,0.3056,0.4439,0.093,,9.2068,ppm,942061.0859134635,92369588.99069104
Local Clock Time Offset,-17.298,-2.32,-0.488,0.005,0.54, 1.95,9.271,,1.028,4.27,0.6117,,-0.0001,µs,-6.394456090716019,80.71757406502995
Local RMS Frequency Jitter,0.345,0.703,0.895,1.898,9.784, 18.409,52.954,,8.889,17.706,3.5471,,3.2073,ppb,3.335954526706968,21.12558327542096
Local RMS Time Jitter,0.056,0.112,0.143,0.294,1.245, 2.05,7.568,,1.102,1.938,0.4149,,0.4369,µs,3.980673426501008,28.353095291300985
Server Jitter SHM(0),0.1265,0.3402,0.5085,1.3206,3.1977, 5.1175,8.1902,,2.6892,4.7774,0.9048,,1.5194,ms,4.383511916515366,17.960439886888206
Server Jitter SHM(1),0.012,0.051,0.079,0.233,1.802, 3.708,16.268,,1.723,3.657,0.7396,,0.4725,µs,3.8650983191827586,36.24534043219566
Server Offset SHM(0),9.7948,12.1113,13.2923,18.461,23.527, 25.0129,28.1263,,10.2347,12.9016,3.2872,,18.2845,ms,108.70354349763865,561.12144830303
Server Offset SHM(1),-17.299,-2.321,-0.489,0.006,0.541, 1.951,9.272,,1.03,4.272,0.6121,,-0.0001,µs,-6.390178546194798,80.56685006588208
TDOP,0.62,0.68,0.75,1.08,7.24, 28.27,158.68,,6.49,27.59,6.7568,,2.4229, ,10.490836487772299,194.58633403227685
Temp ZONE0,48.5,49.6,51.25,54.0,56.75, 58.95,60.6,,5.5,9.35,1.6651,,53.7781,°C,30751.769614094243,965437.6549737193
nSats,4.0,10.0,11.0,14.0,16.0, 16.0,16.0,,5.0,6.0,1.4023,,13.574,nSat,678.7287337571198,6093.693293075997
