Name,Min,1%,5%,50%,95%,99%,Max,,90% Range,98% Range,StdDev,,Mean,Units,Skewness,Kurtosis
Local Clock Frequency Offset,7.1165,7.3672,7.4755,7.6721,7.8292, 7.8791,8.0079,,0.3538,0.5119,0.1149,,7.6644,ppm,283906.7483172887,18668097.977274448
Local Clock Time Offset,-21.359,-2.255,-0.411,0.002,0.613, 1.715,8.464,,1.024,3.97,0.5997,,0.0,µs,-7.529249191928473,103.64771506183025
Local RMS Frequency Jitter,0.221,0.559,0.764,1.76,9.041, 18.789,59.001,,8.277,18.23,3.5391,,3.0745,ppb,3.275300590213554,20.784347852722266
Local RMS Time Jitter,0.038,0.085,0.119,0.279,1.252, 2.208,9.331,,1.133,2.123,0.4455,,0.4369,µs,3.753225944703656,28.170103097934902
Server Jitter SHM(0),0.1002,0.4376,0.6655,1.6128,3.7167, 5.0546,11.0291,,3.0511,4.6169,0.9684,,1.8269,ms,4.827855239389803,17.02001570832162
Server Jitter SHM(1),0.009,0.047,0.074,0.214,1.68, 3.625,21.339,,1.606,3.578,0.728,,0.4454,µs,4.182805976009672,43.010700940874145
Server Offset SHM(0),-31.1292,-22.2511,-18.9981,-10.2677,-0.4323, 3.6495,10.0916,,18.5658,25.9006,5.6859,,-10.0963,ms,-29.542313650242328,106.55219875265082
Server Offset SHM(1),-21.36,-2.256,-0.412,0.003,0.614, 1.716,8.465,,1.026,3.972,0.6001,,0.0001,µs,-7.5229254973124275,103.44153109253348
Temp ZONE0,46.3,48.5,49.6,51.8,55.1, 56.75,58.95,,5.5,8.25,1.8085,,52.1336,°C,21631.68315454645,604306.7461287432
