Name,Min,1%,5%,50%,95%,99%,Max,,90% Range,98% Range,StdDev,,Mean,Units,Skewness,Kurtosis
Local Clock Frequency Offset,7.1764,7.4085,7.5276,7.7464,7.8759, 7.9286,8.0088,,0.3483,0.5201,0.1097,,7.7287,ppm,335318.53149966383,23305231.042320557
Local Clock Time Offset,-21.359,-2.246,-0.413,0.003,0.602, 1.709,8.04,,1.015,3.955,0.6,,-0.0,µs,-7.691748292732232,108.38075987548164
Local RMS Frequency Jitter,0.222,0.583,0.783,1.76,9.046, 18.715,59.001,,8.263,18.132,3.5439,,3.0727,ppb,3.3293748668040863,21.599656494350207
Local RMS Time Jitter,0.037,0.088,0.122,0.279,1.253, 2.221,9.368,,1.131,2.133,0.4497,,0.4379,µs,3.9054133604731414,31.05857041936863
Server Jitter SHM(0),0.1398,0.4307,0.6531,1.559,3.565, 4.8655,10.0984,,2.9118,4.4348,0.9244,,1.7589,ms,4.956154633821314,17.767688590220956
Server Jitter SHM(1),0.009,0.049,0.076,0.217,1.682, 3.649,21.339,,1.606,3.6,0.73,,0.447,µs,4.249099430540045,44.539310825130656
Server Offset SHM(0),-31.1292,-22.1405,-18.4595,-9.3352,0.5499, 5.1883,11.151,,19.0094,27.3288,5.7751,,-9.2184,ms,-25.15937163113174,87.551960858323
Server Offset SHM(1),-21.36,-2.247,-0.414,0.004,0.603, 1.71,8.041,,1.017,3.957,0.6004,,0.0,µs,-7.685113753372909,108.16350845123304
Temp ZONE0,47.95,48.5,49.6,52.9,57.85, 58.95,62.8,,8.25,10.45,2.3969,,53.102,°C,9530.98045530448,203004.49399718325
