Name,Min,1%,5%,50%,95%,99%,Max,,90% Range,98% Range,StdDev,,Mean,Units,Skewness,Kurtosis
Local Clock Frequency Offset,8.7759,9.0609,9.0962,9.142,9.1765, 9.1896,9.2609,,0.0803,0.1288,0.026,,9.1399,ppm,43151863.72004221,15135837085.97997
Local Clock Time Offset,-36.355,-2.094,-0.477,0.012,0.523, 1.724,16.386,,1.0,3.818,0.5817,,-0.0001,µs,-7.199968451107153,146.57309761226455
Local RMS Frequency Jitter,0.303,0.664,0.868,1.818,8.213, 18.198,101.975,,7.345,17.534,3.4031,,3.0173,ppb,4.286328322914701,43.91996804243574
Local RMS Time Jitter,0.049,0.105,0.14,0.283,1.089, 2.069,17.271,,0.949,1.964,0.407,,0.4174,µs,5.627931378742336,83.5872704611897
Server Jitter SHM(0),0.1086,0.3572,0.5434,1.4145,3.4869, 5.3984,8.3525,,2.9435,5.0412,0.9683,,1.6326,ms,4.2928031962096584,16.73976587822324
Server Jitter SHM(1),0.011,0.053,0.083,0.232,1.601, 3.565,35.152,,1.518,3.512,0.7044,,0.4525,µs,5.06718758782606,77.48809085743774
Server Offset SHM(0),9.2672,12.2896,13.5743,18.6331,23.5688, 24.937,28.5299,,9.9945,12.6475,3.1982,,18.4356,ms,122.46912909030368,654.0520525787128
Server Offset SHM(1),-36.356,-2.095,-0.478,0.013,0.524, 1.725,16.387,,1.002,3.82,0.5822,,0.0,µs,-7.193468912442152,146.22403279375192
TDOP,0.61,0.66,0.73,1.08,7.73, 35.86,237.99,,7.0,35.2,10.5757,,2.7761, ,12.769305862110665,248.55448221659077
Temp ZONE0,53.45,54.0,55.1,57.3,58.95, 60.05,63.35,,3.85,6.05,1.2612,,57.2101,°C,87428.97343953881,3884330.883349796
nSats,8.0,10.0,11.0,14.0,16.0, 16.0,17.0,,5.0,6.0,1.368,,13.6275,nSat,746.0604450248129,6914.207663702049
