Name,Min,1%,5%,50%,95%,99%,Max,,90% Range,98% Range,StdDev,,Mean,Units,Skewness,Kurtosis
Local Clock Frequency Offset,8.8002,9.0299,9.1001,9.174,9.2284, 9.2466,9.3077,,0.1283,0.2167,0.0415,,9.1724,ppm,10659799.378829973,2346118053.741102
Local Clock Time Offset,-36.546,-2.103,-0.561,0.018,0.555, 1.76,16.543,,1.116,3.863,0.6273,,-0.0001,µs,-8.38505648556763,199.16408745209964
Local RMS Frequency Jitter,0.375,0.822,1.048,2.089,8.409, 19.035,102.238,,7.361,18.213,3.6611,,3.2626,ppb,5.215076812558513,58.081108609431304
Local RMS Time Jitter,0.062,0.132,0.169,0.329,1.109, 2.26,17.495,,0.94,2.128,0.4513,,0.4599,µs,6.996178994926538,106.28899655989306
Server Jitter SHM(0),0.1024,0.3307,0.4933,1.3326,3.3784, 5.3588,10.6907,,2.8851,5.0281,0.9729,,1.5572,ms,4.067512758135943,16.728495100538307
Server Jitter SHM(1),0.018,0.07,0.108,0.288,1.622, 3.681,35.686,,1.514,3.611,0.7512,,0.5037,µs,6.4597518280684865,108.57906183346915
Server Offset SHM(0),4.097,12.6229,13.889,18.6902,23.3272, 24.6351,27.5844,,9.4382,12.0122,3.1157,,18.4065,ms,132.94200538968244,726.8782237383627
Server Offset SHM(1),-36.547,-2.104,-0.562,0.019,0.556, 1.761,16.544,,1.118,3.865,0.6277,,0.0,µs,-8.37640883470472,198.69469160399908
TDOP,0.64,0.69,0.74,1.11,8.36, 49.67,193.81,,7.62,48.98,10.8196,,3.1919, ,8.015323157635216,113.30909305178007
Temp ZONE0,50.7,52.9,54.0,56.75,58.95, 60.6,62.8,,4.95,7.7,1.49,,56.59,°C,50679.527220523196,1878200.4999144864
nSats,9.0,10.0,11.0,14.0,15.0, 16.0,16.0,,4.0,6.0,1.2608,,13.5606,nSat,957.2995285651386,9614.215591720473
