Name,Min,1%,5%,50%,95%,99%,Max,,90% Range,98% Range,StdDev,,Mean,Units,Skewness,Kurtosis
Local Clock Frequency Offset,8.705,8.8871,8.9387,9.0258,9.0808, 9.1048,9.1581,,0.1421,0.2177,0.0458,,9.0188,ppm,7506214.892653576,1469773914.786658
Local Clock Time Offset,-28.019,-2.099,-0.506,0.01,0.548, 1.77,12.419,,1.054,3.869,0.5951,,0.0,µs,-7.028030603763968,120.90519459936306
Local RMS Frequency Jitter,0.367,0.72,0.934,1.912,8.354, 18.571,77.407,,7.42,17.851,3.4576,,3.1134,ppb,4.110844245299589,33.74237451807944
Local RMS Time Jitter,0.043,0.116,0.149,0.296,1.084, 2.113,14.26,,0.935,1.997,0.414,,0.428,µs,5.619308670341815,68.72711730850422
Server Jitter SHM(0),0.1314,0.3482,0.5249,1.4202,3.3423, 5.096,12.1115,,2.8175,4.7478,0.9322,,1.6136,ms,4.44753633088125,17.974099180964636
Server Jitter SHM(1),0.017,0.059,0.093,0.253,1.62, 3.595,28.042,,1.527,3.536,0.7119,,0.4728,µs,4.973298530123108,62.70555507614063
Server Offset SHM(0),3.139,11.9795,13.6525,18.6857,23.7606, 25.1696,28.3753,,10.1081,13.1901,3.2582,,18.4936,ms,116.28985947554541,611.7457767385977
Server Offset SHM(1),-28.02,-2.1,-0.507,0.011,0.549, 1.771,12.42,,1.056,3.871,0.5955,,0.0001,µs,-7.02189763949378,120.62872773499713
TDOP,0.59,0.66,0.73,1.09,9.19, 35.95,124.67,,8.46,35.29,8.259,,2.9291, ,7.045048111787034,85.11915735339478
Temp ZONE0,51.8,52.35,53.45,55.65,58.4, 60.05,62.8,,4.95,7.7,1.6302,,55.6758,°C,36535.09364825961,1214559.5673696073
nSats,8.0,10.0,11.0,14.0,16.0, 16.0,16.0,,5.0,6.0,1.3344,,13.6657,nSat,816.3632405357373,7791.257068579338
