Name,Min,1%,5%,50%,95%,99%,Max,,90% Range,98% Range,StdDev,,Mean,Units,Skewness,Kurtosis
Local Clock Frequency Offset,-0.5797,9.1077,9.1556,9.2416,9.3061, 9.3499,9.4295,,0.1505,0.2422,0.0793,,9.2383,ppm,1543400.9468919865,178377449.9413579
Local Clock Time Offset,-116939.999,-2.238,-0.675,0.017,0.637, 1.875,81.939,,1.312,4.113,1356.4704,,-23.5764,µs,-69.56964778245343,4848.93895813699
Local RMS Frequency Jitter,0.0,0.8,1.057,2.507,9.261, 19.004,1882.182,,8.204,18.204,11.4032,,3.6554,ppb,104.88848770729717,13816.914520656796
Local RMS Time Jitter,0.059,0.131,0.173,0.378,1.185, 2.229,41344.533,,1.012,2.098,213.4891,,2.8343,µs,128.57536487777512,19340.568011673375
Server Jitter SHM(0),0.0,0.3141,0.4905,1.3542,3.5511, 5.6512,37.9073,,3.0606,5.3371,1.2139,,1.6091,ms,8.994744811575629,185.6953597861545
Server Jitter SHM(1),0.0,0.069,0.107,0.331,1.751, 3.804,4474.453,,1.644,3.735,84.6964,,2.2807,µs,47.393915469058875,2468.735553426508
Server Offset SHM(0),-102.4156,12.5865,13.8495,18.77,23.4783, 24.7652,27.3598,,9.6288,12.1786,3.4629,,18.5015,ms,89.79993516136867,530.620849699592
Server Offset SHM(1),-116939.999,-2.239,-0.677,0.018,0.638, 1.875,81.94,,1.315,4.114,1356.4708,,-23.5782,µs,-69.56959797235379,4848.93369244209
TDOP,0.65,0.69,0.75,1.15,9.82, 32.86,176.17,,9.07,32.17,9.2844,,2.9828, ,8.754296378165686,127.22332698884549
Temp ZONE0,50.7,52.35,53.45,55.65,58.95, 61.15,62.8,,5.5,8.8,1.917,,56.0206,°C,22565.642041740073,639299.6780086701
nSats,5.0,10.0,11.0,14.0,15.0, 16.0,16.0,,4.0,6.0,1.4192,,13.4569,nSat,634.9176629459813,5585.424812947461
