Name,Min,1%,5%,50%,95%,99%,Max,,90% Range,98% Range,StdDev,,Mean,Units,Skewness,Kurtosis
Local Clock Frequency Offset,8.7353,8.9625,9.0359,9.1594,9.2313, 9.2629,9.3479,,0.1955,0.3004,0.0583,,9.152,ppm,3797134.335033269,592438551.7509748
Local Clock Time Offset,-17.378,-2.292,-0.484,0.005,0.532, 1.97,9.541,,1.016,4.262,0.61,,-0.0001,µs,-6.264447311441802,79.55328572468102
Local RMS Frequency Jitter,0.345,0.684,0.862,1.849,9.892, 18.233,52.954,,9.03,17.549,3.5551,,3.178,ppb,3.2440265699060697,20.455415760143786
Local RMS Time Jitter,0.056,0.108,0.137,0.279,1.238, 2.058,8.265,,1.101,1.95,0.4184,,0.4262,µs,4.005198851531382,30.366766367594387
Server Jitter SHM(0),0.1039,0.3336,0.5085,1.3627,3.3091, 5.1633,9.5708,,2.8007,4.8298,0.9316,,1.5625,ms,4.304214566341485,17.439086380872823
Server Jitter SHM(1),0.013,0.05,0.075,0.226,1.806, 3.704,16.814,,1.731,3.654,0.7412,,0.4679,µs,3.7677003480746074,35.132593556374886
Server Offset SHM(0),10.0022,12.2856,13.5071,18.6715,23.7196, 25.1346,27.6661,,10.2125,12.849,3.2603,,18.4288,ms,114.71765401261959,601.4415341541015
Server Offset SHM(1),-17.379,-2.293,-0.485,0.006,0.533, 1.971,9.542,,1.018,4.264,0.6104,,-0.0,µs,-6.260428629227595,79.40704839620405
TDOP,0.62,0.68,0.75,1.12,7.91, 28.42,207.04,,7.16,27.74,10.0136,,2.8847, ,11.862969540487756,212.43343215485064
Temp ZONE0,49.6,51.25,51.8,54.0,56.2, 57.3,58.4,,4.4,6.05,1.3449,,54.1845,°C,60762.84210124106,2391890.3109415313
nSats,4.0,9.0,11.0,14.0,15.0, 16.0,16.0,,4.0,7.0,1.4665,,13.443,nSat,567.739382804164,4809.864374949664
