Name,Min,1%,5%,50%,95%,99%,Max,,90% Range,98% Range,StdDev,,Mean,Units,Skewness,Kurtosis
Local Clock Frequency Offset,7.0659,7.1886,7.2505,7.5115,7.6654, 7.7077,7.8251,,0.4149,0.5191,0.1254,,7.4906,ppm,202879.2836309821,11927932.6422348
Local Clock Time Offset,-17.483,-2.192,-0.399,0.002,0.573, 1.705,7.864,,0.972,3.897,0.5875,,0.0001,µs,-7.342621309951269,100.13160438974255
Local RMS Frequency Jitter,0.243,0.57,0.76,1.71,8.948, 18.605,61.84,,8.188,18.035,3.4968,,3.0036,ppb,3.2794692049610052,20.921631062702378
Local RMS Time Jitter,0.031,0.089,0.121,0.272,1.236, 2.193,9.152,,1.115,2.104,0.4378,,0.429,µs,3.7237754876635534,28.04102184643877
Server Jitter SHM(0),0.2364,0.6982,1.0241,2.8486,9.5922, 14.2716,70.6249,,8.5681,13.5734,3.0826,,3.8245,ms,3.895343116617812,32.77675835246989
Server Jitter SHM(1),0.0,0.048,0.075,0.208,1.648, 3.571,17.42,,1.573,3.523,0.7142,,0.4352,µs,4.12276248058123,41.12810252619253
Server Offset SHM(0),-74.9031,-54.6823,-44.7299,-10.666,17.9066, 24.706,61.2309,,62.6364,79.3883,19.968,,-10.4348,ms,-8.291571298939486,22.822393905481007
Server Offset SHM(1),-17.484,-2.193,-0.4,0.003,0.574, 1.706,7.865,,0.974,3.899,0.5879,,0.0001,µs,-7.336584009216385,99.93357008192294
Temp ZONE0,47.4,47.95,49.05,52.35,56.2, 57.85,60.6,,7.15,9.9,2.103,,52.223,°C,13608.340635262697,326058.17466944474
