Name,Min,1%,5%,50%,95%,99%,Max,,90% Range,98% Range,StdDev,,Mean,Units,Skewness,Kurtosis
Local Clock Frequency Offset,7.8286,7.9841,8.0312,8.4038,8.4916, 8.5286,16.5363,,0.4604,0.5445,0.1354,,8.3774,ppm,225660.97326710724,13747154.558748396
Local Clock Time Offset,-67.269,-2.157,-0.391,0.003,0.536, 1.66,43004.3,,0.927,3.817,316.4959,,3.6305,µs,100.33468987990435,11296.364882732805
Local RMS Frequency Jitter,0.0,0.509,0.677,1.553,8.304, 18.917,1555.621,,7.627,18.408,9.6204,,2.9661,ppb,98.53184737611595,12727.707415982402
Local RMS Time Jitter,0.029,0.081,0.11,0.242,1.12, 2.264,15203.888,,1.01,2.183,78.945,,1.2149,µs,127.46168948817882,19013.819902448962
Server Jitter SHM(0),0.0,0.3691,0.5665,1.4385,3.5984, 5.5997,25.5973,,3.0319,5.2307,1.0349,,1.6809,ms,5.025628182889101,40.134550048478694
Server Jitter SHM(1),0.0,0.041,0.063,0.182,1.658, 3.712,4473.064,,1.595,3.671,47.8217,,1.0527,µs,81.17300337340582,7205.451437503333
Server Offset SHM(0),8.3829,11.7794,13.293,18.5711,23.7725, 25.3139,59.3964,,10.4796,13.5345,3.3527,,18.4628,ms,105.18507854532726,539.9215312691183
Server Offset SHM(1),-67.27,-2.158,-0.392,0.004,0.537, 1.661,43004.3,,0.929,3.819,316.497,,3.6321,µs,100.33355912779571,11296.196346969116
TDOP,0.59,0.67,0.73,1.12,6.59, 34.73,268.93,,5.86,34.06,9.0692,,2.5922, ,16.374906197572983,433.5420029829056
Temp ZONE0,47.4,48.5,49.6,54.55,58.4, 60.05,61.7,,8.8,11.55,2.4933,,54.4327,°C,9102.504746002605,190910.19069182797
nSats,5.0,5.0,5.0,13.0,15.0, 16.0,16.0,,10.0,11.0,2.4815,,12.9115,nSat,84.94162279977417,392.53595127802487
