Name,Min,1%,5%,50%,95%,99%,Max,,90% Range,98% Range,StdDev,,Mean,Units,Skewness,Kurtosis
Local Clock Frequency Offset,8.7031,8.9249,8.9931,9.1747,9.2899, 9.3515,9.4381,,0.2969,0.4265,0.0911,,9.1632,ppm,987318.3537283906,98332389.28043908
Local Clock Time Offset,-21.484,-2.267,-0.592,0.013,0.602, 1.958,12.645,,1.194,4.225,0.6375,,0.0001,µs,-6.350815790893225,89.62450916832321
Local RMS Frequency Jitter,0.412,0.824,1.095,2.26,9.7, 18.53,68.13,,8.605,17.706,3.5686,,3.4796,ppb,4.118272252777366,31.709793373528946
Local RMS Time Jitter,0.069,0.129,0.172,0.342,1.226, 2.08,9.415,,1.054,1.951,0.4186,,0.4746,µs,5.048159163047208,46.15436831106504
Server Jitter SHM(0),0.0697,0.34,0.5212,1.3643,3.1675, 4.855,8.7583,,2.6463,4.515,0.8787,,1.5444,ms,4.566110389115586,18.283796752375814
Server Jitter SHM(1),0.013,0.066,0.104,0.308,1.817, 3.686,21.116,,1.713,3.62,0.7433,,0.5342,µs,4.70664085954255,52.7698284293841
Server Offset SHM(0),9.9934,11.9665,13.1323,18.6198,23.5477, 24.8624,28.296,,10.4155,12.8959,3.3361,,18.3224,ms,104.11039163328284,529.9509409731774
Server Offset SHM(1),-21.485,-2.268,-0.593,0.014,0.603, 1.959,12.646,,1.196,4.227,0.638,,0.0001,µs,-6.346186174001863,89.43617868738484
TDOP,0.63,0.68,0.75,1.19,11.21, 39.57,197.55,,10.46,38.89,10.097,,3.3554, ,8.459033427165467,131.01711362151585
Temp ZONE0,48.5,49.6,50.7,52.9,57.85, 58.95,60.6,,7.15,9.35,1.9583,,53.3078,°C,18109.743820734522,477008.01673769945
nSats,5.0,10.0,12.0,14.0,15.0, 16.0,16.0,,3.0,6.0,1.2823,,13.5439,nSat,902.3572911341195,8888.70852318672
