Name,Min,1%,5%,50%,95%,99%,Max,,90% Range,98% Range,StdDev,,Mean,Units,Skewness,Kurtosis
Local Clock Frequency Offset,6.9737,7.3009,7.413,7.5759,7.74, 7.7914,7.9504,,0.327,0.4905,0.0938,,7.5751,ppm,508209.9786418406,40568867.29053654
Local Clock Time Offset,-18.0,-2.25,-0.406,0.001,0.617, 1.717,8.033,,1.023,3.967,0.6003,,0.0001,µs,-7.609428143013799,105.53802624771862
Local RMS Frequency Jitter,0.221,0.564,0.757,1.728,9.027, 18.955,49.735,,8.27,18.391,3.563,,3.0623,ppb,3.2302055406232784,20.177685236362183
Local RMS Time Jitter,0.034,0.088,0.12,0.274,1.248, 2.233,9.338,,1.128,2.145,0.4488,,0.4352,µs,3.797283671148004,29.233220542983656
Server Jitter SHM(0),0.1946,0.5334,0.8235,1.9612,6.6298, 11.239,49.6075,,5.8063,10.7057,2.1056,,2.5679,ms,4.5256338646214305,38.932625203196594
Server Jitter SHM(1),0.0,0.048,0.075,0.21,1.677, 3.637,18.0,,1.602,3.589,0.731,,0.4425,µs,4.179444388822574,42.674001724685304
Server Offset SHM(0),-67.2028,-53.4136,-42.146,-14.7223,-1.2819, 3.7832,24.4059,,40.8641,57.1968,12.5091,,-17.3795,ms,-21.66403669670168,78.46640201807485
Server Offset SHM(1),-18.0,-2.251,-0.407,0.002,0.618, 1.718,8.034,,1.025,3.969,0.6007,,0.0001,µs,-7.603026224908719,105.32962074699711
Temp ZONE0,47.4,48.5,49.6,51.8,54.55, 55.65,56.75,,4.95,7.15,1.5957,,51.9653,°C,31547.450925712346,998834.2744355999
