Name,Min,1%,5%,50%,95%,99%,Max,,90% Range,98% Range,StdDev,,Mean,Units,Skewness,Kurtosis
Local Clock Frequency Offset,8.699,8.946,9.0117,9.1004,9.1475, 9.1609,9.225,,0.1358,0.2148,0.0444,,9.0921,ppm,8462515.67159451,1724593534.4757013
Local Clock Time Offset,-28.581,-2.112,-0.515,0.011,0.557, 1.774,16.5,,1.072,3.886,0.6029,,-0.0,µs,-7.0755528571061514,132.66675122189653
Local RMS Frequency Jitter,0.307,0.729,0.942,1.933,8.456, 18.527,89.884,,7.514,17.798,3.5126,,3.1432,ppb,4.379447003704633,41.716578423726425
Local RMS Time Jitter,0.053,0.116,0.152,0.301,1.102, 2.128,12.854,,0.95,2.012,0.4211,,0.4349,µs,5.635269100743647,67.97317960882492
Server Jitter SHM(0),0.1208,0.3519,0.5313,1.4111,3.3404, 5.1431,9.5447,,2.8092,4.7913,0.9277,,1.6064,ms,4.48153137679921,17.951586325050872
Server Jitter SHM(1),0.012,0.06,0.093,0.256,1.635, 3.627,26.943,,1.542,3.567,0.7233,,0.4788,µs,5.25938040230501,73.41252532527756
Server Offset SHM(0),9.1296,12.3816,13.6654,18.5505,23.4535, 24.7078,27.5713,,9.788,12.3262,3.1484,,18.4195,ms,128.6838535641041,697.0884892238919
Server Offset SHM(1),-28.582,-2.113,-0.516,0.012,0.558, 1.775,16.501,,1.074,3.888,0.6033,,0.0,µs,-7.0694303410308565,132.3640496920589
TDOP,0.6,0.67,0.73,1.07,11.24, 43.07,232.46,,10.51,42.4,10.3431,,3.3187, ,9.298550616012461,164.77080791184056
Temp ZONE0,52.35,52.9,54.0,55.65,57.85, 58.95,60.6,,3.85,6.05,1.3062,,55.8739,°C,73036.63141647016,3056461.3638182157
nSats,8.0,10.0,11.0,14.0,15.0, 16.0,16.0,,4.0,6.0,1.3677,,13.5187,nSat,727.4089625824558,6689.161435830205
