Name,Min,1%,5%,50%,95%,99%,Max,,90% Range,98% Range,StdDev,,Mean,Units,Skewness,Kurtosis
Local Clock Frequency Offset,6.7269,6.88,7.0002,7.361,7.5292, 7.6184,7.8299,,0.529,0.7383,0.1603,,7.3228,ppm,89319.0955888646,3996532.175059645
Local Clock Time Offset,-21.477,-2.459,-0.467,-0.004,0.778, 1.917,13.1,,1.245,4.376,0.6196,,-0.0001,µs,-6.2141053135087185,66.64396561613687
Local RMS Frequency Jitter,0.0,0.541,0.737,1.861,10.572, 16.919,146.763,,9.835,16.378,3.5884,,3.3377,ppb,3.4828276359748034,50.61872568850339
Local RMS Time Jitter,0.031,0.082,0.113,0.267,1.332, 2.078,10.551,,1.219,1.996,0.4433,,0.4473,µs,3.0767570910184503,23.19945409363566
Server Jitter SHM(0),0.0,0.8759,1.2443,3.3399,8.984, 15.7405,240.1092,,7.7397,14.8646,4.0596,,4.116,ms,22.63325941808827,1001.4430335461303
Server Jitter SHM(1),0.0,0.044,0.068,0.203,1.934, 3.526,20.675,,1.866,3.482,0.7264,,0.4686,µs,2.9488285309787536,26.053458999187146
Server Offset SHM(0),-24.9704,-7.5767,-2.2602,10.2981,102.9295, 111.2299,247.1251,,105.1897,118.8067,30.4134,,19.6328,ms,1.2202128413842097,4.769184942620274
Server Offset SHM(1),-331.3894,-0.0025,-0.0005,-0.0,0.0008, 0.0019,0.0131,,0.0012,0.0044,0.6028,,-0.0011,ms,-553.7518104112281,304426.35362077534
TDOP,0.59,0.67,0.74,1.07,7.25, 26.74,92.37,,6.51,26.07,5.4279,,2.3837, ,7.610218448214875,102.06637506947526
Temp ZONE0,45.75,46.85,47.95,51.25,55.65, 57.3,58.95,,7.7,10.45,2.2771,,51.3125,°C,10051.522127873683,217880.95211081638
nSats,4.0,10.0,11.0,14.0,16.0, 17.0,17.0,,5.0,7.0,1.5251,,13.5789,nSat,516.8162577156777,4263.320935168157
