Name,Min,1%,5%,50%,95%,99%,Max,,90% Range,98% Range,StdDev,,Mean,Units,Skewness,Kurtosis
Local Clock Frequency Offset,7.1165,7.3626,7.457,7.6337,7.8158, 7.8714,8.0079,,0.3589,0.5088,0.1139,,7.6406,ppm,288801.0151341862,19098360.666494783
Local Clock Time Offset,-21.359,-2.248,-0.411,0.001,0.619, 1.717,8.464,,1.03,3.965,0.6001,,0.0001,µs,-7.507119692862071,104.66447566357277
Local RMS Frequency Jitter,0.221,0.565,0.766,1.76,9.039, 18.776,59.001,,8.273,18.211,3.5435,,3.0753,ppb,3.288425504974384,20.968754074947995
Local RMS Time Jitter,0.038,0.086,0.12,0.278,1.246, 2.196,9.331,,1.126,2.11,0.4442,,0.4355,µs,3.807427051093905,29.237368604666475
Server Jitter SHM(0),0.1002,0.449,0.6805,1.6364,3.7515, 5.086,11.0291,,3.071,4.637,0.9755,,1.8524,ms,4.8754262672192015,17.064212711120515
Server Jitter SHM(1),0.009,0.047,0.074,0.214,1.675, 3.629,21.339,,1.601,3.582,0.7286,,0.4451,µs,4.211504680771601,43.706837636282344
Server Offset SHM(0),-31.1292,-22.6479,-19.5202,-10.2963,-0.17, 3.9358,10.0916,,19.3502,26.5838,5.8978,,-10.1554,ms,-28.18880501410822,100.57632930672307
Server Offset SHM(1),-21.36,-2.249,-0.412,0.002,0.62, 1.718,8.465,,1.032,3.967,0.6006,,0.0001,µs,-7.500831728382833,104.45542237417718
Temp ZONE0,46.3,48.5,49.05,51.8,55.1, 56.2,58.95,,6.05,7.7,1.7147,,51.8707,°C,25113.473491977667,737184.0333099104
