Name,Min,1%,5%,50%,95%,99%,Max,,90% Range,98% Range,StdDev,,Mean,Units,Skewness,Kurtosis
Local Clock Frequency Offset,8.3654,8.504,8.6052,8.9291,9.021, 9.0492,9.1134,,0.4158,0.5453,0.123,,8.8953,ppm,362721.06312202796,25877944.49518796
Local Clock Time Offset,-17.831,-2.098,-0.441,0.006,0.512, 1.752,9.082,,0.953,3.85,0.5576,,0.0001,µs,-6.227596352973901,75.11345774477203
Local RMS Frequency Jitter,0.217,0.61,0.795,1.721,8.261, 17.834,50.067,,7.466,17.224,3.2407,,2.9159,ppb,3.2430019785758333,19.281168051011313
Local RMS Time Jitter,0.035,0.095,0.126,0.265,1.066, 1.955,7.588,,0.94,1.86,0.3711,,0.3954,µs,3.806515430443107,26.007183627537795
Server Jitter SHM(0),0.0,0.3468,0.5374,1.3889,3.3943, 5.3104,9.0856,,2.857,4.9637,0.9473,,1.6005,ms,4.322776930995745,17.03849621959086
Server Jitter SHM(1),0.0,0.046,0.072,0.211,1.573, 3.429,17.371,,1.501,3.383,0.669,,0.4292,µs,3.812374858803543,34.5179437758316
Server Offset SHM(0),9.011,12.7641,13.993,18.8686,23.7825, 24.9483,27.9278,,9.7895,12.1842,3.1909,,18.7412,ms,130.37262307066868,708.7928076141832
Server Offset SHM(1),-17.832,-2.099,-0.442,0.007,0.513, 1.753,9.083,,0.955,3.852,0.5581,,0.0001,µs,-6.223107712117642,74.95853749771372
TDOP,0.61,0.68,0.73,1.09,6.62, 25.63,124.37,,5.89,24.95,6.6497,,2.3962, ,9.44908868429738,144.5119838777243
Temp ZONE0,47.4,49.05,50.15,55.1,58.95, 60.6,62.8,,8.8,11.55,2.7416,,54.7092,°C,6867.385827291878,131246.6631864472
nSats,9.0,11.0,12.0,14.0,16.0, 16.0,16.0,,4.0,5.0,1.184,,13.7509,nSat,1227.3472629950822,13357.754454365726
