Name,Min,1%,5%,50%,95%,99%,Max,,90% Range,98% Range,StdDev,,Mean,Units,Skewness,Kurtosis
Local Clock Frequency Offset,8.2998,8.4535,8.5764,8.9333,9.0211, 9.0493,9.1134,,0.4447,0.5958,0.1363,,8.8898,ppm,265210.90002182167,17047424.7298362
Local Clock Time Offset,-17.831,-2.092,-0.439,0.006,0.511, 1.742,9.082,,0.95,3.834,0.5547,,-0.0001,µs,-6.163431985583338,72.57077602370376
Local RMS Frequency Jitter,0.217,0.611,0.799,1.72,8.226, 17.71,50.067,,7.427,17.099,3.2186,,2.9061,ppb,3.2404712988259905,19.134473232473134
Local RMS Time Jitter,0.035,0.095,0.126,0.264,1.059, 1.936,7.588,,0.933,1.841,0.367,,0.3935,µs,3.788019735702288,25.494033192602323
Server Jitter SHM(0),0.0,0.3442,0.5332,1.3858,3.4101, 5.3385,9.0856,,2.8769,4.9944,0.9529,,1.6006,ms,4.283583133851923,16.877102751265944
Server Jitter SHM(1),0.0,0.047,0.073,0.212,1.567, 3.416,17.371,,1.494,3.369,0.6642,,0.4283,µs,3.794662575621762,33.85234073283749
Server Offset SHM(0),9.011,12.89,14.0331,18.9407,23.7719, 24.9611,27.9278,,9.7388,12.0712,3.1735,,18.7727,ms,133.519531743114,730.9225928386426
Server Offset SHM(1),-17.832,-2.093,-0.44,0.007,0.512, 1.743,9.083,,0.952,3.836,0.5551,,-0.0001,µs,-6.159043221342851,72.42112290010452
TDOP,0.61,0.68,0.73,1.1,6.36, 24.75,124.37,,5.63,24.07,6.3882,,2.3156, ,10.118487900538849,163.79855439647304
Temp ZONE0,47.4,48.5,49.6,55.1,58.95, 60.6,62.8,,9.35,12.1,2.8471,,54.6384,°C,6073.821454926821,111471.80852467491
nSats,9.0,11.0,12.0,14.0,16.0, 16.0,16.0,,4.0,5.0,1.1863,,13.7242,nSat,1211.9377751850702,13137.269818083894
