Name,Min,1%,5%,50%,95%,99%,Max,,90% Range,98% Range,StdDev,,Mean,Units,Skewness,Kurtosis
Local Clock Frequency Offset,7.7786,7.9263,7.9875,8.1556,8.2708, 8.3249,8.3936,,0.2833,0.3986,0.0827,,8.1499,ppm,928893.3946029277,90652216.7606482
Local Clock Time Offset,-18.77,-2.212,-0.452,0.004,0.527, 1.792,11.097,,0.979,4.004,0.5604,,-0.0,µs,-6.148191686969832,73.70857565185386
Local RMS Frequency Jitter,0.315,0.59,0.767,1.746,8.777, 16.726,60.094,,8.01,16.136,3.2209,,2.97,ppb,3.125550120539206,19.95304718555825
Local RMS Time Jitter,0.04,0.091,0.119,0.258,1.059, 1.89,9.456,,0.94,1.799,0.3747,,0.3926,µs,3.8863333873703962,31.63033484243181
Server Jitter SHM(0),0.1011,0.3352,0.5034,1.3665,3.5693, 5.5175,12.0661,,3.0658,5.1823,1.0128,,1.6025,ms,3.97404129939458,16.20928962255424
Server Jitter SHM(1),0.011,0.041,0.063,0.203,1.701, 3.332,20.08,,1.638,3.291,0.6753,,0.4336,µs,3.507560540327431,33.5598975608443
Server Offset SHM(0),4.2232,12.4438,13.481,18.408,23.165, 24.8198,28.6811,,9.6839,12.376,3.1571,,18.168,ms,121.8157000754232,649.9723073714185
Server Offset SHM(1),-18.771,-2.213,-0.453,0.005,0.528, 1.793,11.098,,0.981,4.006,0.5608,,0.0,µs,-6.144068910002341,73.561825273424
TDOP,0.62,0.72,0.79,1.23,9.52, 32.8,269.61,,8.73,32.08,10.3081,,3.2253, ,12.782212441366905,282.2086710222502
Temp ZONE0,49.05,50.15,50.7,53.45,57.3, 58.4,60.6,,6.6,8.25,1.905,,53.4892,°C,19935.29493972212,542055.9262531127
nSats,7.0,10.0,11.0,14.0,15.0, 16.0,16.0,,4.0,6.0,1.2942,,13.6205,nSat,891.9482870678287,8753.2204227133
