Name,Min,1%,5%,50%,95%,99%,Max,,90% Range,98% Range,StdDev,,Mean,Units,Skewness,Kurtosis
Local Clock Frequency Offset,6.9737,7.2955,7.3667,7.5548,7.6746, 7.7251,7.8546,,0.3079,0.4296,0.0928,,7.5412,ppm,517321.63565911003,41541354.4273518
Local Clock Time Offset,-18.0,-2.223,-0.402,0.002,0.59, 1.706,8.033,,0.992,3.929,0.598,,0.0001,µs,-7.599940699862253,106.35611008380451
Local RMS Frequency Jitter,0.221,0.562,0.755,1.719,8.95, 19.104,61.84,,8.195,18.542,3.5767,,3.0358,ppb,3.301936733840169,21.110585126805383
Local RMS Time Jitter,0.034,0.088,0.12,0.273,1.24, 2.25,9.338,,1.12,2.162,0.4478,,0.4326,µs,3.778499700867498,28.412001106419805
Server Jitter SHM(0),0.1946,0.5809,0.8801,2.1781,8.318, 12.8689,70.6249,,7.4379,12.288,2.7325,,3.0785,ms,4.5275829845268785,48.82488041003202
Server Jitter SHM(1),0.0,0.048,0.074,0.209,1.655, 3.675,18.0,,1.581,3.627,0.7308,,0.4392,µs,4.224783932395628,42.837296853865254
Server Offset SHM(0),-74.9031,-54.6823,-44.7299,-16.344,1.0071, 9.0334,61.2309,,45.737,63.7156,14.086,,-18.1719,ms,-19.176647791656258,66.06949131294873
Server Offset SHM(1),-18.0,-2.224,-0.403,0.003,0.591, 1.707,8.034,,0.994,3.931,0.5984,,0.0001,µs,-7.593581130186449,106.14774795393609
Temp ZONE0,47.4,48.5,49.6,51.8,55.65, 57.85,60.6,,6.05,9.35,1.8687,,52.1551,°C,19568.65048877237,528825.3017581058
