Name,Min,1%,5%,50%,95%,99%,Max,,90% Range,98% Range,StdDev,,Mean,Units,Skewness,Kurtosis
Local Clock Frequency Offset,7.9992,8.178,8.351,8.5535,8.67, 8.716,8.7765,,0.319,0.538,0.0913,,8.5398,ppm,793412.7459492565,73467943.58791643
Local Clock Time Offset,-18.542,-2.095,-0.431,0.007,0.568, 1.645,9.965,,0.999,3.74,0.577,,0.0,µs,-6.897994206020171,86.96023779695253
Local RMS Frequency Jitter,0.0,0.581,0.763,1.609,8.36, 18.708,51.26,,7.597,18.127,3.4219,,2.9394,ppb,3.169315313960871,19.24244537853962
Local RMS Time Jitter,0.039,0.091,0.122,0.253,1.112, 2.231,8.291,,0.99,2.14,0.4177,,0.4037,µs,3.7747852111385103,26.609778583800217
Server Jitter SHM(0),0.0,0.3933,0.6037,1.5095,3.6645, 5.5746,11.1708,,3.0607,5.1813,1.0056,,1.7419,ms,4.442215780402754,17.11311356616928
Server Jitter SHM(1),0.0,0.048,0.074,0.203,1.664, 3.58,18.441,,1.59,3.532,0.7036,,0.4337,µs,3.852869212850801,36.0677377182845
Server Offset SHM(0),8.1517,12.2076,13.5049,18.6436,23.8643, 25.1668,27.9617,,10.3594,12.9592,3.2597,,18.639,ms,119.17337829652148,631.215913512813
Server Offset SHM(1),-178180.801,-2.097,-0.432,0.008,0.569, 1.646,9.966,,1.001,3.743,324.0229,,-0.5892,µs,-553.907380800216,304598.693175047
TDOP,0.59,0.67,0.74,1.17,8.56, 31.65,121.27,,7.82,30.98,7.2743,,2.8608, ,7.204527694100854,93.0172490986648
Temp ZONE0,48.5,49.05,50.15,56.2,59.5, 60.05,67.2,,9.35,11.0,3.0435,,55.4585,°C,5159.255275199703,89729.80875328236
nSats,5.0,5.0,5.0,13.0,15.0, 16.0,16.0,,10.0,11.0,2.5773,,12.773,nSat,71.96365827460141,316.0770260974166
