Name,Min,1%,5%,50%,95%,99%,Max,,90% Range,98% Range,StdDev,,Mean,Units,Skewness,Kurtosis
Local Clock Frequency Offset,8.0592,8.1826,8.2743,8.4796,8.6032, 8.6325,8.7169,,0.3289,0.4498,0.099,,8.4627,ppm,602750.8208447993,50929654.858489595
Local Clock Time Offset,-14.443,-2.169,-0.367,0.002,0.565, 1.69,8.364,,0.932,3.859,0.5822,,0.0,µs,-6.648013668554936,78.1061826843082
Local RMS Frequency Jitter,0.246,0.495,0.645,1.425,8.5, 19.257,44.712,,7.855,18.762,3.5453,,2.8548,ppb,2.820149547255634,15.903118108468549
Local RMS Time Jitter,0.034,0.078,0.106,0.23,1.169, 2.302,5.91,,1.063,2.224,0.4345,,0.397,µs,3.175911610417538,19.031188877812408
Server Jitter SHM(0),0.0701,0.3722,0.5651,1.4215,3.4375, 5.4602,9.0274,,2.8724,5.0881,0.9584,,1.6396,ms,4.467910409016398,17.920168684315406
Server Jitter SHM(1),0.01,0.041,0.062,0.172,1.706, 3.835,14.397,,1.644,3.794,0.7207,,0.4094,µs,3.4484994705206353,29.536210223682396
Server Offset SHM(0),9.3065,12.5506,13.8903,19.0389,23.9889, 25.2553,27.6992,,10.0986,12.7048,3.2429,,18.8466,ms,125.82863832181282,676.8607628100871
Server Offset SHM(1),-14.444,-2.17,-0.368,0.003,0.566, 1.691,8.365,,0.934,3.861,0.5826,,0.0,µs,-6.643591216115727,77.9720259445523
TDOP,0.59,0.67,0.73,1.12,7.22, 30.85,157.92,,6.49,30.18,7.1493,,2.6718, ,9.850090870360205,170.26699730684552
Temp ZONE0,48.5,49.6,50.7,53.45,56.2, 57.85,66.65,,5.5,8.25,1.8359,,53.4307,°C,22279.358881662174,628505.2377099022
nSats,5.0,5.0,5.0,13.0,15.0, 16.0,16.0,,10.0,11.0,3.0559,,12.486,nSat,37.157856142802686,133.57873538326234
