Name,Min,1%,5%,50%,95%,99%,Max,,90% Range,98% Range,StdDev,,Mean,Units,Skewness,Kurtosis
Local Clock Frequency Offset,8.3657,8.5483,8.6332,8.9286,9.0183, 9.048,9.1134,,0.3851,0.4997,0.1088,,8.9046,ppm,529264.7868707114,42824591.8563283
Local Clock Time Offset,-14.767,-2.104,-0.438,0.006,0.513, 1.756,9.082,,0.951,3.86,0.5587,,-0.0001,µs,-6.192807335147845,72.15494531655695
Local RMS Frequency Jitter,0.217,0.606,0.793,1.714,8.288, 17.893,43.123,,7.495,17.287,3.2486,,2.9193,ppb,3.1885735812990275,18.401868126701007
Local RMS Time Jitter,0.035,0.095,0.126,0.264,1.071, 1.978,5.754,,0.945,1.883,0.373,,0.3961,µs,3.7208831006297824,24.042500484642826
Server Jitter SHM(0),0.0,0.3422,0.5324,1.3895,3.4137, 5.2955,9.0856,,2.8813,4.9533,0.9546,,1.6032,ms,4.278519271070064,16.911477626557165
Server Jitter SHM(1),0.0,0.046,0.072,0.21,1.584, 3.445,14.421,,1.512,3.399,0.6714,,0.4298,µs,3.7315414924155923,32.56950818786034
Server Offset SHM(0),9.011,12.7996,14.017,18.9451,23.847, 25.0022,27.9278,,9.83,12.2025,3.1985,,18.7827,ms,130.29861587203015,708.3126589250452
Server Offset SHM(1),-14.768,-2.105,-0.439,0.007,0.514, 1.757,9.083,,0.953,3.862,0.5591,,-0.0,µs,-6.18841691785236,72.00907642515926
TDOP,0.6,0.67,0.73,1.11,6.85, 27.81,124.37,,6.12,27.14,6.4656,,2.467, ,9.453439174913923,149.6798533895525
Temp ZONE0,47.95,49.05,50.15,55.1,58.95, 60.6,62.8,,8.8,11.55,2.5578,,54.8958,°C,8628.934464563523,177821.0246584648
nSats,9.0,11.0,12.0,14.0,16.0, 16.0,16.0,,4.0,5.0,1.1912,,13.7426,nSat,1201.1620942976867,12982.126206683912
