Name,Min,1%,5%,50%,95%,99%,Max,,90% Range,98% Range,StdDev,,Mean,Units,Skewness,Kurtosis
Local Clock Frequency Offset,6.9737,7.3009,7.4121,7.5728,7.7116, 7.7865,7.9504,,0.2995,0.4856,0.0897,,7.5691,ppm,579743.7042478477,48354668.78458856
Local Clock Time Offset,-18.0,-2.257,-0.405,0.001,0.618, 1.72,8.033,,1.023,3.977,0.6002,,0.0,µs,-7.587612073413183,104.69194292269762
Local RMS Frequency Jitter,0.221,0.564,0.756,1.73,9.038, 18.938,49.735,,8.282,18.374,3.5615,,3.0641,ppb,3.21964081237691,20.076544627493746
Local RMS Time Jitter,0.034,0.088,0.12,0.274,1.25, 2.232,9.338,,1.13,2.144,0.4485,,0.4351,µs,3.7753433779547136,28.991814759208225
Server Jitter SHM(0),0.1946,0.5481,0.8388,1.9809,6.729, 11.3824,49.6075,,5.8903,10.8343,2.1538,,2.6087,ms,4.535432261365275,38.896997237033524
Server Jitter SHM(1),0.0,0.048,0.075,0.209,1.68, 3.631,18.0,,1.605,3.583,0.7308,,0.4425,µs,4.156626538417791,42.312757549771774
Server Offset SHM(0),-74.9031,-54.6785,-44.6953,-15.0795,-1.2861, 3.7832,24.4059,,43.4093,58.4617,13.1631,,-18.0509,ms,-21.33327252788276,77.18674370440132
Server Offset SHM(1),-18.0,-2.258,-0.406,0.002,0.619, 1.721,8.034,,1.025,3.979,0.6007,,0.0,µs,-7.581262945911271,104.48562161483359
Temp ZONE0,47.4,48.5,49.6,51.8,54.55, 56.2,57.3,,4.95,7.7,1.5869,,51.9409,°C,32047.148460410586,1019967.1234298631
