Name,Min,1%,5%,50%,95%,99%,Max,,90% Range,98% Range,StdDev,,Mean,Units,Skewness,Kurtosis
Local Clock Frequency Offset,7.1764,7.4086,7.5363,7.7425,7.876, 7.9286,8.0088,,0.3396,0.5201,0.1068,,7.7285,ppm,363454.0273892658,25947782.083436754
Local Clock Time Offset,-21.359,-2.246,-0.413,0.003,0.606, 1.705,8.04,,1.019,3.951,0.5985,,0.0001,µs,-7.594824611086641,104.77005010406756
Local RMS Frequency Jitter,0.222,0.574,0.777,1.758,9.045, 18.642,59.001,,8.268,18.068,3.5308,,3.0702,ppb,3.2943128200417044,21.052409782369242
Local RMS Time Jitter,0.037,0.088,0.121,0.278,1.252, 2.207,9.368,,1.131,2.119,0.4464,,0.4369,µs,3.8259297093454836,29.639088136012038
Server Jitter SHM(0),0.1398,0.4288,0.6505,1.548,3.544, 4.8751,10.0984,,2.8936,4.4463,0.9238,,1.7495,ms,4.932129205235318,17.821061428067285
Server Jitter SHM(1),0.009,0.048,0.076,0.216,1.682, 3.643,21.339,,1.606,3.595,0.7278,,0.4465,µs,4.187778016591661,43.02555400416615
Server Offset SHM(0),-31.1292,-22.1464,-18.6885,-9.4463,0.5929, 5.1649,11.151,,19.2814,27.3113,5.8519,,-9.3207,ms,-25.07540304861465,87.06853717166265
Server Offset SHM(1),-21.36,-2.247,-0.414,0.004,0.607, 1.706,8.041,,1.021,3.953,0.5989,,0.0001,µs,-7.588354889316141,104.56097325964261
Temp ZONE0,47.95,48.5,49.6,52.9,57.3, 58.95,62.8,,7.7,10.45,2.3013,,53.0125,°C,10767.555125738816,238778.9210514921
