Name,Min,1%,5%,50%,95%,99%,Max,,90% Range,98% Range,StdDev,,Mean,Units,Skewness,Kurtosis
Local Clock Frequency Offset,0.1853,7.9106,7.9844,8.3676,8.4632, 8.4933,8.5724,,0.4788,0.5827,0.1643,,8.3026,ppm,121654.74507912586,6032425.1954216175
Local Clock Time Offset,-100105.547,-2.199,-0.434,0.004,0.516, 1.704,68.67,,0.95,3.903,1029.3397,,-14.8132,µs,-81.50257296381548,6588.290412642163
Local RMS Frequency Jitter,0.0,0.576,0.74,1.7,8.295, 18.354,1577.603,,7.555,17.778,9.7049,,3.016,ppb,100.10761933574734,12993.514538770905
Local RMS Time Jitter,0.041,0.09,0.117,0.256,1.083, 2.198,35392.656,,0.966,2.108,188.7118,,2.6772,µs,118.7002179527184,17079.676674651244
Server Jitter SHM(0),0.0,0.3652,0.5526,1.3842,3.5007, 5.5832,28.113,,2.9481,5.218,1.0223,,1.6236,ms,5.030279979151005,43.25152527863741
Server Jitter SHM(1),0.0,0.042,0.064,0.197,1.633, 3.604,4474.947,,1.569,3.562,65.6956,,1.5344,µs,60.32363845648139,3981.082641877842
Server Offset SHM(0),-79.1723,11.3079,13.1309,18.2042,23.3048, 24.9285,28.0183,,10.1739,13.6206,3.458,,18.0357,ms,85.33847291410075,441.8092789530785
Server Offset SHM(1),-100105.547,-2.2,-0.435,0.005,0.517, 1.705,68.671,,0.952,3.905,1029.3401,,-14.8147,µs,-81.5024980575002,6588.281472558776
TDOP,0.57,0.66,0.72,1.07,6.52, 24.59,152.27,,5.8,23.93,6.6143,,2.3756, ,10.358476576573048,185.4276756220559
Temp ZONE0,46.85,47.95,49.05,54.55,58.4, 60.05,65.55,,9.35,12.1,3.0821,,54.1212,°C,4590.640439955302,76835.97179411903
nSats,8.0,10.0,11.0,14.0,16.0, 16.0,16.0,,5.0,6.0,1.371,,13.4718,nSat,713.550188231811,6521.615182733006
