Name,Min,1%,5%,50%,95%,99%,Max,,90% Range,98% Range,StdDev,,Mean,Units,Skewness,Kurtosis
Local Clock Frequency Offset,8.7726,9.0076,9.0415,9.1158,9.1591, 9.1758,9.2277,,0.1176,0.1681,0.0366,,9.1098,ppm,15185192.436453318,3760461741.268771
Local Clock Time Offset,-28.581,-2.114,-0.518,0.013,0.552, 1.762,16.5,,1.07,3.876,0.6043,,0.0,µs,-6.984892491935833,122.61515691610708
Local RMS Frequency Jitter,0.307,0.738,0.951,1.938,8.437, 18.646,89.884,,7.486,17.908,3.521,,3.1505,ppb,4.296085216734464,38.63332452839278
Local RMS Time Jitter,0.053,0.118,0.154,0.303,1.102, 2.159,12.854,,0.948,2.041,0.4239,,0.4371,µs,5.482890143986655,61.07012267444074
Server Jitter SHM(0),0.1208,0.3549,0.5314,1.4084,3.3666, 5.2445,9.0566,,2.8351,4.8896,0.9387,,1.6088,ms,4.44072711824704,17.851382993288418
Server Jitter SHM(1),0.012,0.061,0.094,0.259,1.639, 3.65,26.943,,1.545,3.589,0.7252,,0.4807,µs,5.134778450598886,67.07468695304654
Server Offset SHM(0),9.1296,12.5369,13.692,18.6185,23.5468, 24.7882,27.5713,,9.8549,12.2514,3.1777,,18.4671,ms,125.8479808989203,677.3383908870987
Server Offset SHM(1),-28.582,-2.115,-0.519,0.014,0.553, 1.763,16.501,,1.072,3.878,0.6048,,0.0001,µs,-6.978958493998606,122.34046496085145
TDOP,0.6,0.66,0.72,1.09,9.72, 43.07,232.46,,9.0,42.41,10.4093,,3.0959, ,9.546076105920397,166.36974456104807
Temp ZONE0,52.35,53.45,54.0,56.2,58.4, 58.95,60.6,,4.4,5.5,1.2251,,56.2042,°C,90506.12681091802,4067570.9014033694
nSats,8.0,10.0,11.0,14.0,16.0, 16.0,16.0,,5.0,6.0,1.3267,,13.593,nSat,817.6033148591973,7804.589360235139
