Name,Min,1%,5%,50%,95%,99%,Max,,90% Range,98% Range,StdDev,,Mean,Units,Skewness,Kurtosis
Local Clock Frequency Offset,7.1764,7.4085,7.528,7.7489,7.8784, 7.9294,8.0299,,0.3504,0.5209,0.1103,,7.7298,ppm,329602.63092227705,22777161.263212983
Local Clock Time Offset,-21.359,-2.235,-0.412,0.003,0.601, 1.717,8.04,,1.013,3.952,0.5997,,0.0,µs,-7.6490586672001015,107.50638893157306
Local RMS Frequency Jitter,0.222,0.583,0.781,1.751,9.049, 18.763,59.001,,8.268,18.18,3.5464,,3.0671,ppb,3.311279437191487,21.37134228405802
Local RMS Time Jitter,0.037,0.088,0.121,0.277,1.252, 2.231,9.368,,1.131,2.143,0.4499,,0.4359,µs,3.889622793017828,30.865495016470433
Server Jitter SHM(0),0.1398,0.438,0.6685,1.5719,3.5737, 4.8892,10.0984,,2.9051,4.4512,0.9244,,1.7713,ms,5.025185093633437,17.97484578922875
Server Jitter SHM(1),0.009,0.048,0.076,0.215,1.682, 3.656,21.339,,1.606,3.608,0.7301,,0.4457,µs,4.225313222946657,44.05603442327844
Server Offset SHM(0),-31.1292,-22.1606,-18.5746,-9.4791,0.5463, 5.1883,11.151,,19.1209,27.3489,5.8115,,-9.3244,ms,-25.323538940758166,88.05771427670331
Server Offset SHM(1),-21.36,-2.236,-0.413,0.004,0.602, 1.718,8.041,,1.015,3.954,0.6001,,0.0,µs,-7.642520278338883,107.29167480064777
Temp ZONE0,47.95,48.5,49.6,52.9,57.85, 58.95,62.8,,8.25,10.45,2.3993,,53.0802,°C,9489.23532946188,201823.62375088886
