Name,Min,1%,5%,50%,95%,99%,Max,,90% Range,98% Range,StdDev,,Mean,Units,Skewness,Kurtosis
Local Clock Frequency Offset,8.786,8.9574,9.0624,9.1885,9.3625, 9.3987,9.4902,,0.3001,0.4413,0.0859,,9.1924,ppm,1191726.1417333062,126370562.47721577
Local Clock Time Offset,-17.298,-2.316,-0.491,0.005,0.541, 1.947,9.271,,1.032,4.263,0.6111,,-0.0001,µs,-6.403985960760948,80.14412242543926
Local RMS Frequency Jitter,0.345,0.704,0.895,1.9,9.785, 18.345,52.954,,8.89,17.641,3.5388,,3.2089,ppb,3.3216610909070488,20.937864491957924
Local RMS Time Jitter,0.056,0.112,0.143,0.293,1.243, 2.044,7.568,,1.1,1.932,0.4135,,0.4361,µs,3.9591061707337807,28.044748267547675
Server Jitter SHM(0),0.1265,0.3414,0.5108,1.3336,3.2247, 5.1108,8.1902,,2.7138,4.7694,0.9111,,1.5325,ms,4.366061184804222,17.761323848379647
Server Jitter SHM(1),0.012,0.051,0.079,0.233,1.804, 3.702,16.268,,1.725,3.651,0.7384,,0.4731,µs,3.8385770001303805,35.75242579053919
Server Offset SHM(0),9.7948,12.1918,13.359,18.5137,23.5518, 25.0395,28.1263,,10.1929,12.8477,3.2785,,18.3164,ms,110.31921147993573,571.9378729733772
Server Offset SHM(1),-17.299,-2.317,-0.492,0.006,0.542, 1.948,9.272,,1.034,4.265,0.6115,,-0.0001,µs,-6.399682104473296,79.99444898100832
TDOP,0.62,0.68,0.74,1.08,6.74, 24.74,158.68,,6.0,24.06,6.6508,,2.3773, ,10.974976647193094,207.48718842548072
Temp ZONE0,48.5,49.6,51.25,54.0,56.75, 58.95,60.6,,5.5,9.35,1.6771,,53.805,°C,30123.864094427227,939267.556943052
nSats,4.0,10.0,11.0,14.0,15.0, 16.0,16.0,,4.0,6.0,1.448,,13.5131,nSat,602.0731590189233,5198.7437547169975
