Name,Min,1%,5%,50%,95%,99%,Max,,90% Range,98% Range,StdDev,,Mean,Units,Skewness,Kurtosis
Local Clock Frequency Offset,8.7759,9.0679,9.1082,9.1515,9.182, 9.1994,9.2624,,0.0738,0.1315,0.0244,,9.1488,ppm,52189172.53939747,19503538267.876133
Local Clock Time Offset,-36.355,-2.102,-0.487,0.013,0.524, 1.724,16.386,,1.011,3.826,0.5864,,-0.0001,µs,-7.569972499980437,156.68715731535514
Local RMS Frequency Jitter,0.303,0.685,0.888,1.851,8.24, 18.189,101.975,,7.352,17.504,3.4276,,3.0442,ppb,4.3826429281191865,44.75935775541855
Local RMS Time Jitter,0.049,0.109,0.143,0.291,1.094, 2.084,17.271,,0.951,1.975,0.4117,,0.4235,µs,5.746307491712114,84.01250308073419
Server Jitter SHM(0),0.1086,0.3458,0.5199,1.3975,3.4591, 5.3795,9.1724,,2.9392,5.0337,0.971,,1.6143,ms,4.192619873587665,16.436406018106496
Server Jitter SHM(1),0.011,0.055,0.085,0.24,1.602, 3.546,35.152,,1.517,3.491,0.7085,,0.459,µs,5.245455587323859,80.64051021917894
Server Offset SHM(0),9.667,12.3031,13.5337,18.502,23.4033, 24.714,28.5299,,9.8696,12.4109,3.1605,,18.3139,ms,124.63096023006234,668.9755586890211
Server Offset SHM(1),-36.356,-2.103,-0.488,0.014,0.525, 1.725,16.387,,1.013,3.828,0.5868,,0.0,µs,-7.562728164932339,156.3127895238237
TDOP,0.61,0.66,0.73,1.11,8.91, 48.33,215.28,,8.18,47.67,10.1715,,3.0886, ,9.110405827534981,152.1443432434405
Temp ZONE0,53.45,54.55,55.1,57.3,58.95, 60.05,63.35,,3.85,5.5,1.2285,,57.2127,°C,94777.6356756461,4325434.823435465
nSats,8.0,10.0,11.0,14.0,15.0, 16.0,17.0,,4.0,6.0,1.3519,,13.5544,nSat,761.8538995041829,7107.041719315971
