Name,Min,1%,5%,50%,95%,99%,Max,,90% Range,98% Range,StdDev,,Mean,Units,Skewness,Kurtosis
Local Clock Frequency Offset,7.3683,7.5016,7.6835,7.8572,7.9657, 8.0077,8.0958,,0.2822,0.506,0.0936,,7.8455,ppm,567739.3074221807,47024306.206543505
Local Clock Time Offset,-20.526,-2.245,-0.441,0.003,0.573, 1.784,7.571,,1.014,4.029,0.577,,0.0006,µs,-6.774986271525835,82.18615283390761
Local RMS Frequency Jitter,0.0,0.554,0.733,1.744,9.093, 17.669,86.031,,8.36,17.115,3.4755,,3.0386,ppb,3.670605963878298,33.55632778466062
Local RMS Time Jitter,0.031,0.087,0.115,0.265,1.168, 2.041,8.781,,1.053,1.954,0.4076,,0.4123,µs,3.545985342181998,25.508439585997486
Server Jitter SHM(0),0.0,0.3608,0.5712,1.4957,4.0412, 8.0126,22.1697,,3.47,7.6518,1.373,,1.8261,ms,4.531326641205574,27.815651561106566
Server Jitter SHM(1),0.0,0.04,0.063,0.202,1.721, 3.495,20.558,,1.658,3.455,0.6992,,0.4391,µs,3.524964371382293,32.97146633069223
Server Offset SHM(0),-94.0089,-88.1354,-76.7738,14.8534,274.7866, 545.1107,599421.1365,,351.5604,633.246,3100.8889,,78.7478,ms,187.53316942977634,36223.5823602986
Server Offset SHM(1),-20.527,-2.246,-0.442,0.004,0.574, 1.787,599124056.644,,1.016,4.033,1098735.7451,,2186.3105,µs,537.0244303116956,292634.94564742316
TDOP,0.61,0.68,0.74,1.12,9.91, 48.59,208.87,,9.17,47.91,12.5828,,3.4155, ,8.493999020871886,115.0050300893785
Temp ZONE0,46.85,49.05,50.7,53.45,57.85, 58.95,60.6,,7.15,9.9,1.9825,,53.7662,°C,17900.121933644037,469628.6328931579
nSats,7.0,10.0,11.0,14.0,16.0, 16.0,16.0,,5.0,6.0,1.4257,,13.6723,nSat,659.1226402206247,5874.538006559167
