Name,Min,1%,5%,50%,95%,99%,Max,,90% Range,98% Range,StdDev,,Mean,Units,Skewness,Kurtosis
Local Clock Frequency Offset,8.3027,8.4591,8.5109,8.681,8.7482, 8.7864,8.8672,,0.2373,0.3273,0.0715,,8.661,ppm,1736700.392490565,208781817.78056937
Local Clock Time Offset,-14.516,-1.99,-0.501,0.008,0.589, 1.71,9.078,,1.09,3.7,0.5645,,0.0,µs,-5.872552789537185,63.68868033591775
Local RMS Frequency Jitter,0.28,0.662,0.86,1.803,8.113, 17.765,50.551,,7.253,17.103,3.2144,,3.0248,ppb,3.2749111289075166,19.027481673876213
Local RMS Time Jitter,0.047,0.106,0.138,0.274,1.003, 2.036,6.725,,0.865,1.93,0.3644,,0.4002,µs,4.003489421489548,26.15277460026507
Server Jitter SHM(0),0.1377,0.3611,0.5578,1.4197,3.475, 5.4143,9.0229,,2.9172,5.0532,0.9682,,1.6378,ms,4.366482256100162,17.267601238759177
Server Jitter SHM(1),0.011,0.055,0.084,0.234,1.643, 3.342,13.465,,1.559,3.287,0.6673,,0.4577,µs,3.7411739045651164,31.949337754317074
Server Offset SHM(0),8.1172,12.7912,14.0937,19.1996,24.1686, 25.4664,29.2493,,10.0748,12.6752,3.2526,,19.0425,ms,128.9767859402532,699.0307260713055
Server Offset SHM(1),-14.517,-1.991,-0.502,0.009,0.59, 1.711,9.079,,1.092,3.702,0.565,,0.0001,µs,-5.868565960987955,63.556216268702315
TDOP,0.62,0.67,0.72,1.06,5.44, 20.16,213.68,,4.72,19.49,8.1788,,2.3419, ,14.7259169328525,327.1027227952446
Temp ZONE0,48.5,50.15,51.25,54.55,58.95, 59.5,62.25,,7.7,9.35,2.3162,,54.901,°C,11769.489076957372,268758.9459188288
nSats,9.0,10.0,12.0,14.0,16.0, 16.0,16.0,,4.0,6.0,1.245,,13.6286,nSat,1013.408139753242,10367.897557147942
