Name,Min,1%,5%,50%,95%,99%,Max,,90% Range,98% Range,StdDev,,Mean,Units,Skewness,Kurtosis
Local Clock Frequency Offset,8.6093,8.7928,8.8949,9.0141,9.0793, 9.1041,9.1581,,0.1844,0.3114,0.0593,,9.0052,ppm,3427587.270853233,516839630.7090542
Local Clock Time Offset,-28.019,-2.094,-0.501,0.009,0.547, 1.775,12.419,,1.048,3.869,0.5936,,-0.0,µs,-6.993799143598511,119.17119702100712
Local RMS Frequency Jitter,0.367,0.717,0.927,1.899,8.342, 18.644,77.407,,7.415,17.927,3.4526,,3.101,ppb,4.055065094038242,32.921532875043916
Local RMS Time Jitter,0.043,0.115,0.148,0.294,1.084, 2.116,14.26,,0.936,2.001,0.412,,0.4258,µs,5.543490892078211,67.86170196198745
Server Jitter SHM(0),0.1314,0.3479,0.5296,1.418,3.3422, 5.1573,12.1115,,2.8126,4.8094,0.9367,,1.6143,ms,4.452963035037353,18.183691387996955
Server Jitter SHM(1),0.014,0.059,0.091,0.251,1.615, 3.611,28.042,,1.524,3.552,0.7101,,0.4698,µs,4.920755000991195,61.64397441018201
Server Offset SHM(0),3.139,11.9964,13.5781,18.6808,23.8115, 25.279,29.0327,,10.2334,13.2827,3.291,,18.4948,ms,112.48185035559038,586.1378280731029
Server Offset SHM(1),-28.02,-2.095,-0.502,0.01,0.548, 1.776,12.42,,1.05,3.871,0.594,,0.0,µs,-6.987752764690649,118.89982722475656
TDOP,0.59,0.66,0.73,1.11,9.29, 35.95,117.9,,8.56,35.29,7.5812,,2.9446, ,6.614505850293211,78.74822542671205
Temp ZONE0,50.15,51.25,52.9,55.1,58.4, 59.5,62.8,,5.5,8.25,1.7515,,55.3369,°C,28725.87715754494,881668.1934004602
nSats,8.0,10.0,11.0,14.0,16.0, 16.0,16.0,,5.0,6.0,1.3043,,13.6233,nSat,870.5345604017353,8483.547271293135
