Name,Min,1%,5%,50%,95%,99%,Max,,90% Range,98% Range,StdDev,,Mean,Units,Skewness,Kurtosis
Local Clock Frequency Offset,6.816,6.9673,7.102,7.386,7.5323, 7.6179,7.8299,,0.4303,0.6506,0.1364,,7.353,ppm,148202.30287256744,7848333.462311354
Local Clock Time Offset,-21.477,-2.391,-0.42,-0.003,0.726, 1.901,13.1,,1.146,4.292,0.6086,,-0.0003,µs,-6.471760338311735,77.3418424576476
Local RMS Frequency Jitter,0.0,0.537,0.727,1.747,10.348, 17.217,146.763,,9.621,16.68,3.5939,,3.2046,ppb,3.618622346916736,52.10416246664441
Local RMS Time Jitter,0.031,0.082,0.112,0.264,1.316, 2.107,10.551,,1.204,2.025,0.4467,,0.4411,µs,3.3289644102484317,27.323753317528453
Server Jitter SHM(0),0.0,0.8877,1.2712,3.3813,9.1543, 16.0688,240.1092,,7.8832,15.1812,4.0955,,4.1809,ms,22.082047813340896,966.2740487418746
Server Jitter SHM(1),0.0,0.044,0.068,0.2,1.876, 3.52,20.675,,1.808,3.476,0.7248,,0.458,µs,3.2214288698413913,30.648302856806573
Server Offset SHM(0),-24.9704,-7.6725,-2.2292,10.3321,102.9295, 111.2299,247.1251,,105.1587,118.9024,30.4173,,19.6166,ms,1.2183896515626726,4.767526087586833
Server Offset SHM(1),-331.3894,-0.0024,-0.0004,-0.0,0.0007, 0.0019,0.0131,,0.0011,0.0043,0.6028,,-0.0011,ms,-553.7518428781286,304426.3769145597
TDOP,0.59,0.67,0.74,1.06,8.63, 27.83,92.37,,7.89,27.16,5.9154,,2.5549, ,6.860404129111432,85.13936267037609
Temp ZONE0,46.3,47.4,48.5,51.25,55.65, 57.3,58.95,,7.15,9.9,2.0974,,51.4931,°C,13133.059094812952,310999.15239732416
nSats,4.0,10.0,11.0,14.0,16.0, 17.0,17.0,,5.0,7.0,1.5584,,13.6169,nSat,485.919947998136,3930.30642820651
