Name,Min,1%,5%,50%,95%,99%,Max,,90% Range,98% Range,StdDev,,Mean,Units,Skewness,Kurtosis
Local Clock Frequency Offset,8.9889,9.1139,9.1476,9.211,9.2561, 9.2701,9.3257,,0.1086,0.1562,0.0319,,9.208,ppm,23816252.919503693,6852384125.758201
Local Clock Time Offset,-18.635,-2.101,-0.608,0.016,0.586, 1.74,9.273,,1.194,3.841,0.5989,,-0.0,µs,-6.4588420923444225,82.920228851411
Local RMS Frequency Jitter,0.346,0.763,1.0,2.265,8.368, 18.418,55.143,,7.368,17.655,3.3156,,3.3064,ppb,3.951029756752961,26.038981253209183
Local RMS Time Jitter,0.06,0.123,0.161,0.35,1.103, 2.115,8.323,,0.942,1.992,0.3924,,0.464,µs,4.824624085307289,38.76009041817572
Server Jitter SHM(0),0.082,0.3396,0.5053,1.3426,3.4811, 5.3497,8.5392,,2.9758,5.0102,0.972,,1.5696,ms,4.028294125550192,15.724380929032737
Server Jitter SHM(1),0.016,0.063,0.101,0.302,1.629, 3.604,17.781,,1.528,3.541,0.6942,,0.5127,µs,4.515271934903933,44.280129774232485
Server Offset SHM(0),7.6116,12.33,13.6933,18.6615,23.5131, 24.8551,28.2867,,9.8198,12.5251,3.1922,,18.4761,ms,124.11889540192955,665.0654200161694
Server Offset SHM(1),-18.636,-2.102,-0.609,0.017,0.587, 1.741,9.274,,1.196,3.843,0.5994,,0.0,µs,-6.4535009028629124,82.73146766685076
TDOP,0.62,0.67,0.74,1.12,7.79, 27.88,139.52,,7.05,27.21,8.51,,2.6626, ,9.50526328457846,137.38555459296296
Temp ZONE0,52.9,54.55,55.1,56.75,59.5, 61.7,62.8,,4.4,7.15,1.3884,,57.0286,°C,64483.84744063353,2589133.788660636
nSats,3.0,10.0,11.0,14.0,16.0, 16.0,16.0,,5.0,6.0,1.45,,13.5624,nSat,606.7509866755627,5255.686543308615
