Name,Min,1%,5%,50%,95%,99%,Max,,90% Range,98% Range,StdDev,,Mean,Units,Skewness,Kurtosis
Local Clock Frequency Offset,7.7049,7.8473,7.9391,8.2261,8.3472, 8.3858,8.5343,,0.4081,0.5385,0.1124,,8.2073,ppm,373738.2258633555,26931048.91830355
Local Clock Time Offset,-22.671,-2.189,-0.472,0.004,0.536, 1.782,12.911,,1.008,3.971,0.5724,,0.0,µs,-6.507562490433243,101.15966244454142
Local RMS Frequency Jitter,0.334,0.63,0.814,1.799,8.775, 16.877,65.316,,7.961,16.247,3.3053,,3.0175,ppb,3.663909133099818,29.34639541694629
Local RMS Time Jitter,0.052,0.098,0.127,0.268,1.059, 1.925,10.108,,0.932,1.827,0.3893,,0.4017,µs,4.781242473016851,50.64068008402783
Server Jitter SHM(0),0.1188,0.3472,0.5357,1.4091,3.6038, 5.5745,14.2968,,3.0681,5.2273,1.0221,,1.6476,ms,4.272606128365845,19.594530711718047
Server Jitter SHM(1),0.008,0.044,0.068,0.217,1.691, 3.334,22.221,,1.623,3.29,0.6888,,0.4445,µs,4.212895413791073,50.442070154913374
Server Offset SHM(0),3.1758,11.3006,12.9827,18.1049,23.0502, 24.5871,28.0758,,10.0676,13.2865,3.2482,,17.9824,ms,106.91171857106454,548.4708742336381
Server Offset SHM(1),-22.672,-2.19,-0.473,0.005,0.537, 1.783,12.912,,1.01,3.973,0.5729,,0.0,µs,-6.502660972434603,100.93957196774055
TDOP,0.63,0.67,0.74,1.11,12.38, 51.16,189.01,,11.64,50.49,10.9627,,3.601, ,7.0124727311607495,97.22182853473024
Temp ZONE0,46.85,48.5,49.6,52.9,55.65, 56.75,58.95,,6.05,8.25,1.8141,,52.9228,°C,22446.53846903899,634758.9074722682
nSats,8.0,10.0,11.0,14.0,16.0, 16.0,16.0,,5.0,6.0,1.3626,,13.6801,nSat,765.2107643453834,7150.201972233958
