Name,Min,1%,5%,50%,95%,99%,Max,,90% Range,98% Range,StdDev,,Mean,Units,Skewness,Kurtosis
Local Clock Frequency Offset,8.8873,9.1132,9.146,9.2048,9.2395, 9.2633,9.3257,,0.0934,0.1501,0.029,,9.2002,ppm,31778199.39299729,10065785559.92513
Local Clock Time Offset,-36.546,-2.099,-0.589,0.016,0.569, 1.75,16.543,,1.158,3.849,0.6007,,-0.0001,µs,-7.096646238783278,132.7241443242253
Local RMS Frequency Jitter,0.346,0.754,0.984,2.173,8.395, 18.413,102.238,,7.411,17.659,3.3798,,3.2607,ppb,4.3453178251047335,40.861388148788684
Local RMS Time Jitter,0.06,0.121,0.159,0.34,1.106, 2.118,17.495,,0.947,1.997,0.4038,,0.459,µs,5.885270884079415,87.59027717800532
Server Jitter SHM(0),0.082,0.3486,0.5135,1.3436,3.4442, 5.3217,8.9551,,2.9308,4.9731,0.9661,,1.5681,ms,4.08808285038721,16.194632819298434
Server Jitter SHM(1),0.016,0.062,0.098,0.289,1.634, 3.604,35.686,,1.536,3.542,0.7046,,0.5024,µs,5.114066346123188,74.59478996275917
Server Offset SHM(0),7.6116,12.3204,13.65,18.6136,23.4899, 24.8181,28.2867,,9.8399,12.4977,3.1956,,18.4471,ms,123.03151165422047,657.5196131568914
Server Offset SHM(1),-36.547,-2.1,-0.59,0.017,0.57, 1.751,16.544,,1.16,3.851,0.6011,,0.0,µs,-7.090045481310189,132.39713188778074
TDOP,0.62,0.67,0.74,1.12,5.6, 24.41,193.81,,4.86,23.74,8.7606,,2.4901, ,11.896796936611329,208.13530666476336
Temp ZONE0,52.9,54.55,55.1,56.75,58.95, 60.6,62.8,,3.85,6.05,1.2663,,56.9054,°C,84964.97845242279,3739174.227128659
nSats,3.0,10.0,11.0,14.0,16.0, 16.0,16.0,,5.0,6.0,1.4349,,13.5329,nSat,623.3238564754639,5445.22899515292
