Name,Min,1%,5%,50%,95%,99%,Max,,90% Range,98% Range,StdDev,,Mean,Units,Skewness,Kurtosis
Local Clock Frequency Offset,6.9737,7.2074,7.2901,7.5219,7.6668, 7.71,7.8251,,0.3767,0.5026,0.1141,,7.5052,ppm,272087.10249243514,17639309.676209636
Local Clock Time Offset,-18.0,-2.214,-0.402,0.002,0.575, 1.712,8.033,,0.977,3.926,0.5963,,-0.0001,µs,-7.5410976418980695,106.34061864911541
Local RMS Frequency Jitter,0.243,0.572,0.763,1.719,8.938, 18.982,61.84,,8.175,18.41,3.5648,,3.029,ppb,3.3294497483032397,21.599742829883777
Local RMS Time Jitter,0.034,0.09,0.122,0.273,1.24, 2.24,9.338,,1.118,2.15,0.4474,,0.4325,µs,3.8897812030982575,31.300424764814807
Server Jitter SHM(0),0.2364,0.6819,0.9995,2.6319,9.2667, 13.8561,70.6249,,8.2672,13.1742,2.9947,,3.6186,ms,4.033406645767382,36.06816892636079
Server Jitter SHM(1),0.0,0.049,0.075,0.209,1.656, 3.659,18.0,,1.581,3.61,0.7286,,0.4389,µs,4.2255810347132865,43.22284926786301
Server Offset SHM(0),-74.9031,-54.6823,-44.7299,-12.6201,13.9709, 20.2873,61.2309,,58.7007,74.9696,18.4832,,-12.996,ms,-10.211063861843709,29.49886396124369
Server Offset SHM(1),-18.0,-2.215,-0.403,0.003,0.576, 1.713,8.034,,0.979,3.928,0.5967,,-0.0,µs,-7.534825035022667,106.13191704183659
Temp ZONE0,47.4,47.95,49.05,52.35,55.65, 57.85,60.6,,6.6,9.9,2.0167,,52.2845,°C,15560.789357523572,389759.96281765273
