Name,Min,1%,5%,50%,95%,99%,Max,,90% Range,98% Range,StdDev,,Mean,Units,Skewness,Kurtosis
Local Clock Frequency Offset,0.1853,7.9106,7.9844,8.3666,8.4615, 8.4919,8.5724,,0.477,0.5813,0.1633,,8.3011,ppm,123883.64563852812,6180179.685610344
Local Clock Time Offset,-100105.547,-2.211,-0.44,0.004,0.52, 1.713,68.67,,0.96,3.924,1029.3397,,-14.8132,µs,-81.50257305543457,6588.290409690418
Local RMS Frequency Jitter,0.0,0.579,0.746,1.719,8.359, 18.233,1577.603,,7.613,17.654,9.7044,,3.0323,ppb,100.12959182820164,12996.480561708006
Local RMS Time Jitter,0.041,0.09,0.117,0.259,1.083, 2.183,35392.656,,0.966,2.093,188.7118,,2.6785,µs,118.70027756830517,17079.68399513465
Server Jitter SHM(0),0.0,0.3661,0.5523,1.3896,3.5296, 5.5755,28.113,,2.9773,5.2093,1.0244,,1.6298,ms,5.011115927117925,42.84638288381791
Server Jitter SHM(1),0.0,0.043,0.065,0.201,1.645, 3.595,4474.947,,1.58,3.552,65.6956,,1.5375,µs,60.3239147198265,3981.0943123915317
Server Offset SHM(0),-79.1723,11.2719,13.0954,18.0369,23.0138, 24.5289,27.0984,,9.9184,13.257,3.412,,17.8894,ms,86.81038471773772,452.42083296171194
Server Offset SHM(1),-100105.547,-2.212,-0.441,0.005,0.521, 1.714,68.671,,0.962,3.926,1029.3401,,-14.8148,µs,-81.502498137636,6588.281468897882
TDOP,0.57,0.66,0.72,1.08,6.99, 35.6,152.27,,6.27,34.94,7.3494,,2.5219, ,9.596841328559284,155.11811057436464
Temp ZONE0,46.85,47.95,49.05,54.55,58.95, 60.05,65.55,,9.9,12.1,3.0991,,54.2105,°C,4535.092938585517,75601.00418574584
nSats,8.0,10.0,11.0,14.0,16.0, 16.0,16.0,,5.0,6.0,1.3556,,13.5009,nSat,745.486980372528,6908.661818266019
