Name,Min,1%,5%,50%,95%,99%,Max,,90% Range,98% Range,StdDev,,Mean,Units,Skewness,Kurtosis
Local Clock Frequency Offset,8.7569,9.042,9.1032,9.2538,9.3387, 9.373,9.4502,,0.2355,0.331,0.0718,,9.2416,ppm,2085572.9682357705,266493391.4588823
Local Clock Time Offset,-18.902,-2.338,-0.508,0.007,0.57, 1.959,9.168,,1.078,4.297,0.6204,,-0.0,µs,-6.369665413786417,78.71538926377431
Local RMS Frequency Jitter,0.432,0.794,0.991,2.01,9.765, 18.597,56.696,,8.774,17.803,3.5432,,3.3125,ppb,3.4718348471239935,22.369960576369255
Local RMS Time Jitter,0.066,0.127,0.162,0.313,1.251, 2.056,8.215,,1.089,1.929,0.4099,,0.4539,µs,4.161342201470052,30.429381937211293
Server Jitter SHM(0),0.0922,0.3246,0.4931,1.3331,3.4316, 5.5244,29.4295,,2.9385,5.1999,1.0448,,1.5695,ms,4.831225426364042,38.37482029747135
Server Jitter SHM(1),0.013,0.062,0.095,0.255,1.831, 3.727,18.263,,1.736,3.665,0.7408,,0.4957,µs,3.9689809645562053,37.66036446854222
Server Offset SHM(0),-8.5941,11.6044,13.3293,18.5132,23.4201, 24.8185,27.8174,,10.0908,13.2141,3.2504,,18.2984,ms,113.03716809362768,588.9212361903756
Server Offset SHM(1),-18.903,-2.339,-0.509,0.008,0.571, 1.96,9.169,,1.08,4.299,0.6209,,0.0,µs,-6.365306467215745,78.56402155135538
TDOP,0.61,0.65,0.73,1.09,8.07, 31.12,140.25,,7.34,30.47,7.0615,,2.569, ,8.88875123408048,135.54566610913437
Temp ZONE0,48.5,50.7,51.8,54.0,57.85, 59.5,61.15,,6.05,8.8,1.6938,,54.2712,°C,30000.93005275173,934180.7734784556
nSats,4.0,10.0,11.0,14.0,15.0, 16.0,17.0,,4.0,6.0,1.3917,,13.5419,nSat,690.5552504650997,6236.984562122865
