Name,Min,1%,5%,50%,95%,99%,Max,,90% Range,98% Range,StdDev,,Mean,Units,Skewness,Kurtosis
Local Clock Frequency Offset,7.1165,7.3678,7.5245,7.7305,7.8659, 7.9126,8.0088,,0.3414,0.5447,0.11,,7.7152,ppm,330527.75998573645,22862412.173064325
Local Clock Time Offset,-21.359,-2.254,-0.411,0.002,0.61, 1.709,8.464,,1.021,3.963,0.5983,,0.0,µs,-7.493196884035391,102.54987624113178
Local RMS Frequency Jitter,0.222,0.572,0.774,1.76,9.058, 18.597,59.001,,8.284,18.025,3.5264,,3.0727,ppb,3.2738237465758937,20.84250386889575
Local RMS Time Jitter,0.037,0.088,0.121,0.277,1.254, 2.188,9.368,,1.133,2.1,0.4444,,0.4363,µs,3.7758890382607357,29.043245130864875
Server Jitter SHM(0),0.1398,0.4222,0.6379,1.5365,3.5466, 4.9004,10.0984,,2.9088,4.4781,0.9299,,1.7405,ms,4.836591536394474,17.567072233631126
Server Jitter SHM(1),0.009,0.048,0.075,0.215,1.683, 3.635,21.339,,1.608,3.587,0.7266,,0.4458,µs,4.154352334409201,42.44424631098633
Server Offset SHM(0),-31.1292,-22.1464,-18.7186,-9.769,0.2915, 5.1017,11.151,,19.0101,27.2481,5.8022,,-9.5839,ms,-26.41649325801293,92.63356431353748
Server Offset SHM(1),-21.36,-2.255,-0.412,0.003,0.611, 1.71,8.465,,1.023,3.965,0.5987,,0.0,µs,-7.486918666839657,102.34596162767873
Temp ZONE0,46.3,48.5,49.6,52.35,56.2, 58.4,62.8,,6.6,9.9,2.0921,,52.679,°C,14210.152998446274,345397.8025434423
