Name,Min,1%,5%,50%,95%,99%,Max,,90% Range,98% Range,StdDev,,Mean,Units,Skewness,Kurtosis
Local Clock Frequency Offset,8.2952,8.4391,8.4862,8.6216,8.7181, 8.751,8.8174,,0.2319,0.3119,0.0711,,8.613,ppm,1731538.886308903,207955132.37203443
Local Clock Time Offset,-15.284,-1.886,-0.485,0.006,0.562, 1.71,9.078,,1.047,3.596,0.5573,,0.0,µs,-5.803827179230794,66.41024207092383
Local RMS Frequency Jitter,0.307,0.645,0.834,1.733,7.965, 17.934,50.551,,7.131,17.289,3.2116,,2.9452,ppb,3.287218269955505,19.180108229377456
Local RMS Time Jitter,0.053,0.102,0.132,0.264,0.975, 2.038,6.725,,0.843,1.936,0.3621,,0.3883,µs,4.038266267434128,26.79716028760867
Server Jitter SHM(0),0.1391,0.3821,0.5727,1.4827,3.5195, 5.3338,8.5883,,2.9467,4.9518,0.9636,,1.6897,ms,4.53630927008631,17.653777771298028
Server Jitter SHM(1),0.011,0.053,0.081,0.225,1.602, 3.344,14.834,,1.521,3.291,0.6614,,0.4441,µs,3.8340984979227084,33.368868263083776
Server Offset SHM(0),9.697,12.4712,13.6124,18.7625,24.0083, 25.3245,30.2253,,10.3958,12.8533,3.2695,,18.6729,ms,118.75257666540871,628.9160130559585
Server Offset SHM(1),-15.285,-1.887,-0.486,0.007,0.563, 1.711,9.079,,1.049,3.598,0.5578,,0.0001,µs,-5.799959070383353,66.27056704442853
TDOP,0.59,0.68,0.74,1.14,7.46, 32.0,290.97,,6.72,31.32,13.566,,3.1354, ,12.386531442393286,224.89417752417367
Temp ZONE0,49.05,50.7,51.25,54.0,57.85, 58.95,61.15,,6.6,8.25,1.9236,,53.9736,°C,19893.615767405467,540557.5388200331
nSats,8.0,10.0,11.0,14.0,16.0, 16.0,16.0,,5.0,6.0,1.3665,,13.4754,nSat,722.0334836516032,6625.856373076938
