Name,Min,1%,5%,50%,95%,99%,Max,,90% Range,98% Range,StdDev,,Mean,Units,Skewness,Kurtosis
Local Clock Frequency Offset,8.8195,8.9909,9.0409,9.1769,9.2957, 9.3558,9.438,,0.2548,0.3649,0.0767,,9.1766,ppm,1668334.2053107256,197896915.95775306
Local Clock Time Offset,-31.148,-2.259,-0.614,0.013,0.609, 1.959,14.784,,1.223,4.218,0.6441,,-0.0001,µs,-6.474236411983796,104.6079383126265
Local RMS Frequency Jitter,0.412,0.828,1.11,2.332,9.696, 18.755,91.025,,8.586,17.927,3.5968,,3.524,ppb,4.391808406119751,38.26979726693932
Local RMS Time Jitter,0.069,0.13,0.174,0.353,1.229, 2.117,14.554,,1.055,1.987,0.4273,,0.4824,µs,5.600172354736035,63.56062903162719
Server Jitter SHM(0),0.0697,0.3447,0.5305,1.368,3.1572, 4.8699,9.1208,,2.6267,4.5252,0.8808,,1.5501,ms,4.638544220557914,19.030591092468185
Server Jitter SHM(1),0.013,0.066,0.105,0.32,1.804, 3.703,29.822,,1.699,3.637,0.7486,,0.5428,µs,5.0316635680902735,64.4242609500331
Server Offset SHM(0),8.0929,11.7008,13.1498,18.5939,23.5263, 24.8566,28.296,,10.3765,13.1559,3.3255,,18.3537,ms,105.79281546349306,540.6864221709346
Server Offset SHM(1),-31.149,-2.26,-0.615,0.014,0.61, 1.96,14.785,,1.225,4.22,0.6445,,0.0,µs,-6.469364630152665,104.37934677744647
TDOP,0.63,0.68,0.75,1.08,11.21, 40.39,182.24,,10.46,39.71,9.8516,,3.2904, ,7.983058205672015,119.11163818609126
Temp ZONE0,49.05,50.15,51.25,53.45,57.3, 58.95,60.05,,6.05,8.8,1.746,,53.4334,°C,26031.8964913753,773359.0716474141
nSats,5.0,10.0,11.0,13.0,15.0, 16.0,16.0,,4.0,6.0,1.2646,,13.4012,nSat,912.0871669598773,9017.215153577346
