Name,Min,1%,5%,50%,95%,99%,Max,,90% Range,98% Range,StdDev,,Mean,Units,Skewness,Kurtosis
Local Clock Frequency Offset,7.1165,7.3672,7.4756,7.6744,7.8293, 7.8792,8.0079,,0.3538,0.5119,0.1144,,7.6658,ppm,288154.459320058,19041340.142590743
Local Clock Time Offset,-21.359,-2.26,-0.411,0.002,0.615, 1.713,8.464,,1.026,3.973,0.6003,,-0.0,µs,-7.5597005582962575,104.1723035973421
Local RMS Frequency Jitter,0.222,0.566,0.768,1.764,9.036, 18.823,59.001,,8.268,18.257,3.5407,,3.0799,ppb,3.282611268714894,20.86257423615022
Local RMS Time Jitter,0.039,0.086,0.12,0.279,1.252, 2.208,9.331,,1.132,2.122,0.4459,,0.4376,µs,3.761628128080429,28.255151321556323
Server Jitter SHM(0),0.1002,0.4328,0.6601,1.6069,3.7082, 5.0467,11.0291,,3.048,4.6139,0.9666,,1.8197,ms,4.818340496977124,17.043820082434834
Server Jitter SHM(1),0.01,0.047,0.074,0.215,1.681, 3.621,21.339,,1.607,3.574,0.7286,,0.4462,µs,4.193039858714411,43.192379373901446
Server Offset SHM(0),-31.1292,-22.2511,-18.9981,-10.261,-0.3849, 3.6668,10.0916,,18.6132,25.9179,5.6892,,-10.0922,ms,-29.492876569762945,106.31077920591214
Server Offset SHM(1),-21.36,-2.261,-0.412,0.003,0.616, 1.714,8.465,,1.028,3.975,0.6007,,0.0,µs,-7.553327842070195,103.96496449027073
Temp ZONE0,46.3,48.5,49.6,51.8,55.1, 56.75,58.95,,5.5,8.25,1.8052,,52.1447,°C,21767.689519359723,609370.9835785028
