Name,Min,1%,5%,50%,95%,99%,Max,,90% Range,98% Range,StdDev,,Mean,Units,Skewness,Kurtosis
Local Clock Frequency Offset,6.9737,7.3003,7.3887,7.5615,7.681, 7.7426,7.872,,0.2923,0.4423,0.0883,,7.5519,ppm,605124.9600459534,51197255.78947119
Local Clock Time Offset,-18.0,-2.234,-0.4,0.002,0.593, 1.707,8.033,,0.993,3.941,0.5989,,0.0001,µs,-7.620688147824579,106.57739398408322
Local RMS Frequency Jitter,0.221,0.561,0.754,1.717,8.97, 19.02,49.735,,8.216,18.459,3.569,,3.0384,ppb,3.258427116703995,20.397131243556355
Local RMS Time Jitter,0.034,0.088,0.12,0.273,1.245, 2.248,9.338,,1.125,2.16,0.4486,,0.4336,µs,3.770545217141157,28.495653168620937
Server Jitter SHM(0),0.1946,0.5591,0.8509,2.0709,7.6834, 12.3511,49.6075,,6.8326,11.792,2.4117,,2.8572,ms,3.750036615658318,26.468313483958887
Server Jitter SHM(1),0.0,0.048,0.074,0.208,1.66, 3.675,18.0,,1.586,3.627,0.7317,,0.4393,µs,4.217303322214681,42.87494636040055
Server Offset SHM(0),-74.9031,-54.6785,-44.7251,-15.989,-1.6168, 3.794,24.4059,,43.1083,58.4725,13.0628,,-18.6248,ms,-22.373046817747554,81.2732476228496
Server Offset SHM(1),-18.0,-2.235,-0.401,0.003,0.594, 1.708,8.034,,0.995,3.943,0.5993,,0.0001,µs,-7.6143147528445105,106.36894624463159
Temp ZONE0,47.4,48.5,49.6,51.8,55.65, 57.3,60.6,,6.05,8.8,1.8345,,52.1596,°C,20725.92050912606,570869.9156032604
