Name,Min,1%,5%,50%,95%,99%,Max,,90% Range,98% Range,StdDev,,Mean,Units,Skewness,Kurtosis
Local Clock Frequency Offset,6.9737,7.2723,7.3366,7.5501,7.6732, 7.723,7.8387,,0.3367,0.4507,0.1007,,7.5326,ppm,401835.8520252473,29663491.760290563
Local Clock Time Offset,-18.0,-2.223,-0.402,0.002,0.591, 1.705,8.033,,0.993,3.928,0.5987,,0.0001,µs,-7.589038857484027,106.1896186186284
Local RMS Frequency Jitter,0.221,0.56,0.753,1.722,8.965, 19.12,61.84,,8.212,18.56,3.5802,,3.0395,ppb,3.3019166795686514,21.171384938291602
Local RMS Time Jitter,0.034,0.088,0.12,0.273,1.241, 2.25,9.338,,1.121,2.162,0.4479,,0.4328,µs,3.8000033184234248,29.209678843126238
Server Jitter SHM(0),0.1946,0.6118,0.908,2.2291,8.4153, 12.9337,70.6249,,7.5073,12.3219,2.7582,,3.1431,ms,4.4855588169185046,47.36569173491451
Server Jitter SHM(1),0.0,0.048,0.074,0.209,1.658, 3.685,18.0,,1.584,3.637,0.7318,,0.4395,µs,4.2163450529839395,42.74079429426999
Server Offset SHM(0),-74.9031,-54.6823,-44.7299,-16.0061,4.3696, 12.4914,61.2309,,49.0995,67.1736,14.8035,,-17.4439,ms,-17.09549813052329,56.89777684612035
Server Offset SHM(1),-18.0,-2.224,-0.403,0.003,0.592, 1.706,8.034,,0.995,3.93,0.5991,,0.0001,µs,-7.582712316539023,105.98205202437435
Temp ZONE0,47.4,48.5,49.05,51.8,55.65, 57.85,60.6,,6.6,9.35,1.9119,,52.1189,°C,18188.47978685991,479752.69698523113
