Name,Min,1%,5%,50%,95%,99%,Max,,90% Range,98% Range,StdDev,,Mean,Units,Skewness,Kurtosis
Local Clock Frequency Offset,8.2575,8.4981,8.8533,9.1362,9.1788, 9.2151,9.2975,,0.3255,0.717,0.1214,,9.108,ppm,406159.7294281576,30089148.971290726
Local Clock Time Offset,-28.581,-2.093,-0.52,0.014,0.55, 1.751,16.5,,1.07,3.844,0.599,,-0.0001,µs,-6.850076903131663,115.65041333670447
Local RMS Frequency Jitter,0.317,0.739,0.961,1.939,8.362, 18.523,89.884,,7.401,17.784,3.4719,,3.1426,ppb,4.245294103408851,36.72267161922576
Local RMS Time Jitter,0.052,0.12,0.155,0.304,1.089, 2.14,12.854,,0.934,2.02,0.4138,,0.4353,µs,5.361964249627082,57.439305301950185
Server Jitter SHM(0),0.1301,0.3421,0.5215,1.4082,3.4671, 5.4004,9.0566,,2.9456,5.0583,0.967,,1.619,ms,4.263840784868609,16.855835306459877
Server Jitter SHM(1),0.012,0.063,0.097,0.261,1.619, 3.604,26.943,,1.522,3.541,0.7161,,0.4802,µs,5.063849669965833,63.70905014701964
Server Offset SHM(0),11.0422,12.9441,13.8884,18.7965,23.6914, 24.9418,27.6213,,9.8031,11.9977,3.1551,,18.6379,ms,132.9346248866154,727.2687549311195
Server Offset SHM(1),-28.582,-2.094,-0.521,0.015,0.551, 1.752,16.501,,1.072,3.846,0.5994,,0.0,µs,-6.844280021251746,115.38790262986318
TDOP,0.6,0.66,0.71,1.09,6.51, 21.92,237.99,,5.8,21.26,8.9311,,2.4819, ,15.49308915787363,347.51606364521206
Temp ZONE0,45.75,47.95,51.25,56.75,58.95, 59.5,62.8,,7.7,11.55,2.1481,,56.3471,°C,16136.74909824331,408916.20637830737
nSats,8.0,10.0,11.0,14.0,16.0, 16.0,16.0,,5.0,6.0,1.348,,13.5401,nSat,766.5492397121352,7167.760997222583
