Name,Min,1%,5%,50%,95%,99%,Max,,90% Range,98% Range,StdDev,,Mean,Units,Skewness,Kurtosis
Local Clock Frequency Offset,6.9737,7.3008,7.4084,7.5634,7.6817, 7.7441,7.872,,0.2733,0.4433,0.0839,,7.5574,ppm,707408.720289952,63047601.13112532
Local Clock Time Offset,-18.0,-2.242,-0.401,0.002,0.598, 1.708,8.033,,0.999,3.95,0.5984,,0.0,µs,-7.619608577107682,105.81019877071785
Local RMS Frequency Jitter,0.221,0.56,0.754,1.721,8.968, 18.978,49.735,,8.214,18.418,3.5613,,3.0423,ppb,3.253012007353815,20.36605482446112
Local RMS Time Jitter,0.034,0.088,0.12,0.274,1.247, 2.235,9.338,,1.127,2.147,0.4473,,0.434,µs,3.7559509429649465,28.373284149321993
Server Jitter SHM(0),0.1946,0.5579,0.847,2.043,7.3446, 12.0224,49.6075,,6.4976,11.4644,2.3208,,2.7733,ms,3.992170049221556,30.0544500270069
Server Jitter SHM(1),0.0,0.048,0.074,0.209,1.662, 3.655,18.0,,1.588,3.607,0.7306,,0.4399,µs,4.200491247762845,42.63424933828357
Server Offset SHM(0),-74.9031,-54.6785,-44.6953,-15.6151,-1.3915, 3.931,24.4059,,43.3039,58.6095,13.1191,,-18.3316,ms,-21.810794182406315,78.97756769912849
Server Offset SHM(1),-18.0,-2.243,-0.402,0.003,0.599, 1.709,8.034,,1.001,3.952,0.5988,,0.0,µs,-7.613220298040958,105.60269613402394
Temp ZONE0,47.4,48.5,49.6,51.8,55.65, 57.3,60.6,,6.05,8.8,1.8287,,52.18,°C,20955.935790347896,579319.8783140961
