Name,Min,1%,5%,50%,95%,99%,Max,,90% Range,98% Range,StdDev,,Mean,Units,Skewness,Kurtosis
Local Clock Frequency Offset,-0.5797,9.0908,9.1371,9.2494,9.3137, 9.3552,9.4309,,0.1766,0.2643,0.0848,,9.2405,ppm,1260751.414791997,136212446.09816977
Local Clock Time Offset,-116939.999,-2.333,-0.56,0.009,0.602, 1.948,81.939,,1.162,4.281,1356.4704,,-23.5764,µs,-69.56964842600253,4848.939020642637
Local RMS Frequency Jitter,0.0,0.768,0.981,2.14,9.641, 18.903,1882.182,,8.66,18.135,11.4253,,3.4816,ppb,104.23803567217082,13709.725015436601
Local RMS Time Jitter,0.059,0.125,0.161,0.329,1.228, 2.15,41344.533,,1.067,2.025,213.4894,,2.8047,µs,128.57435672412328,19340.450470663323
Server Jitter SHM(0),0.0,0.3239,0.4979,1.3667,3.4936, 5.621,37.9073,,2.9957,5.2971,1.2162,,1.6148,ms,9.286185208271084,192.32333506839976
Server Jitter SHM(1),0.0,0.063,0.096,0.271,1.807, 3.799,4474.453,,1.711,3.736,84.6973,,2.2399,µs,47.39086472366655,2468.6276054047667
Server Offset SHM(0),-102.4156,11.5484,13.3549,18.5725,23.4242, 24.7818,27.4727,,10.0693,13.2334,3.5599,,18.3028,ms,78.69737635313841,452.7943473160006
Server Offset SHM(1),-116939.999,-2.335,-0.561,0.01,0.603, 1.949,81.94,,1.164,4.284,1356.4708,,-23.5782,µs,-69.56959873483433,4848.933761203405
TDOP,0.62,0.67,0.73,1.1,7.39, 31.12,176.17,,6.66,30.45,8.0726,,2.594, ,10.75635496694092,187.68003609218704
Temp ZONE0,50.7,51.8,52.9,54.55,57.85, 59.5,61.15,,4.95,7.7,1.5243,,54.8606,°C,42946.33733232262,1506480.9199757802
nSats,6.0,10.0,11.0,14.0,15.0, 16.0,16.0,,4.0,6.0,1.3594,,13.5107,nSat,740.3561981602626,6843.908696478723
