Name,Min,1%,5%,50%,95%,99%,Max,,90% Range,98% Range,StdDev,,Mean,Units,Skewness,Kurtosis
Local Clock Frequency Offset,8.7759,9.0617,9.0983,9.1483,9.1789, 9.1936,9.2609,,0.0806,0.1319,0.026,,9.1445,ppm,43220716.41683436,15168045966.487999
Local Clock Time Offset,-36.355,-2.094,-0.487,0.013,0.528, 1.726,16.386,,1.015,3.82,0.5879,,-0.0001,µs,-7.494815857153361,154.07025178545462
Local RMS Frequency Jitter,0.303,0.683,0.885,1.845,8.238, 18.267,101.975,,7.353,17.584,3.4419,,3.0463,ppb,4.391987235668063,44.76028904702813
Local RMS Time Jitter,0.049,0.108,0.142,0.288,1.095, 2.086,17.271,,0.953,1.978,0.4148,,0.4221,µs,5.736434983033668,82.61449157488023
Server Jitter SHM(0),0.1086,0.3513,0.529,1.4012,3.4744, 5.3981,8.3525,,2.9454,5.0468,0.9719,,1.6206,ms,4.221272889797044,16.50504255394828
Server Jitter SHM(1),0.011,0.054,0.084,0.238,1.601, 3.567,35.152,,1.517,3.513,0.7116,,0.458,µs,5.2408533297043745,80.06612109570479
Server Offset SHM(0),9.667,12.4447,13.6043,18.6828,23.5518, 24.8868,28.5299,,9.9475,12.4421,3.1804,,18.4529,ms,125.16799987346354,672.6921750555609
Server Offset SHM(1),-36.356,-2.095,-0.488,0.014,0.529, 1.727,16.387,,1.017,3.822,0.5883,,0.0,µs,-7.487773597537981,153.70540042612419
TDOP,0.61,0.66,0.74,1.11,8.41, 36.8,215.28,,7.67,36.14,9.5219,,2.8727, ,10.763418821734138,196.49002826573115
Temp ZONE0,53.45,54.0,55.1,57.3,58.95, 60.05,63.35,,3.85,6.05,1.2624,,57.196,°C,87105.1356349308,3865168.2259337637
nSats,8.0,10.0,11.0,14.0,15.0, 16.0,17.0,,4.0,6.0,1.3454,,13.6136,nSat,784.834650659732,7392.084950533034
