Name,Min,1%,5%,50%,95%,99%,Max,,90% Range,98% Range,StdDev,,Mean,Units,Skewness,Kurtosis
Local Clock Frequency Offset,7.3683,7.5016,7.6835,7.8518,7.9525, 8.004,8.0958,,0.269,0.5024,0.0904,,7.8406,ppm,631425.5591335512,54184879.786066525
Local Clock Time Offset,-20.526,-2.247,-0.44,0.004,0.574, 1.779,6.729,,1.014,4.026,0.5776,,0.0006,µs,-6.767330926113427,81.3739163061716
Local RMS Frequency Jitter,0.0,0.562,0.744,1.752,9.102, 17.757,86.031,,8.358,17.195,3.4751,,3.0462,ppb,3.672480926846812,33.45453228613873
Local RMS Time Jitter,0.031,0.088,0.117,0.267,1.177, 2.044,8.781,,1.06,1.956,0.4081,,0.4153,µs,3.5331129977077755,25.15591226523557
Server Jitter SHM(0),0.0,0.3606,0.5707,1.5001,4.0094, 7.9728,22.1697,,3.4387,7.6122,1.3663,,1.8251,ms,4.574145846618734,28.30012374964197
Server Jitter SHM(1),0.0,0.041,0.064,0.205,1.719, 3.509,20.558,,1.655,3.468,0.6991,,0.4411,µs,3.53528571133663,32.7869342725106
Server Offset SHM(0),-94.0089,-88.1354,-76.7738,13.5745,274.7866, 545.1107,599421.1365,,351.5604,633.246,3100.9205,,77.3767,ms,187.5260551423345,36222.0997835878
Server Offset SHM(1),-20.527,-2.248,-0.441,0.005,0.576, 1.781,599124056.644,,1.017,4.029,1098735.7451,,2186.3105,µs,537.024430311736,292634.9456474383
TDOP,0.61,0.67,0.74,1.12,9.07, 41.2,208.87,,8.33,40.53,12.7743,,3.3244, ,8.685789139681326,116.45977090414769
Temp ZONE0,46.85,49.05,50.7,54.0,57.85, 58.95,60.6,,7.15,9.9,1.9787,,53.7709,°C,18011.80797556815,473533.5713469737
nSats,7.0,10.0,11.0,14.0,16.0, 16.0,16.0,,5.0,6.0,1.418,,13.6847,nSat,672.843788063147,6035.624478198171
