Name,Min,1%,5%,50%,95%,99%,Max,,90% Range,98% Range,StdDev,,Mean,Units,Skewness,Kurtosis
Local Clock Frequency Offset,6.9737,7.2074,7.29,7.5401,7.6702, 7.7136,7.8251,,0.3802,0.5061,0.1155,,7.5141,ppm,262763.1299449843,16838148.891923927
Local Clock Time Offset,-18.0,-2.233,-0.404,0.002,0.586, 1.709,8.033,,0.99,3.942,0.5994,,0.0001,µs,-7.5248281335861344,105.54060910100989
Local RMS Frequency Jitter,0.243,0.574,0.765,1.73,8.958, 19.072,61.84,,8.193,18.498,3.5805,,3.0478,ppb,3.3242346782354137,21.458199307981083
Local RMS Time Jitter,0.034,0.09,0.122,0.274,1.244, 2.24,9.338,,1.122,2.15,0.4472,,0.4342,µs,3.8461366446476117,30.33609267318106
Server Jitter SHM(0),0.1946,0.636,0.9407,2.3857,8.8707, 13.4508,70.6249,,7.93,12.8148,2.9062,,3.3746,ms,4.149509667053131,39.6924240099739
Server Jitter SHM(1),0.0,0.049,0.076,0.21,1.66, 3.68,18.0,,1.584,3.631,0.7323,,0.4412,µs,4.223870260255101,42.98178456267951
Server Offset SHM(0),-74.9031,-54.6823,-44.7299,-15.7185,11.8079, 19.4999,61.2309,,56.5378,74.1822,16.9282,,-15.5649,ms,-12.831453660372455,38.857254961944264
Server Offset SHM(1),-18.0,-2.234,-0.405,0.003,0.587, 1.71,8.034,,0.992,3.944,0.5998,,0.0001,µs,-7.518613189671838,105.33447536431771
Temp ZONE0,47.4,47.95,49.05,52.35,55.65, 57.85,60.6,,6.6,9.9,2.0025,,52.1243,°C,15755.23943174184,396261.8028836575
