Name,Min,1%,5%,50%,95%,99%,Max,,90% Range,98% Range,StdDev,,Mean,Units,Skewness,Kurtosis
Local Clock Frequency Offset,0.1853,7.9105,7.9845,8.3635,8.4614, 8.4919,8.5724,,0.4769,0.5814,0.1612,,8.3004,ppm,128813.03657240942,6510091.116447067
Local Clock Time Offset,-100105.547,-2.218,-0.447,0.005,0.524, 1.727,68.67,,0.971,3.945,1029.338,,-14.8131,µs,-81.5027005550344,6588.311618189047
Local RMS Frequency Jitter,0.0,0.585,0.755,1.74,8.41, 18.101,1577.603,,7.655,17.516,9.7036,,3.0511,ppb,100.15768018393766,13000.54902527078
Local RMS Time Jitter,0.041,0.091,0.119,0.262,1.081, 2.165,35392.656,,0.962,2.074,188.7115,,2.6806,µs,118.70056269414447,17079.750701896402
Server Jitter SHM(0),0.0,0.3607,0.5485,1.385,3.5485, 5.5755,28.113,,3.0,5.2148,1.0277,,1.6261,ms,4.962282240693818,42.250085355637545
Server Jitter SHM(1),0.0,0.043,0.066,0.204,1.651, 3.555,4474.947,,1.585,3.512,65.6954,,1.5407,µs,60.32431030275687,3981.1200516408276
Server Offset SHM(0),-79.1723,11.2728,13.1139,18.0489,23.0434, 24.5661,27.0984,,9.9295,13.2933,3.4084,,17.9054,ms,87.38230456694471,456.12398625123586
Server Offset SHM(1),-100105.547,-2.219,-0.448,0.006,0.525, 1.728,68.671,,0.973,3.947,1029.3384,,-14.8147,µs,-81.50262562330768,6588.302676544726
TDOP,0.57,0.66,0.72,1.05,6.87, 35.6,152.27,,6.15,34.94,7.3439,,2.4572, ,9.618483974807802,155.7155275464418
Temp ZONE0,46.85,47.95,49.05,54.55,58.95, 60.05,65.55,,9.9,12.1,3.0664,,54.172,°C,4679.331517376992,78814.95181665485
nSats,8.0,10.0,11.0,14.0,15.0, 16.0,16.0,,4.0,6.0,1.3208,,13.4887,nSat,808.9034125349509,7694.13074772384
