Name,Min,1%,5%,50%,95%,99%,Max,,90% Range,98% Range,StdDev,,Mean,Units,Skewness,Kurtosis
Local Clock Frequency Offset,8.699,8.9123,8.958,9.0486,9.1117, 9.1462,9.225,,0.1536,0.2339,0.0448,,9.044,ppm,8128800.4140376225,1634519038.7888675
Local Clock Time Offset,-27.051,-2.104,-0.508,0.011,0.552, 1.776,14.331,,1.06,3.88,0.5943,,-0.0,µs,-6.72536990867013,113.10011721021101
Local RMS Frequency Jitter,0.389,0.714,0.927,1.909,8.443, 18.455,77.814,,7.516,17.741,3.4448,,3.1182,ppb,4.080522163092759,34.687392696455085
Local RMS Time Jitter,0.043,0.115,0.149,0.297,1.09, 2.077,12.565,,0.941,1.962,0.4073,,0.4286,µs,5.3986816602364724,62.345385729055145
Server Jitter SHM(0),0.1462,0.3396,0.5243,1.4381,3.3038, 5.0591,9.5447,,2.7794,4.7195,0.9164,,1.6204,ms,4.5431313979301775,17.868941446403767
Server Jitter SHM(1),0.016,0.061,0.093,0.253,1.632, 3.595,25.653,,1.539,3.534,0.7109,,0.4745,µs,4.849967776729437,60.10655664184777
Server Offset SHM(0),10.8842,12.9203,13.8448,18.8414,23.6581, 24.9971,27.7696,,9.8133,12.0768,3.1481,,18.5696,ms,132.30639759918867,722.93478159501
Server Offset SHM(1),-27.052,-2.105,-0.509,0.012,0.553, 1.777,14.332,,1.062,3.882,0.5948,,0.0,µs,-6.719825683377879,112.84368386435331
TDOP,0.59,0.67,0.74,1.14,11.87, 41.49,231.4,,11.13,40.82,10.5565,,3.4015, ,9.342624851541162,159.44316413580947
Temp ZONE0,51.25,52.9,53.45,55.65,58.95, 60.05,62.8,,5.5,7.15,1.5482,,55.8855,°C,43341.4392174995,1524943.807307664
nSats,8.0,10.0,11.0,14.0,16.0, 16.0,16.0,,5.0,6.0,1.3719,,13.5047,nSat,717.6551603131612,6571.408371654075
