Name,Min,1%,5%,50%,95%,99%,Max,,90% Range,98% Range,StdDev,,Mean,Units,Skewness,Kurtosis
Local Clock Frequency Offset,8.5918,8.761,8.8432,9.1453,9.214, 9.242,9.3067,,0.3708,0.481,0.1124,,9.1021,ppm,511449.4015695239,40913770.832329206
Local Clock Time Offset,-23.613,-2.275,-0.572,0.011,0.583, 1.947,13.86,,1.155,4.222,0.6307,,-0.0,µs,-6.610714630475128,95.50861164022986
Local RMS Frequency Jitter,0.434,0.82,1.036,2.145,9.7, 18.457,76.132,,8.664,17.637,3.5764,,3.3942,ppb,3.9371781596594473,29.70234441411388
Local RMS Time Jitter,0.07,0.13,0.165,0.324,1.234, 2.1,13.684,,1.069,1.97,0.4293,,0.4628,µs,5.155545645973175,54.09292112597448
Server Jitter SHM(0),0.066,0.342,0.5249,1.3893,3.2642, 5.1174,8.8087,,2.7393,4.7754,0.9171,,1.5818,ms,4.507933021594366,18.438289886404238
Server Jitter SHM(1),0.019,0.064,0.096,0.28,1.802, 3.685,21.641,,1.706,3.621,0.7479,,0.5143,µs,4.481641695387958,49.09353929433529
Server Offset SHM(0),9.4928,12.256,13.3441,18.5919,23.5861, 24.8984,27.8835,,10.2419,12.6424,3.2417,,18.392,ms,116.11220502551697,610.4294391430157
Server Offset SHM(1),-23.614,-2.276,-0.573,0.012,0.584, 1.948,13.861,,1.157,4.224,0.6311,,0.0,µs,-6.605758289535153,95.31303687446132
TDOP,0.62,0.69,0.77,1.12,9.15, 33.66,207.04,,8.38,32.97,9.8391,,3.0333, ,11.086533548705242,202.60916140892857
Temp ZONE0,47.95,49.05,50.15,54.0,57.85, 58.95,60.6,,7.7,9.9,2.1728,,54.1207,°C,13738.08216324764,330160.537813068
nSats,4.0,10.0,11.0,13.0,15.0, 16.0,16.0,,4.0,6.0,1.438,,13.4224,nSat,602.740411000708,5212.108691262402
