Name,Min,1%,5%,50%,95%,99%,Max,,90% Range,98% Range,StdDev,,Mean,Units,Skewness,Kurtosis
Local Clock Frequency Offset,6.9737,7.2074,7.2901,7.5238,7.6668, 7.7101,7.8251,,0.3768,0.5027,0.1142,,7.5064,ppm,271354.30199267925,17576006.70651307
Local Clock Time Offset,-18.0,-2.214,-0.401,0.002,0.574, 1.711,8.033,,0.975,3.925,0.5959,,-0.0001,µs,-7.543349276699075,106.38308530791902
Local RMS Frequency Jitter,0.243,0.571,0.762,1.718,8.938, 18.964,61.84,,8.176,18.393,3.5618,,3.0273,ppb,3.32896173035784,21.613007035123147
Local RMS Time Jitter,0.034,0.09,0.122,0.273,1.24, 2.236,9.338,,1.118,2.146,0.4471,,0.4324,µs,3.8903540291665704,31.342727445258916
Server Jitter SHM(0),0.2364,0.6863,1.0061,2.6522,9.3062, 13.9463,70.6249,,8.3001,13.26,3.0018,,3.6392,ms,4.02282249609784,35.77469062238546
Server Jitter SHM(1),0.0,0.049,0.075,0.209,1.656, 3.657,18.0,,1.581,3.608,0.728,,0.4388,µs,4.221590921176196,43.205869103313894
Server Offset SHM(0),-74.9031,-54.6823,-44.7299,-12.6201,14.1744, 20.3603,61.2309,,58.9043,75.0426,18.5737,,-12.8976,ms,-10.10756746683414,29.109220883011655
Server Offset SHM(1),-18.0,-2.215,-0.402,0.003,0.575, 1.712,8.034,,0.977,3.927,0.5963,,-0.0001,µs,-7.537067367715676,106.174099088161
Temp ZONE0,47.4,47.95,49.05,52.35,56.2, 57.85,60.6,,7.15,9.9,2.0325,,52.3213,°C,15221.769346309253,378496.95174244896
