Name,Min,1%,5%,50%,95%,99%,Max,,90% Range,98% Range,StdDev,,Mean,Units,Skewness,Kurtosis
Local Clock Frequency Offset,8.2998,8.4535,8.5764,8.9287,9.021, 9.0492,9.1134,,0.4446,0.5957,0.1354,,8.8888,ppm,270643.8427592997,17514528.783690654
Local Clock Time Offset,-17.831,-2.095,-0.441,0.006,0.512, 1.745,9.082,,0.953,3.84,0.5567,,-0.0001,µs,-6.202792845808019,74.05266320893274
Local RMS Frequency Jitter,0.217,0.609,0.796,1.722,8.255, 17.794,50.067,,7.459,17.185,3.2335,,2.9132,ppb,3.2367141044715426,19.146237814380953
Local RMS Time Jitter,0.035,0.095,0.126,0.265,1.064, 1.947,7.588,,0.938,1.852,0.3697,,0.3948,µs,3.791397225083817,25.684168193305325
Server Jitter SHM(0),0.0,0.3462,0.535,1.3865,3.3967, 5.3177,9.0856,,2.8617,4.9714,0.9481,,1.5992,ms,4.312180872496846,17.002421696121946
Server Jitter SHM(1),0.0,0.046,0.072,0.211,1.57, 3.427,17.371,,1.498,3.381,0.6674,,0.4288,µs,3.801563177352162,34.17686822422024
Server Offset SHM(0),9.011,12.7641,13.987,18.8804,23.7838, 24.9675,27.9278,,9.7968,12.2034,3.1935,,18.7407,ms,130.00255352522402,706.175675674615
Server Offset SHM(1),-17.832,-2.096,-0.442,0.007,0.513, 1.746,9.083,,0.955,3.842,0.5571,,-0.0001,µs,-6.198352017905232,73.90009264951068
TDOP,0.61,0.68,0.73,1.11,6.62, 25.63,124.37,,5.89,24.95,6.6483,,2.4031, ,9.457783309100595,144.63300784134896
Temp ZONE0,47.4,48.5,49.6,55.1,58.95, 60.6,62.8,,9.35,12.1,2.8382,,54.6453,°C,6136.363045003434,113000.66559330677
nSats,9.0,11.0,12.0,14.0,16.0, 16.0,16.0,,4.0,5.0,1.1732,,13.7295,nSat,1257.6677746969133,13796.237731187326
