Name,Min,1%,5%,50%,95%,99%,Max,,90% Range,98% Range,StdDev,,Mean,Units,Skewness,Kurtosis
Local Clock Frequency Offset,8.8002,9.0308,9.0991,9.1844,9.2302, 9.2481,9.3099,,0.1311,0.2173,0.0422,,9.1781,ppm,10128280.435108837,2191455717.7437863
Local Clock Time Offset,-36.546,-2.101,-0.562,0.017,0.554, 1.755,16.543,,1.116,3.856,0.6221,,-0.0001,µs,-8.182897502498022,196.33654075486928
Local RMS Frequency Jitter,0.375,0.801,1.032,2.092,8.395, 18.831,102.238,,7.363,18.03,3.6185,,3.2493,ppb,5.204289422953948,58.876802617100225
Local RMS Time Jitter,0.061,0.128,0.167,0.33,1.103, 2.214,17.495,,0.936,2.086,0.4433,,0.4576,µs,7.078022105184231,111.02776493427783
Server Jitter SHM(0),0.1024,0.3291,0.4943,1.3217,3.3493, 5.2934,10.6907,,2.855,4.9643,0.9633,,1.5462,ms,4.080481551041134,16.776405918693747
Server Jitter SHM(1),0.017,0.069,0.106,0.286,1.621, 3.67,35.686,,1.515,3.601,0.7436,,0.501,µs,6.397084702751381,108.9512690022214
Server Offset SHM(0),4.097,12.7158,13.9725,18.7656,23.4412, 24.755,27.5844,,9.4687,12.0392,3.1216,,18.4899,ms,134.11211141875194,735.2200422229926
Server Offset SHM(1),-36.547,-2.102,-0.563,0.018,0.555, 1.756,16.544,,1.118,3.858,0.6225,,0.0,µs,-8.174544966095574,195.867792373583
TDOP,0.64,0.68,0.73,1.09,7.45, 44.24,193.81,,6.72,43.56,10.707,,3.0326, ,8.486461045049591,122.37930810313279
Temp ZONE0,50.7,52.9,54.0,56.75,58.95, 60.6,62.8,,4.95,7.7,1.5509,,56.5517,°C,44704.77130104856,1589140.3188549413
nSats,7.0,10.0,11.0,14.0,15.0, 16.0,16.0,,4.0,6.0,1.3164,,13.503,nSat,820.6987667636448,7843.172172983575
