Name,Min,1%,5%,50%,95%,99%,Max,,90% Range,98% Range,StdDev,,Mean,Units,Skewness,Kurtosis
Local Clock Frequency Offset,7.1165,7.3676,7.4876,7.702,7.8431, 7.8887,8.0079,,0.3555,0.5212,0.1138,,7.6839,ppm,294491.27054905856,19601534.603091974
Local Clock Time Offset,-21.359,-2.298,-0.413,0.002,0.623, 1.709,8.464,,1.036,4.007,0.5998,,0.0001,µs,-7.445155403598019,100.03640555682094
Local RMS Frequency Jitter,0.222,0.569,0.773,1.774,9.068, 18.602,59.001,,8.295,18.033,3.5244,,3.0931,ppb,3.245291658189969,20.492316719785997
Local RMS Time Jitter,0.037,0.087,0.12,0.28,1.256, 2.18,9.331,,1.136,2.093,0.4416,,0.4384,µs,3.6821057937768327,27.266877983493316
Server Jitter SHM(0),0.1002,0.4253,0.6434,1.5707,3.6422, 4.9719,9.238,,2.9987,4.5466,0.9543,,1.7823,ms,4.752329908948745,16.816063173507615
Server Jitter SHM(1),0.01,0.048,0.075,0.216,1.697, 3.609,21.339,,1.622,3.561,0.7269,,0.4482,µs,4.098026104502723,41.56103612903375
Server Offset SHM(0),-31.1292,-22.1631,-18.7738,-10.019,-0.3215, 3.6987,10.0916,,18.4522,25.8618,5.6574,,-9.9171,ms,-28.97775206584086,104.18413559458536
Server Offset SHM(1),-21.36,-2.299,-0.414,0.003,0.624, 1.71,8.465,,1.038,4.009,0.6002,,0.0001,µs,-7.438969065214139,99.83789375207748
Temp ZONE0,46.3,48.5,49.6,52.35,55.65, 57.3,58.95,,6.05,8.8,1.8725,,52.3392,°C,19657.66895472759,532007.4671787395
