Name,Min,1%,5%,50%,95%,99%,Max,,90% Range,98% Range,StdDev,,Mean,Units,Skewness,Kurtosis
Local Clock Frequency Offset,8.7726,9.0157,9.0475,9.1166,9.1592, 9.1758,9.2277,,0.1117,0.16,0.0346,,9.1117,ppm,18060309.8650054,4738557664.377827
Local Clock Time Offset,-28.581,-2.111,-0.521,0.013,0.553, 1.76,16.5,,1.074,3.871,0.6067,,-0.0001,µs,-6.987327509650897,123.3932888873242
Local RMS Frequency Jitter,0.307,0.741,0.956,1.944,8.439, 18.735,89.884,,7.483,17.994,3.539,,3.1585,ppb,4.324450602274681,38.84029571252563
Local RMS Time Jitter,0.053,0.119,0.154,0.304,1.1, 2.178,12.854,,0.946,2.059,0.4261,,0.4382,µs,5.5033354000216805,60.90271148269877
Server Jitter SHM(0),0.1208,0.3527,0.5336,1.4098,3.3767, 5.305,9.0566,,2.8431,4.9523,0.9428,,1.611,ms,4.430089751672363,17.82210235363708
Server Jitter SHM(1),0.012,0.061,0.095,0.26,1.64, 3.656,26.943,,1.545,3.595,0.7288,,0.4821,µs,5.18093557492595,67.5707950373521
Server Offset SHM(0),9.1296,12.5232,13.683,18.6239,23.5639, 24.8015,27.5713,,9.8809,12.2783,3.1857,,18.4883,ms,125.2690030579114,673.255488562467
Server Offset SHM(1),-28.582,-2.112,-0.522,0.014,0.554, 1.761,16.501,,1.076,3.873,0.6072,,0.0,µs,-6.981415227977434,123.11812501798138
TDOP,0.6,0.66,0.72,1.09,9.83, 43.07,232.46,,9.11,42.41,10.4137,,3.1019, ,9.531676156884663,166.0708236707417
Temp ZONE0,52.9,53.45,54.0,56.2,58.4, 58.95,60.6,,4.4,5.5,1.2061,,56.2294,°C,95087.87672703106,4344281.644410747
nSats,8.0,10.0,11.0,14.0,15.0, 16.0,16.0,,4.0,6.0,1.3272,,13.5853,nSat,815.0632237135537,7772.70911467431
