Name,Min,1%,5%,50%,95%,99%,Max,,90% Range,98% Range,StdDev,,Mean,Units,Skewness,Kurtosis
Local Clock Frequency Offset,7.1165,7.3626,7.457,7.6385,7.8178, 7.8735,8.0079,,0.3609,0.5109,0.1154,,7.6439,ppm,277552.7423416948,18113275.92598566
Local Clock Time Offset,-21.359,-2.245,-0.411,0.001,0.618, 1.717,8.464,,1.029,3.962,0.6002,,0.0001,µs,-7.540734166150408,105.68368847559951
Local RMS Frequency Jitter,0.221,0.565,0.767,1.759,9.033, 18.807,59.001,,8.266,18.242,3.5455,,3.0739,ppb,3.3017371554048536,21.14754709076743
Local RMS Time Jitter,0.038,0.086,0.12,0.278,1.246, 2.203,9.331,,1.126,2.117,0.4453,,0.4357,µs,3.826758353928321,29.464769755957768
Server Jitter SHM(0),0.1002,0.4495,0.6816,1.638,3.7554, 5.0876,11.0291,,3.0738,4.6381,0.9766,,1.8541,ms,4.878800804500887,17.112178084123727
Server Jitter SHM(1),0.009,0.047,0.074,0.214,1.675, 3.63,21.339,,1.601,3.583,0.7287,,0.4451,µs,4.232755320135712,44.117039023017455
Server Offset SHM(0),-31.1292,-22.4002,-19.2005,-10.2677,-0.17, 3.9358,10.0916,,19.0304,26.336,5.8221,,-10.0855,ms,-28.425781345177583,101.4933350696199
Server Offset SHM(1),-21.36,-2.246,-0.412,0.002,0.619, 1.718,8.465,,1.031,3.964,0.6006,,0.0001,µs,-7.534379306884002,105.47220509703608
Temp ZONE0,46.3,48.5,49.05,51.8,55.1, 56.2,58.95,,6.05,7.7,1.7278,,51.9,°C,24570.98051465687,716050.0485243523
