Name,Min,1%,5%,50%,95%,99%,Max,,90% Range,98% Range,StdDev,,Mean,Units,Skewness,Kurtosis
Local Clock Frequency Offset,8.1671,8.3353,8.3852,8.4634,8.5288, 8.5615,8.6389,,0.1436,0.2262,0.0439,,8.4603,ppm,7042460.677057724,1349965894.2275643
Local Clock Time Offset,-19.199,-2.155,-0.363,0.003,0.56, 1.629,6.934,,0.923,3.784,0.573,,-0.0,µs,-7.044779627217448,86.06143009369397
Local RMS Frequency Jitter,0.182,0.47,0.628,1.426,8.392, 18.774,53.07,,7.764,18.304,3.4732,,2.8295,ppb,2.8425477932609837,16.57108812725784
Local RMS Time Jitter,0.028,0.075,0.103,0.23,1.154, 2.252,8.426,,1.051,2.177,0.4298,,0.3945,µs,3.2693306679825915,21.15782031113436
Server Jitter SHM(0),0.1428,0.3761,0.573,1.4685,3.6116, 5.5253,10.0437,,3.0386,5.1492,1.002,,1.7046,ms,4.309614999606911,16.582791943526008
Server Jitter SHM(1),0.01,0.039,0.06,0.169,1.697, 3.695,19.238,,1.637,3.656,0.7122,,0.4065,µs,3.5035895390445297,31.77596676469848
Server Offset SHM(0),8.3829,11.923,13.5806,18.6431,23.8918, 25.2234,28.6566,,10.3112,13.3004,3.2852,,18.6002,ms,115.30797246992418,605.0826319614167
Server Offset SHM(1),-19.2,-2.156,-0.364,0.004,0.561, 1.63,6.935,,0.925,3.786,0.5734,,-0.0,µs,-7.039574509638382,85.90641454632264
TDOP,0.61,0.68,0.73,1.16,8.05, 39.8,157.92,,7.32,39.12,7.5526,,2.7959, ,8.20872444481263,130.5338085824367
Temp ZONE0,51.25,52.35,52.9,55.1,58.4, 59.5,60.05,,5.5,7.15,1.6396,,55.1987,°C,34958.30826060605,1145240.6832980758
nSats,5.0,5.0,5.0,13.0,15.0, 16.0,16.0,,10.0,11.0,3.0956,,12.3292,nSat,34.087726846473316,119.695001183383
