Name,Min,1%,5%,50%,95%,99%,Max,,90% Range,98% Range,StdDev,,Mean,Units,Skewness,Kurtosis
Local Clock Frequency Offset,8.3657,8.5652,8.6747,8.9162,9.0127, 9.0439,9.1134,,0.3379,0.4787,0.0965,,8.9028,ppm,759536.613525676,69315992.53372264
Local Clock Time Offset,-14.767,-2.113,-0.44,0.006,0.513, 1.759,9.082,,0.953,3.872,0.5595,,-0.0001,µs,-6.217007776806128,72.64791266183806
Local RMS Frequency Jitter,0.217,0.603,0.795,1.721,8.279, 17.897,43.123,,7.484,17.294,3.2539,,2.9228,ppb,3.207001521051628,18.58202512964281
Local RMS Time Jitter,0.035,0.095,0.126,0.265,1.072, 1.982,5.754,,0.946,1.887,0.3746,,0.3972,µs,3.7618916060673877,24.58382824480716
Server Jitter SHM(0),0.0,0.3341,0.524,1.3919,3.4105, 5.307,9.2871,,2.8865,4.9729,0.9549,,1.6032,ms,4.27194997730424,16.98426057880814
Server Jitter SHM(1),0.0,0.045,0.072,0.211,1.582, 3.456,14.421,,1.51,3.411,0.6721,,0.4305,µs,3.7486318234938576,32.81017653333958
Server Offset SHM(0),9.011,12.7624,13.9288,18.8597,23.8498, 25.0092,27.8034,,9.9209,12.2468,3.2138,,18.7293,ms,127.0446408779295,685.7321456310715
Server Offset SHM(1),-14.768,-2.114,-0.441,0.007,0.514, 1.76,9.083,,0.955,3.874,0.5599,,-0.0,µs,-6.212578387618195,72.5011032370427
TDOP,0.57,0.68,0.73,1.13,7.34, 24.75,124.37,,6.61,24.07,6.1212,,2.477, ,9.972624024916836,171.4003953227936
Temp ZONE0,47.95,49.05,50.7,54.55,58.95, 60.6,62.8,,8.25,11.55,2.4526,,54.856,°C,9818.627765443118,211169.78605391018
nSats,5.0,11.0,12.0,14.0,16.0, 16.0,16.0,,4.0,5.0,1.1955,,13.7408,nSat,1186.433257083534,12767.298569435969
