Name,Min,1%,5%,50%,95%,99%,Max,,90% Range,98% Range,StdDev,,Mean,Units,Skewness,Kurtosis
Local Clock Frequency Offset,7.9992,8.178,8.351,8.555,8.67, 8.716,8.7765,,0.319,0.538,0.0926,,8.5438,ppm,760550.7322405797,69439409.01336756
Local Clock Time Offset,-18.542,-2.089,-0.436,0.007,0.569, 1.653,9.965,,1.005,3.742,0.5768,,-0.0,µs,-6.879220134293717,86.62077389898054
Local RMS Frequency Jitter,0.0,0.584,0.768,1.62,8.349, 18.672,51.26,,7.581,18.088,3.4128,,2.9467,ppb,3.174863782792404,19.25966612177384
Local RMS Time Jitter,0.039,0.091,0.123,0.254,1.103, 2.23,8.291,,0.98,2.139,0.4155,,0.4033,µs,3.7963308465147656,26.800712759388407
Server Jitter SHM(0),0.0,0.3933,0.6029,1.514,3.6731, 5.5998,11.1708,,3.0701,5.2065,1.0091,,1.7446,ms,4.4367326356172265,17.159389760748457
Server Jitter SHM(1),0.0,0.049,0.074,0.204,1.667, 3.566,18.441,,1.593,3.517,0.7024,,0.4354,µs,3.8421217240440906,35.92637036773799
Server Offset SHM(0),8.1517,12.1976,13.4594,18.6375,23.9273, 25.253,27.9617,,10.468,13.0554,3.2876,,18.6418,ms,115.88682980592293,608.9928137264191
Server Offset SHM(1),-178180.801,-2.09,-0.437,0.008,0.57, 1.655,9.966,,1.007,3.745,324.0229,,-0.5892,µs,-553.9073835919961,304598.6951018305
TDOP,0.65,0.68,0.75,1.16,8.77, 31.69,201.7,,8.02,31.01,8.7523,,2.9973, ,9.9773166795165,182.10562086119944
Temp ZONE0,48.5,49.05,50.15,56.2,59.5, 60.05,67.2,,9.35,11.0,3.0537,,55.5209,°C,5123.160159728217,88894.6013456365
nSats,5.0,5.0,5.0,13.0,15.0, 16.0,16.0,,10.0,11.0,2.5117,,12.8194,nSat,79.58740784983546,360.7175645681279
