Name,Min,1%,5%,50%,95%,99%,Max,,90% Range,98% Range,StdDev,,Mean,Units,Skewness,Kurtosis
Local Clock Frequency Offset,6.9574,7.1246,7.1819,7.4003,7.5858, 7.6672,7.8299,,0.4039,0.5425,0.1158,,7.3902,ppm,247787.78596705402,15571336.53737211
Local Clock Time Offset,-17.762,-2.233,-0.401,-0.001,0.625, 1.82,13.1,,1.026,4.053,0.5861,,0.0001,µs,-6.561908771033821,83.47598015578976
Local RMS Frequency Jitter,0.0,0.536,0.728,1.708,9.548, 17.64,146.763,,8.82,17.104,3.5176,,3.0449,ppb,3.997696322899205,58.10371016698782
Local RMS Time Jitter,0.031,0.082,0.113,0.264,1.265, 2.115,9.356,,1.152,2.033,0.4329,,0.4261,µs,3.4886135534711413,27.505437105039228
Server Jitter SHM(0),0.0,0.8186,1.2108,3.395,9.4813, 16.0333,240.1092,,8.2705,15.2148,4.2185,,4.2267,ms,20.55335466540375,861.0109760011504
Server Jitter SHM(1),0.0,0.044,0.069,0.201,1.724, 3.463,17.824,,1.655,3.419,0.7026,,0.4368,µs,3.6155663090485586,34.76868176015522
Server Offset SHM(0),-50.5065,-26.1842,-15.0039,8.9799,102.9295, 111.2299,247.1251,,117.9334,137.4142,32.2787,,16.9669,ms,0.5187540714857652,4.102495608491161
Server Offset SHM(1),-331.3894,-0.0022,-0.0004,-0.0,0.0006, 0.0018,0.0131,,0.001,0.0041,0.6029,,-0.0011,ms,-553.665491567517,304331.0753723688
TDOP,0.59,0.67,0.73,1.01,8.63, 19.26,40.66,,7.9,18.59,4.0783,,2.2182, ,4.436964021101248,37.051086262133765
Temp ZONE0,46.3,47.95,48.5,51.25,54.55, 56.75,60.05,,6.05,8.8,1.8786,,51.409,°C,18407.89610642053,487469.7025771361
nSats,6.0,10.0,11.0,14.0,16.0, 17.0,17.0,,5.0,7.0,1.6362,,13.552,nSat,407.6175409511694,3121.176713396666
