Name,Min,1%,5%,50%,95%,99%,Max,,90% Range,98% Range,StdDev,,Mean,Units,Skewness,Kurtosis
Local Clock Frequency Offset,8.4308,8.5651,8.6563,8.7676,8.8115, 8.8283,8.8908,,0.1552,0.2632,0.0502,,8.7551,ppm,5217663.03556514,905030539.048125
Local Clock Time Offset,-13.875,-1.935,-0.513,0.009,0.579, 1.706,9.522,,1.092,3.641,0.5596,,-0.0,µs,-5.864651266031662,63.42196341002503
Local RMS Frequency Jitter,0.305,0.671,0.871,1.814,8.101, 17.587,39.803,,7.23,16.916,3.1735,,3.0117,ppb,3.2786417981298763,18.65822635127494
Local RMS Time Jitter,0.046,0.108,0.14,0.278,0.988, 2.016,5.897,,0.848,1.908,0.3609,,0.4001,µs,4.126935039982091,27.415330627250547
Server Jitter SHM(0),0.1448,0.3674,0.5722,1.4315,3.5558, 5.5919,9.4692,,2.9836,5.2245,0.992,,1.6597,ms,4.329860417397233,17.32510584054848
Server Jitter SHM(1),0.012,0.057,0.087,0.239,1.629, 3.342,13.508,,1.542,3.285,0.6592,,0.4591,µs,3.782605368940617,32.222373461648175
Server Offset SHM(0),8.197,12.4963,13.9204,18.8385,23.8163, 25.0091,30.2035,,9.8958,12.5128,3.203,,18.7692,ms,129.35617042304435,701.5506332916865
Server Offset SHM(1),-13.876,-1.936,-0.514,0.01,0.58, 1.707,9.523,,1.094,3.643,0.56,,0.0,µs,-5.860593645338711,63.2873965547744
TDOP,0.59,0.67,0.74,1.09,6.59, 25.13,149.49,,5.85,24.46,8.1749,,2.5714, ,9.56508873631685,142.87160425073435
Temp ZONE0,50.15,51.8,52.9,55.65,57.85, 58.95,60.05,,4.95,7.15,1.5131,,55.4517,°C,45405.21704133864,1622388.0196028508
nSats,9.0,10.0,11.0,14.0,15.0, 16.0,16.0,,4.0,6.0,1.2858,,13.5777,nSat,901.9976534927405,8889.013373700032
