Name,Min,1%,5%,50%,95%,99%,Max,,90% Range,98% Range,StdDev,,Mean,Units,Skewness,Kurtosis
Local Clock Frequency Offset,8.7759,9.0283,9.0921,9.1593,9.2243, 9.2442,9.3077,,0.1321,0.2159,0.0394,,9.1594,ppm,12382712.530815583,2864863158.3518467
Local Clock Time Offset,-36.355,-2.104,-0.519,0.015,0.537, 1.738,16.386,,1.056,3.842,0.6156,,-0.0001,µs,-8.236433181344033,195.04771840676833
Local RMS Frequency Jitter,0.332,0.761,0.976,1.966,8.361, 18.842,101.975,,7.385,18.081,3.6277,,3.1628,ppb,5.0460927537529106,56.16981453464612
Local RMS Time Jitter,0.053,0.122,0.158,0.31,1.102, 2.21,17.271,,0.944,2.088,0.4422,,0.4429,µs,6.637850940864087,98.6052247782792
Server Jitter SHM(0),0.1024,0.3345,0.4982,1.3611,3.3631, 5.2809,9.1724,,2.8649,4.9464,0.9532,,1.5718,ms,4.127301135614965,16.220933526821486
Server Jitter SHM(1),0.011,0.064,0.099,0.267,1.609, 3.635,35.152,,1.51,3.571,0.7436,,0.484,µs,6.242290254132681,103.69379557898877
Server Offset SHM(0),9.667,12.5622,13.8374,18.7434,23.4278, 24.774,27.9231,,9.5904,12.2118,3.127,,18.4388,ms,132.11972979266085,721.1843597370761
Server Offset SHM(1),-36.356,-2.105,-0.52,0.016,0.538, 1.739,16.387,,1.058,3.844,0.616,,0.0,µs,-8.228137507741717,194.59159184613617
TDOP,0.61,0.67,0.74,1.12,9.61, 54.68,215.28,,8.87,54.01,11.6877,,3.4557, ,7.652358946507528,108.1586106235176
Temp ZONE0,50.7,52.9,54.0,56.75,58.95, 60.6,62.8,,4.95,7.7,1.5096,,56.6011,°C,48712.64700828339,1781723.7765944747
nSats,9.0,10.0,11.0,14.0,15.0, 16.0,17.0,,4.0,6.0,1.2663,,13.5624,nSat,944.1594310831766,9440.304648186122
