Name,Min,1%,5%,50%,95%,99%,Max,,90% Range,98% Range,StdDev,,Mean,Units,Skewness,Kurtosis
Local Clock Frequency Offset,7.1764,7.4268,7.5432,7.7564,7.885, 7.932,8.055,,0.3417,0.5051,0.1052,,7.7412,ppm,383044.01665959944,27828741.903707728
Local Clock Time Offset,-21.359,-2.229,-0.41,0.003,0.592, 1.713,8.04,,1.002,3.942,0.5976,,0.0001,µs,-7.640201835960656,107.56976467815332
Local RMS Frequency Jitter,0.222,0.583,0.779,1.745,9.014, 18.721,59.001,,8.235,18.138,3.536,,3.0536,ppb,3.317187139381103,21.42713119886752
Local RMS Time Jitter,0.037,0.088,0.121,0.275,1.248, 2.226,9.368,,1.127,2.138,0.448,,0.4345,µs,3.8913971930507816,30.93299857897174
Server Jitter SHM(0),0.1398,0.4382,0.6666,1.5708,3.563, 4.8773,10.0984,,2.8963,4.4391,0.9209,,1.769,ms,5.0409857549433195,17.9728817075517
Server Jitter SHM(1),0.009,0.048,0.076,0.215,1.675, 3.656,21.339,,1.599,3.608,0.7278,,0.4444,µs,4.235214962293347,44.16506777244717
Server Offset SHM(0),-31.1292,-22.1606,-18.5769,-9.4225,0.443, 4.8374,11.151,,19.0199,26.998,5.7965,,-9.3105,ms,-25.396846363445594,88.51548227587098
Server Offset SHM(1),-21.36,-2.23,-0.411,0.004,0.593, 1.714,8.041,,1.004,3.944,0.598,,0.0001,µs,-7.6336607482745045,107.35455573043461
Temp ZONE0,47.95,48.5,49.6,52.9,57.85, 58.95,62.8,,8.25,10.45,2.3422,,53.2222,°C,10316.223304770258,225551.08759030496
