Name,Min,1%,5%,50%,95%,99%,Max,,90% Range,98% Range,StdDev,,Mean,Units,Skewness,Kurtosis
Local Clock Frequency Offset,7.9992,8.2277,8.3723,8.5902,8.7025, 8.7354,8.8106,,0.3302,0.5077,0.1005,,8.5785,ppm,599935.5819109459,50612675.2796411
Local Clock Time Offset,-18.542,-1.914,-0.474,0.006,0.562, 1.714,8.917,,1.036,3.628,0.5632,,0.0002,µs,-6.0257875332371755,73.24066020829224
Local RMS Frequency Jitter,0.0,0.616,0.81,1.706,8.038, 18.196,51.26,,7.228,17.58,3.2748,,2.9426,ppb,3.2880333498090177,19.602801767514553
Local RMS Time Jitter,0.039,0.097,0.128,0.261,1.002, 2.091,8.291,,0.874,1.994,0.3744,,0.3899,µs,4.0309066746497635,28.220689291936544
Server Jitter SHM(0),0.0,0.3866,0.591,1.5046,3.5262, 5.3684,11.1708,,2.9352,4.9818,0.9659,,1.711,ms,4.633183848041209,18.29628631278228
Server Jitter SHM(1),0.0,0.051,0.078,0.22,1.611, 3.389,18.441,,1.533,3.338,0.6722,,0.4417,µs,3.8940192710891703,35.30749091951605
Server Offset SHM(0),8.1517,12.3579,13.5998,18.7087,23.9201, 25.2698,30.2253,,10.3202,12.9119,3.2547,,18.6397,ms,119.83680822265477,636.1063598189897
Server Offset SHM(1),-178180.801,-1.916,-0.475,0.007,0.563, 1.715,8.918,,1.038,3.631,324.0229,,-0.589,µs,-553.9075027087492,304598.78393091133
TDOP,0.59,0.68,0.74,1.2,6.9, 25.63,229.0,,6.16,24.95,9.5107,,2.6877, ,14.243516692899476,295.7029409482556
Temp ZONE0,48.5,49.05,50.7,53.45,57.85, 58.95,61.15,,7.15,9.9,2.1284,,53.726,°C,14319.716044170778,348945.1540976714
nSats,5.0,5.0,11.0,14.0,16.0, 16.0,16.0,,5.0,11.0,1.8182,,13.3671,nSat,273.38455856714165,1830.1426832251636
