Name,Min,1%,5%,50%,95%,99%,Max,,90% Range,98% Range,StdDev,,Mean,Units,Skewness,Kurtosis
Local Clock Frequency Offset,8.0592,8.1826,8.278,8.4654,8.5805, 8.6219,8.7146,,0.3026,0.4393,0.0882,,8.4545,ppm,854318.6922091505,81081505.96086988
Local Clock Time Offset,-14.443,-2.181,-0.369,0.002,0.571, 1.689,8.364,,0.94,3.87,0.5833,,0.0,µs,-6.6504363116981775,77.78923918341626
Local RMS Frequency Jitter,0.233,0.491,0.642,1.434,8.506, 19.211,44.712,,7.864,18.72,3.5474,,2.8654,ppb,2.8170584748110543,15.929411102210436
Local RMS Time Jitter,0.034,0.077,0.106,0.231,1.169, 2.308,5.91,,1.063,2.231,0.4356,,0.3984,µs,3.1743138039787318,19.0520662510828
Server Jitter SHM(0),0.0701,0.3708,0.5678,1.4288,3.452, 5.4258,9.0274,,2.8842,5.0551,0.9621,,1.6506,ms,4.445735748215907,17.603644169440884
Server Jitter SHM(1),0.01,0.04,0.061,0.171,1.713, 3.831,14.397,,1.652,3.791,0.7227,,0.4109,µs,3.430555496611126,29.3570767629307
Server Offset SHM(0),9.3065,12.3234,13.8197,18.9685,23.964, 25.2115,27.6992,,10.1443,12.888,3.2447,,18.7989,ms,124.52259409756608,667.7791630783873
Server Offset SHM(1),-14.444,-2.182,-0.37,0.003,0.572, 1.69,8.365,,0.942,3.872,0.5837,,0.0,µs,-6.646034070411128,77.65616095318919
TDOP,0.59,0.67,0.73,1.13,7.55, 30.85,157.92,,6.82,30.18,6.8128,,2.6545, ,9.806287587119739,180.83238236769049
Temp ZONE0,48.5,49.6,50.7,54.0,56.2, 57.85,59.5,,5.5,8.25,1.7527,,53.622,°C,26006.11607576163,772234.3471724747
nSats,5.0,5.0,5.0,13.0,15.0, 16.0,16.0,,10.0,11.0,3.0564,,12.4929,nSat,37.20725105057793,133.80809413886874
