Name,Min,1%,5%,50%,95%,99%,Max,,90% Range,98% Range,StdDev,,Mean,Units,Skewness,Kurtosis
Local Clock Frequency Offset,7.1764,7.4085,7.528,7.7489,7.8775, 7.9291,8.0088,,0.3495,0.5206,0.1101,,7.7296,ppm,331441.5254508302,22946718.806551993
Local Clock Time Offset,-21.359,-2.235,-0.411,0.003,0.601, 1.716,8.04,,1.012,3.951,0.5994,,-0.0,µs,-7.632933859585311,107.06876073863754
Local RMS Frequency Jitter,0.222,0.581,0.779,1.75,9.044, 18.75,59.001,,8.265,18.169,3.5445,,3.0653,ppb,3.311422829230785,21.38312641098744
Local RMS Time Jitter,0.037,0.088,0.121,0.276,1.251, 2.227,9.368,,1.13,2.139,0.4491,,0.4355,µs,3.886568663030208,30.870677727368626
Server Jitter SHM(0),0.1398,0.4382,0.6667,1.5692,3.5695, 4.8839,10.0984,,2.9028,4.4457,0.9227,,1.7682,ms,5.031114130221889,18.028216670745564
Server Jitter SHM(1),0.009,0.048,0.076,0.215,1.682, 3.65,21.339,,1.606,3.602,0.7298,,0.4455,µs,4.221868745095328,43.97550049364453
Server Offset SHM(0),-31.1292,-22.1405,-18.5315,-9.427,0.5463, 5.1883,11.151,,19.0777,27.3288,5.7919,,-9.2862,ms,-25.30352865634875,88.0304266516595
Server Offset SHM(1),-21.36,-2.236,-0.412,0.004,0.602, 1.717,8.041,,1.014,3.953,0.5998,,0.0,µs,-7.626420995438244,106.85492791305852
Temp ZONE0,47.95,48.5,49.6,52.9,57.85, 58.95,62.8,,8.25,10.45,2.3991,,53.0847,°C,9493.308797556165,201938.60341329698
