Name,Min,1%,5%,50%,95%,99%,Max,,90% Range,98% Range,StdDev,,Mean,Units,Skewness,Kurtosis
Local Clock Frequency Offset,7.7049,7.8473,7.9391,8.2254,8.3459, 8.3853,8.5343,,0.4068,0.538,0.1119,,8.2066,ppm,378345.3587711875,27374516.30939956
Local Clock Time Offset,-22.671,-2.187,-0.472,0.004,0.535, 1.782,12.911,,1.007,3.969,0.5723,,0.0,µs,-6.504674728422493,101.2276141035627
Local RMS Frequency Jitter,0.334,0.629,0.813,1.797,8.774, 16.878,65.316,,7.961,16.249,3.3059,,3.0154,ppb,3.6622572224597385,29.329289106300557
Local RMS Time Jitter,0.052,0.098,0.127,0.268,1.059, 1.927,10.108,,0.932,1.829,0.3895,,0.4014,µs,4.776329903497215,50.551314762748056
Server Jitter SHM(0),0.1188,0.3472,0.536,1.4112,3.6062, 5.5732,14.2968,,3.0701,5.2261,1.0218,,1.6493,ms,4.278213896603968,19.610079987481193
Server Jitter SHM(1),0.008,0.044,0.068,0.217,1.691, 3.334,22.221,,1.623,3.29,0.6887,,0.4441,µs,4.21281934724656,50.45759677770759
Server Offset SHM(0),3.1758,11.298,12.9805,18.106,23.053, 24.5871,28.0758,,10.0725,13.2892,3.2502,,17.9896,ms,106.83141379530267,547.9076777289964
Server Offset SHM(1),-22.672,-2.188,-0.473,0.005,0.536, 1.783,12.912,,1.009,3.971,0.5727,,0.0001,µs,-6.499779152378146,101.00741945046181
TDOP,0.63,0.67,0.74,1.12,12.38, 51.16,189.01,,11.64,50.49,10.9618,,3.6063, ,7.0154909719045655,97.25350568108934
Temp ZONE0,46.85,48.5,49.6,52.9,55.65, 56.75,58.95,,6.05,8.25,1.8133,,52.9166,°C,22468.08255180807,635571.0153128016
nSats,8.0,10.0,11.0,14.0,16.0, 16.0,16.0,,5.0,6.0,1.361,,13.6724,nSat,766.774745924485,7169.767222825236
