Name,Min,1%,5%,50%,95%,99%,Max,,90% Range,98% Range,StdDev,,Mean,Units,Skewness,Kurtosis
Local Clock Frequency Offset,7.1165,7.3626,7.4572,7.6497,7.819, 7.8753,8.0079,,0.3618,0.5127,0.1155,,7.6502,ppm,278143.4658525503,18164666.393996075
Local Clock Time Offset,-21.359,-2.246,-0.412,0.002,0.616, 1.719,8.464,,1.028,3.965,0.6008,,0.0001,µs,-7.538874114204677,105.2405051219339
Local RMS Frequency Jitter,0.221,0.564,0.766,1.759,9.039, 18.874,59.001,,8.273,18.31,3.5494,,3.0756,ppb,3.292722312746082,21.009800221124692
Local RMS Time Jitter,0.038,0.086,0.12,0.278,1.249, 2.211,9.331,,1.129,2.125,0.4464,,0.4361,µs,3.800624909874986,29.00620379861956
Server Jitter SHM(0),0.1002,0.4466,0.6763,1.6316,3.7451, 5.0842,11.0291,,3.0688,4.6376,0.9749,,1.8473,ms,4.864297630245319,17.09475711008661
Server Jitter SHM(1),0.009,0.047,0.074,0.214,1.677, 3.636,21.339,,1.603,3.589,0.7296,,0.4452,µs,4.217819586279016,43.753356686899295
Server Offset SHM(0),-31.1292,-22.2511,-18.9622,-10.1345,-0.1694, 3.9358,10.0916,,18.7928,26.187,5.7425,,-9.9641,ms,-28.49769641185922,101.84921031317917
Server Offset SHM(1),-21.36,-2.247,-0.413,0.003,0.617, 1.72,8.465,,1.03,3.967,0.6012,,0.0001,µs,-7.5325385267927665,105.0308010691035
Temp ZONE0,46.3,48.5,49.05,51.8,55.1, 56.2,58.95,,6.05,7.7,1.7266,,51.9403,°C,24685.569383642847,720496.5734361929
