Name,Min,1%,5%,50%,95%,99%,Max,,90% Range,98% Range,StdDev,,Mean,Units,Skewness,Kurtosis
Local Clock Frequency Offset,7.3623,7.5314,7.5761,7.7853,7.8988, 7.9453,8.055,,0.3227,0.414,0.0949,,7.7671,ppm,529096.5147929953,42806662.334727034
Local Clock Time Offset,-20.526,-2.237,-0.414,0.004,0.604, 1.728,8.04,,1.018,3.965,0.5973,,0.0005,µs,-7.5336968981594055,104.14166294803826
Local RMS Frequency Jitter,0.0,0.594,0.783,1.748,9.116, 18.788,86.031,,8.333,18.194,3.6426,,3.0852,ppb,3.786155219139582,32.96347383648848
Local RMS Time Jitter,0.035,0.091,0.123,0.275,1.246, 2.212,9.368,,1.123,2.121,0.4448,,0.4347,µs,3.8623433089085006,30.71482285310792
Server Jitter SHM(0),0.0,0.4231,0.647,1.5533,3.5595, 5.1421,13.8263,,2.9125,4.7191,1.0107,,1.7675,ms,5.272773028929685,29.298038721649927
Server Jitter SHM(1),0.0,0.049,0.077,0.215,1.691, 3.649,20.558,,1.614,3.6,0.7255,,0.4467,µs,4.139006121922418,42.71982449721427
Server Offset SHM(0),-84.118,-21.5752,-17.6807,-8.2685,192.3702, 274.3496,615.7274,,210.0509,295.9248,64.4934,,9.0921,ms,0.24965572240811504,7.277962856450265
Server Offset SHM(1),-0.0205,-0.0022,-0.0004,0.0,0.0006, 0.0017,166.1578,,0.001,0.004,0.3032,,0.0006,ms,544.0214413014835,298136.5986507391
TDOP,0.76,0.77,0.79,1.1,9.07, 15.69,22.66,,8.28,14.92,3.1106,,2.3288, ,2.900216438811514,16.053382449844655
Temp ZONE0,48.5,49.6,50.15,52.9,57.85, 58.95,62.8,,7.7,9.35,2.1609,,53.3163,°C,13338.1241712716,317488.17173279816
nSats,11.0,11.0,12.0,14.0,16.0, 16.0,16.0,,4.0,5.0,1.1523,,14.0156,nSat,1424.0587863842354,16259.956367904491
