Name,Min,1%,5%,50%,95%,99%,Max,,90% Range,98% Range,StdDev,,Mean,Units,Skewness,Kurtosis
Local Clock Frequency Offset,8.1748,8.3355,8.478,8.8512,9.0012, 9.03,9.1139,,0.5232,0.6945,0.1617,,8.8102,ppm,153176.00759766749,8201305.162695261
Local Clock Time Offset,-18.326,-2.067,-0.448,0.002,0.542, 1.817,8.378,,0.99,3.884,0.5701,,0.0002,µs,-6.0230202114599845,79.48563095718488
Local RMS Frequency Jitter,0.0,0.607,0.797,1.736,8.31, 18.17,51.535,,7.513,17.563,3.3317,,2.9571,ppb,3.3392227682111164,20.89179639719537
Local RMS Time Jitter,0.036,0.094,0.125,0.263,1.063, 2.002,7.695,,0.938,1.908,0.3809,,0.3952,µs,4.042665421800347,30.677910149582317
Server Jitter SHM(0),0.0,0.3399,0.5291,1.4076,3.3525, 5.3201,9.5374,,2.8234,4.9801,0.9428,,1.6135,ms,4.409286969428173,17.645229606406776
Server Jitter SHM(1),0.0,0.047,0.073,0.213,1.596, 3.474,17.963,,1.523,3.427,0.6816,,0.4342,µs,4.000864893446825,38.82952727138238
Server Offset SHM(0),8.7442,13.0426,14.0561,19.0231,23.8365, 25.1791,28.6178,,9.7804,12.1366,3.1471,,18.8892,ms,140.16162038936153,778.284857971679
Server Offset SHM(1),-224214.603,-2.069,-0.449,0.003,0.544, 1.818,8.379,,0.993,3.887,559.6128,,-1.4383,µs,-393.40064106740004,153334.29737925495
TDOP,0.58,0.65,0.73,1.07,4.41, 17.28,94.33,,3.68,16.63,5.0325,,2.0028, ,9.922622432589245,147.83182174172424
Temp ZONE0,45.75,47.4,48.5,52.9,55.65, 56.75,58.4,,7.15,9.35,2.1529,,52.519,°C,12873.004274909857,302767.66897755995
nSats,9.0,10.0,11.0,14.0,16.0, 16.0,16.0,,5.0,6.0,1.245,,13.6542,nSat,1019.6952025898593,10453.50475164196
