Name,Min,1%,5%,50%,95%,99%,Max,,90% Range,98% Range,StdDev,,Mean,Units,Skewness,Kurtosis
Local Clock Frequency Offset,8.9889,9.1133,9.1461,9.2055,9.2465, 9.2655,9.3257,,0.1004,0.1522,0.0302,,9.2017,ppm,27979921.837973397,8494504619.839703
Local Clock Time Offset,-18.635,-2.107,-0.588,0.015,0.572, 1.75,9.273,,1.16,3.857,0.5951,,-0.0001,µs,-6.460121649314866,82.42390329675837
Local RMS Frequency Jitter,0.346,0.754,0.986,2.181,8.391, 18.339,55.143,,7.405,17.585,3.3193,,3.2608,ppb,3.8601315349715133,25.14816671842647
Local RMS Time Jitter,0.06,0.121,0.159,0.34,1.105, 2.099,8.323,,0.946,1.978,0.392,,0.4579,µs,4.698843375327135,36.89158643054379
Server Jitter SHM(0),0.082,0.3415,0.5035,1.3375,3.4448, 5.3156,8.5838,,2.9413,4.9741,0.9663,,1.5611,ms,4.043968294558527,15.942443973735468
Server Jitter SHM(1),0.016,0.062,0.099,0.29,1.636, 3.597,17.781,,1.537,3.535,0.6942,,0.5029,µs,4.429968317806655,42.9455757798781
Server Offset SHM(0),7.6116,12.3288,13.6367,18.6341,23.4855, 24.8234,28.2867,,9.8488,12.4946,3.1955,,18.4528,ms,123.15998249357916,658.3373375562549
Server Offset SHM(1),-18.636,-2.108,-0.589,0.016,0.573, 1.751,9.274,,1.162,3.859,0.5956,,0.0,µs,-6.4548381079881345,82.2390297891872
TDOP,0.62,0.67,0.74,1.12,5.6, 24.41,193.81,,4.86,23.74,8.7629,,2.4961, ,11.89516890504584,208.03508469413717
Temp ZONE0,52.9,54.55,55.1,56.75,58.95, 60.6,62.8,,3.85,6.05,1.3008,,56.9231,°C,78319.04263274388,3354590.1165955486
nSats,3.0,10.0,11.0,14.0,16.0, 16.0,16.0,,5.0,6.0,1.4312,,13.5451,nSat,630.4170924997854,5526.628119087909
