Name,Min,1%,5%,50%,95%,99%,Max,,90% Range,98% Range,StdDev,,Mean,Units,Skewness,Kurtosis
Local Clock Frequency Offset,8.2575,8.4981,8.8533,9.1373,9.1805, 9.2152,9.2975,,0.3272,0.7171,0.1217,,9.1107,ppm,402985.1440807048,29776031.45743148
Local Clock Time Offset,-20.73,-2.089,-0.511,0.013,0.545, 1.744,12.565,,1.056,3.833,0.5934,,-0.0001,µs,-6.674426126477637,97.46097709657906
Local RMS Frequency Jitter,0.304,0.718,0.931,1.904,8.313, 18.55,65.415,,7.382,17.832,3.4429,,3.1094,ppb,4.012019736015963,30.712852867755736
Local RMS Time Jitter,0.052,0.115,0.15,0.297,1.089, 2.127,9.411,,0.939,2.012,0.4105,,0.4296,µs,4.939467965499642,45.01451059298314
Server Jitter SHM(0),0.1301,0.3419,0.5245,1.3848,3.4972, 5.3925,9.0566,,2.9726,5.0506,0.9736,,1.6074,ms,4.167841934163413,16.32307857966025
Server Jitter SHM(1),0.011,0.059,0.092,0.252,1.614, 3.604,19.435,,1.522,3.545,0.7111,,0.472,µs,4.721125882130191,51.73540261507105
Server Offset SHM(0),9.2672,12.5892,13.8611,18.789,23.6901, 25.0268,28.3171,,9.829,12.4376,3.1799,,18.6257,ms,129.2061166350938,700.8791894003389
Server Offset SHM(1),-20.731,-2.09,-0.512,0.014,0.546, 1.745,12.566,,1.058,3.835,0.5938,,0.0,µs,-6.669010246659428,97.24884425779416
TDOP,0.62,0.66,0.71,1.04,6.29, 19.14,237.99,,5.58,18.48,8.5095,,2.3246, ,16.903349664193055,407.3933022386385
Temp ZONE0,45.75,47.95,51.25,56.75,58.95, 60.05,63.35,,7.7,12.1,2.2182,,56.5225,°C,14743.183095560738,362585.027935346
nSats,8.0,10.0,11.0,14.0,15.0, 16.0,16.0,,4.0,6.0,1.3481,,13.5603,nSat,770.0072131270733,7209.629546415802
