Name,Min,1%,5%,50%,95%,99%,Max,,90% Range,98% Range,StdDev,,Mean,Units,Skewness,Kurtosis
Local Clock Frequency Offset,8.3454,8.5071,8.614,8.7896,8.8567, 8.8933,9.0234,,0.2427,0.3862,0.0755,,8.7704,ppm,1524974.11797407,175555471.28775424
Local Clock Time Offset,-16.091,-1.932,-0.527,0.007,0.593, 1.75,11.777,,1.12,3.682,0.5731,,-0.0,µs,-5.905616404861674,72.93685345565822
Local RMS Frequency Jitter,0.319,0.725,0.929,1.883,8.184, 17.93,63.65,,7.255,17.205,3.2492,,3.0851,ppb,3.5430405901019326,22.85256724937789
Local RMS Time Jitter,0.044,0.112,0.146,0.285,0.999, 2.042,7.933,,0.853,1.93,0.3677,,0.4076,µs,4.3828001559172485,32.356666216920374
Server Jitter SHM(0),0.1235,0.364,0.5513,1.42,3.4216, 5.4406,9.4776,,2.8703,5.0766,0.9619,,1.6371,ms,4.42328534236915,17.761722368686165
Server Jitter SHM(1),0.015,0.06,0.091,0.25,1.632, 3.381,17.277,,1.541,3.321,0.6706,,0.4687,µs,4.143506892415995,40.12353721295868
Server Offset SHM(0),9.7472,12.4781,13.6882,18.7571,23.8086, 25.1669,29.367,,10.1204,12.6888,3.2243,,18.6349,ms,123.55733962480453,661.6559169351548
Server Offset SHM(1),-16.092,-1.933,-0.528,0.008,0.594, 1.751,11.778,,1.122,3.684,0.5735,,0.0,µs,-5.901480827954771,72.77523398940448
TDOP,0.62,0.67,0.73,1.11,8.6, 25.45,136.55,,7.87,24.78,6.6059,,2.6195, ,8.806236847330297,139.31225177650234
Temp ZONE0,48.5,50.15,51.25,53.45,56.2, 58.4,58.95,,4.95,8.25,1.4792,,53.5706,°C,43783.065886368146,1545661.1746719303
nSats,6.0,10.0,11.0,14.0,16.0, 16.0,16.0,,5.0,6.0,1.33,,13.5338,nSat,799.4581876340184,7577.174242255776
