Name,Min,1%,5%,50%,95%,99%,Max,,90% Range,98% Range,StdDev,,Mean,Units,Skewness,Kurtosis
Local Clock Frequency Offset,8.9889,9.1134,9.1462,9.2078,9.2511, 9.2667,9.3257,,0.1049,0.1534,0.0315,,9.2041,ppm,24684623.392182674,7187517021.520048
Local Clock Time Offset,-18.635,-2.106,-0.59,0.016,0.573, 1.744,9.273,,1.163,3.85,0.5974,,-0.0001,µs,-6.520001001100748,85.33191573607606
Local RMS Frequency Jitter,0.346,0.754,0.987,2.196,8.383, 18.446,55.143,,7.396,17.692,3.3355,,3.2692,ppb,3.9091364604525003,25.837744095834296
Local RMS Time Jitter,0.06,0.121,0.159,0.341,1.105, 2.118,8.323,,0.946,1.997,0.3951,,0.4588,µs,4.7886925190949645,38.61048396241839
Server Jitter SHM(0),0.082,0.3381,0.5027,1.3394,3.4595, 5.3357,8.5838,,2.9568,4.9976,0.9698,,1.5647,ms,4.026636157621127,15.783803854772225
Server Jitter SHM(1),0.016,0.062,0.099,0.293,1.632, 3.606,17.781,,1.533,3.544,0.697,,0.5047,µs,4.512251747277471,44.564299437440106
Server Offset SHM(0),7.6116,12.3169,13.659,18.6297,23.521, 24.858,28.2867,,9.862,12.5411,3.1959,,18.4677,ms,123.45007660753129,660.4585019715757
Server Offset SHM(1),-18.636,-2.107,-0.591,0.017,0.574, 1.745,9.274,,1.165,3.852,0.5978,,0.0,µs,-6.514595366138833,85.13931819517053
TDOP,0.62,0.67,0.74,1.11,7.81, 29.44,139.52,,7.07,28.77,8.5386,,2.6905, ,9.408656471241283,135.46020857536666
Temp ZONE0,52.9,54.55,55.1,56.75,59.5, 61.15,62.8,,4.4,6.6,1.359,,56.9571,°C,68598.48134919952,2811579.8563177763
nSats,3.0,10.0,11.0,14.0,16.0, 16.0,16.0,,5.0,6.0,1.4462,,13.5404,nSat,608.5798387809433,5275.2482225581525
