Name,Min,1%,5%,50%,95%,99%,Max,,90% Range,98% Range,StdDev,,Mean,Units,Skewness,Kurtosis
Local Clock Frequency Offset,7.1165,7.353,7.4525,7.624,7.8136, 7.8694,8.0079,,0.3612,0.5164,0.1133,,7.6344,ppm,292636.7840427013,19437252.701076694
Local Clock Time Offset,-21.359,-2.253,-0.411,0.001,0.622, 1.717,8.464,,1.033,3.97,0.6008,,0.0001,µs,-7.509259052941929,104.46568913737586
Local RMS Frequency Jitter,0.221,0.563,0.764,1.754,9.057, 18.784,59.001,,8.293,18.221,3.5485,,3.0771,ppb,3.273001163614208,20.839107857108495
Local RMS Time Jitter,0.038,0.086,0.119,0.276,1.247, 2.192,9.331,,1.128,2.106,0.4442,,0.4349,µs,3.7725255837084037,28.74510252576075
Server Jitter SHM(0),0.1002,0.45,0.6811,1.6373,3.7573, 5.0885,11.0291,,3.0761,4.6385,0.977,,1.8537,ms,4.866199062769166,17.024108123263794
Server Jitter SHM(1),0.009,0.047,0.074,0.213,1.68, 3.628,21.339,,1.606,3.581,0.7296,,0.4449,µs,4.192711512756916,43.45450000199245
Server Offset SHM(0),-31.1292,-22.9435,-19.9137,-10.6116,-0.17, 3.9358,10.0916,,19.7437,26.8794,6.0116,,-10.3973,ms,-28.35469142256481,101.08792391549993
Server Offset SHM(1),-21.36,-2.254,-0.412,0.002,0.623, 1.718,8.465,,1.035,3.972,0.6012,,0.0001,µs,-7.502992044499742,104.25777926883468
Temp ZONE0,46.3,48.5,49.05,51.8,55.1, 56.2,58.95,,6.05,7.7,1.7063,,51.8137,°C,25410.863889123542,748837.6297623089
