Name,Min,1%,5%,50%,95%,99%,Max,,90% Range,98% Range,StdDev,,Mean,Units,Skewness,Kurtosis
Local Clock Frequency Offset,7.3623,7.5327,7.6024,7.8075,7.9132, 7.9557,8.055,,0.3107,0.423,0.0923,,7.7875,ppm,580022.6860612738,48385661.645273745
Local Clock Time Offset,-20.526,-2.238,-0.417,0.005,0.594, 1.741,8.04,,1.011,3.979,0.5952,,0.0005,µs,-7.52977762989976,102.51927200254111
Local RMS Frequency Jitter,0.0,0.605,0.79,1.749,9.188, 18.661,86.031,,8.398,18.056,3.6207,,3.0853,ppb,3.775614769205738,33.07605320893246
Local RMS Time Jitter,0.035,0.094,0.125,0.276,1.252, 2.199,9.368,,1.127,2.105,0.4435,,0.4367,µs,3.8450038611829984,30.517254895483468
Server Jitter SHM(0),0.0,0.4086,0.6298,1.5344,3.6476, 6.7565,13.8263,,3.0178,6.3479,1.1819,,1.7938,ms,5.084168600919016,30.881845967226457
Server Jitter SHM(1),0.0,0.049,0.077,0.215,1.695, 3.659,20.558,,1.618,3.61,0.7224,,0.4476,µs,4.072024945111936,41.720337797794585
Server Offset SHM(0),-92.011,-87.9606,-76.2716,-8.3597,274.2879, 545.0884,615.7274,,350.5594,633.0491,128.7276,,31.9521,ms,0.07296673421996216,5.653933540028665
Server Offset SHM(1),-0.0205,-0.0022,-0.0004,0.0,0.0006, 0.0017,166.1578,,0.001,0.004,0.3032,,0.0006,ms,544.0205508539955,298135.618250377
TDOP,0.68,0.69,0.75,1.06,5.88, 15.69,135.09,,5.13,15.0,7.5735,,2.2029, ,13.200926540127705,230.92521996383056
Temp ZONE0,48.5,49.6,50.15,53.45,57.85, 58.95,62.8,,7.7,9.35,2.1168,,53.5348,°C,14404.624836006275,351706.1078169116
nSats,11.0,11.0,12.0,14.0,16.0, 16.0,16.0,,4.0,5.0,1.2986,,14.0372,nSat,973.097412927931,9827.065040072113
