Name,Min,1%,5%,50%,95%,99%,Max,,90% Range,98% Range,StdDev,,Mean,Units,Skewness,Kurtosis
Local Clock Frequency Offset,7.6244,7.8444,7.8987,8.0603,8.215, 8.2603,8.3251,,0.3163,0.4159,0.0958,,8.0607,ppm,575151.7716703506,47844864.17488678
Local Clock Time Offset,-15.303,-2.204,-0.423,0.001,0.505, 1.818,9.002,,0.928,4.022,0.552,,0.0,µs,-5.9434183428663605,63.44549282966896
Local RMS Frequency Jitter,0.273,0.544,0.705,1.66,8.707, 16.956,42.94,,8.002,16.412,3.207,,2.8876,ppb,2.8638244398863293,15.597995464633456
Local RMS Time Jitter,0.042,0.084,0.109,0.246,1.05, 1.889,6.434,,0.941,1.805,0.3695,,0.3816,µs,3.3979236845266474,21.366788351186074
Server Jitter SHM(0),0.1386,0.3602,0.5515,1.4086,3.6324, 5.6964,23.462,,3.081,5.3362,1.0728,,1.6637,ms,4.762270056646788,34.118318696159434
Server Jitter SHM(1),0.009,0.038,0.058,0.186,1.68, 3.34,14.89,,1.622,3.302,0.6682,,0.417,µs,3.198096928482913,26.04737729882065
Server Offset SHM(0),-7.8576,11.5054,13.3553,18.5204,23.5575, 25.065,27.5599,,10.2022,13.5596,3.2959,,18.3198,ms,108.2980706924258,557.3508765500525
Server Offset SHM(1),-15.304,-2.205,-0.424,0.002,0.506, 1.819,9.003,,0.93,4.024,0.5524,,0.0,µs,-5.939798286023779,63.32843863012293
TDOP,0.6,0.67,0.75,1.23,7.52, 33.13,162.06,,6.77,32.46,8.1641,,2.7643, ,9.434081118645702,145.3953411897354
Temp ZONE0,48.5,49.6,50.7,52.35,56.2, 58.4,60.05,,5.5,8.8,1.7796,,52.8021,°C,23655.3305494746,680784.4342089391
nSats,5.0,9.0,11.0,14.0,15.0, 16.0,16.0,,4.0,7.0,1.3833,,13.5246,nSat,701.5746756334688,6369.503871260779
