Name,Min,1%,5%,50%,95%,99%,Max,,90% Range,98% Range,StdDev,,Mean,Units,Skewness,Kurtosis
Local Clock Frequency Offset,7.3683,7.5016,7.7146,7.8703,7.9802, 8.0141,8.0959,,0.2655,0.5125,0.0954,,7.8569,ppm,538430.7434704833,43816183.505416736
Local Clock Time Offset,-20.526,-2.237,-0.441,0.003,0.562, 1.784,7.571,,1.003,4.021,0.5712,,0.0006,µs,-6.566587279373982,76.76784512928566
Local RMS Frequency Jitter,0.0,0.547,0.722,1.724,9.046, 17.517,86.031,,8.324,16.97,3.4418,,3.0109,ppb,3.6425384693309177,33.59954031777862
Local RMS Time Jitter,0.031,0.086,0.113,0.26,1.144, 2.012,8.781,,1.031,1.926,0.3991,,0.4057,µs,3.4585613238666615,23.825484352480437
Server Jitter SHM(0),0.0,0.3554,0.5612,1.4857,4.0785, 8.0126,22.1697,,3.5173,7.6573,1.3836,,1.8225,ms,4.448941953135209,27.020984021118423
Server Jitter SHM(1),0.0,0.039,0.06,0.197,1.715, 3.468,20.558,,1.655,3.429,0.6925,,0.4342,µs,3.4039507360630332,30.653740461943272
Server Offset SHM(0),-94.0089,-88.1354,-76.7738,16.6882,274.7866, 545.1107,599421.1365,,351.5604,633.246,3100.8137,,81.7588,ms,187.54986387792854,36227.11084089708
Server Offset SHM(1),-20.527,-2.238,-0.442,0.004,0.563, 1.788,599124056.644,,1.005,4.026,1098735.7451,,2186.3105,µs,537.0244303119699,292634.9456475275
TDOP,0.61,0.67,0.73,1.1,9.91, 48.59,208.87,,9.18,47.92,12.1969,,3.4008, ,8.448577744229503,116.93637027496641
Temp ZONE0,46.85,49.05,50.7,54.0,57.85, 58.95,60.6,,7.15,9.9,1.9722,,53.7978,°C,18224.452852124075,480989.20650818915
nSats,7.0,10.0,11.0,14.0,16.0, 16.0,16.0,,5.0,6.0,1.4006,,13.6381,nSat,692.8807923287028,6275.381957730535
