Name,Min,1%,5%,50%,95%,99%,Max,,90% Range,98% Range,StdDev,,Mean,Units,Skewness,Kurtosis
Local Clock Frequency Offset,6.9737,7.2074,7.29,7.5417,7.6711, 7.7148,7.8387,,0.3811,0.5073,0.1157,,7.5156,ppm,261833.79803222642,16758807.300453702
Local Clock Time Offset,-18.0,-2.231,-0.404,0.002,0.587, 1.706,8.033,,0.991,3.937,0.5981,,0.0,µs,-7.512652966344764,104.778817049709
Local RMS Frequency Jitter,0.243,0.575,0.766,1.731,8.954, 19.016,61.84,,8.188,18.441,3.5693,,3.0451,ppb,3.3138749491029174,21.27260260427583
Local RMS Time Jitter,0.034,0.09,0.122,0.274,1.242, 2.231,9.338,,1.12,2.141,0.4451,,0.4335,µs,3.803406424144934,29.358170393839497
Server Jitter SHM(0),0.1946,0.6266,0.9298,2.3445,8.7051, 13.2644,70.6249,,7.7753,12.6377,2.8562,,3.3077,ms,4.248618463424421,42.006558803794185
Server Jitter SHM(1),0.0,0.049,0.076,0.21,1.659, 3.677,18.0,,1.583,3.628,0.7301,,0.4407,µs,4.206224478345583,42.548256302805655
Server Offset SHM(0),-74.9031,-54.6823,-44.7299,-15.7207,9.7765, 16.618,61.2309,,54.5063,71.3002,16.3536,,-16.0141,ms,-13.76521117847729,42.730611611915535
Server Offset SHM(1),-18.0,-2.232,-0.405,0.003,0.588, 1.707,8.034,,0.993,3.939,0.5985,,0.0001,µs,-7.5064360248707205,104.57349701591558
Temp ZONE0,47.4,47.95,49.05,51.8,55.65, 57.85,60.6,,6.6,9.9,2.0219,,52.0944,°C,15262.931944519447,379865.63050624204
