Name,Min,1%,5%,50%,95%,99%,Max,,90% Range,98% Range,StdDev,,Mean,Units,Skewness,Kurtosis
Local Clock Frequency Offset,-0.5797,9.091,9.1394,9.2438,9.3105, 9.3524,9.4309,,0.1711,0.2614,0.0833,,9.2369,ppm,1326152.250493275,145713441.2404175
Local Clock Time Offset,-116939.999,-2.297,-0.623,0.013,0.63, 1.924,81.939,,1.253,4.221,1356.4704,,-23.5764,µs,-69.56964797079073,4848.938971184882
Local RMS Frequency Jitter,0.0,0.78,1.007,2.344,9.545, 18.969,1882.182,,8.538,18.189,11.4227,,3.5821,ppb,104.32871712159485,13722.035119052909
Local RMS Time Jitter,0.059,0.127,0.165,0.354,1.217, 2.18,41344.533,,1.052,2.053,213.4892,,2.8209,µs,128.5748932834931,19340.511872616506
Server Jitter SHM(0),0.0,0.3222,0.4991,1.3648,3.5165, 5.6659,37.9073,,3.0174,5.3438,1.2226,,1.6172,ms,9.173184327958104,188.29272224448593
Server Jitter SHM(1),0.0,0.065,0.1,0.296,1.792, 3.804,4474.453,,1.692,3.739,84.6969,,2.2612,µs,47.39236224176474,2468.677606198646
Server Offset SHM(0),-102.4156,11.5201,13.2601,18.5245,23.3577, 24.6932,27.4727,,10.0977,13.173,3.5684,,18.2366,ms,77.07541781762005,442.27390400282883
Server Offset SHM(1),-116939.999,-2.299,-0.624,0.014,0.631, 1.925,81.94,,1.255,4.224,1356.4708,,-23.5782,µs,-69.56959822426,4848.933708829916
TDOP,0.65,0.7,0.75,1.13,7.68, 25.81,176.17,,6.93,25.11,7.8677,,2.627, ,10.575355443346497,185.23102528141095
Temp ZONE0,50.7,51.8,52.9,55.1,58.4, 59.5,61.15,,5.5,7.7,1.7285,,55.2262,°C,29739.520606577007,923359.3724313152
nSats,5.0,10.0,11.0,14.0,15.0, 16.0,16.0,,4.0,6.0,1.3981,,13.4465,nSat,665.0353657536241,5937.2580315235
