Name,Min,1%,5%,50%,95%,99%,Max,,90% Range,98% Range,StdDev,,Mean,Units,Skewness,Kurtosis
Local Clock Frequency Offset,7.7049,7.8765,7.9558,8.1849,8.3221, 8.3516,8.4211,,0.3663,0.4752,0.1066,,8.1714,ppm,433165.0124474009,32785938.0135219
Local Clock Time Offset,-19.437,-2.209,-0.458,0.004,0.528, 1.793,9.402,,0.986,4.002,0.559,,0.0,µs,-6.043865748822473,68.47415734999393
Local RMS Frequency Jitter,0.334,0.611,0.791,1.754,8.805, 16.594,56.893,,8.014,15.983,3.2004,,2.9768,ppb,3.0679531274676597,18.386844994322306
Local RMS Time Jitter,0.051,0.095,0.123,0.26,1.06, 1.891,9.017,,0.937,1.796,0.3717,,0.3946,µs,3.754137177364997,27.473840728720827
Server Jitter SHM(0),0.1011,0.3327,0.5111,1.3834,3.6527, 5.6208,14.2968,,3.1416,5.2882,1.0444,,1.6253,ms,4.09915460160352,19.112288716913852
Server Jitter SHM(1),0.012,0.043,0.065,0.206,1.698, 3.326,18.5,,1.633,3.283,0.6709,,0.4357,µs,3.41337324645327,30.221745690017435
Server Offset SHM(0),3.1758,11.7863,13.214,18.2933,23.0942, 24.7567,28.6811,,9.8802,12.9704,3.2184,,18.0897,ms,112.51548214023576,586.0452470079637
Server Offset SHM(1),-19.438,-2.21,-0.459,0.005,0.529, 1.794,9.403,,0.988,4.004,0.5595,,0.0001,µs,-6.039886487351172,68.3393105739695
TDOP,0.64,0.69,0.76,1.14,9.66, 50.22,269.61,,8.9,49.53,12.2855,,3.3422, ,10.033030310608915,174.76621793183392
Temp ZONE0,47.95,49.05,50.15,52.9,56.75, 58.4,60.6,,6.6,9.35,2.0028,,53.1758,°C,16757.858914411667,430175.68005340564
nSats,8.0,10.0,11.0,14.0,16.0, 16.0,16.0,,5.0,6.0,1.333,,13.6203,nSat,810.3319364537443,7711.9393189109305
