Name,Min,1%,5%,50%,95%,99%,Max,,90% Range,98% Range,StdDev,,Mean,Units,Skewness,Kurtosis
Local Clock Frequency Offset,8.7759,9.0608,9.0962,9.1419,9.1765, 9.1896,9.2609,,0.0802,0.1287,0.0259,,9.1397,ppm,43428954.122960344,15265563219.154099
Local Clock Time Offset,-36.355,-2.094,-0.477,0.012,0.523, 1.725,16.386,,1.0,3.819,0.5817,,-0.0001,µs,-7.198502266443306,146.4005590039239
Local RMS Frequency Jitter,0.303,0.663,0.866,1.817,8.216, 18.21,101.975,,7.35,17.547,3.4031,,3.0167,ppb,4.281017226569533,43.86973681401743
Local RMS Time Jitter,0.049,0.105,0.139,0.283,1.088, 2.07,17.271,,0.949,1.965,0.4068,,0.4171,µs,5.621620746247209,83.60957729361922
Server Jitter SHM(0),0.1086,0.357,0.5435,1.416,3.4885, 5.3981,8.3525,,2.945,5.0411,0.9682,,1.6334,ms,4.295799794562678,16.751766658830707
Server Jitter SHM(1),0.011,0.052,0.082,0.232,1.601, 3.565,35.152,,1.519,3.513,0.7045,,0.4523,µs,5.058917061009008,77.3502254932623
Server Offset SHM(0),9.2672,12.2951,13.5808,18.6405,23.5713, 24.937,28.5299,,9.9905,12.6419,3.1963,,18.445,ms,122.91305000984633,657.0890588067908
Server Offset SHM(1),-36.356,-2.095,-0.478,0.013,0.524, 1.726,16.387,,1.002,3.821,0.5821,,0.0,µs,-7.192009634781198,146.05206518587295
TDOP,0.61,0.66,0.73,1.08,7.73, 35.86,237.99,,7.0,35.2,10.5753,,2.7786, ,12.771429306880318,248.59169803955348
Temp ZONE0,53.45,54.0,55.1,57.3,58.95, 60.05,63.35,,3.85,6.05,1.2617,,57.2101,°C,87338.22841662602,3878958.934512319
nSats,8.0,10.0,11.0,14.0,16.0, 16.0,17.0,,5.0,6.0,1.3657,,13.6185,nSat,748.4565425895979,6943.480564235884
