Name,Min,1%,5%,50%,95%,99%,Max,,90% Range,98% Range,StdDev,,Mean,Units,Skewness,Kurtosis
Local Clock Frequency Offset,8.8002,9.0586,9.1176,9.1952,9.2325, 9.252,9.3099,,0.1149,0.1934,0.0373,,9.1874,ppm,14739247.355548218,3613944008.8703556
Local Clock Time Offset,-36.546,-2.107,-0.556,0.015,0.55, 1.753,16.543,,1.106,3.86,0.6135,,-0.0001,µs,-8.06069755320524,192.95376787056964
Local RMS Frequency Jitter,0.346,0.755,0.981,2.07,8.358, 18.639,102.238,,7.377,17.884,3.5608,,3.2136,ppb,5.055932506236172,57.481915488258615
Local RMS Time Jitter,0.06,0.121,0.158,0.324,1.102, 2.152,17.495,,0.944,2.031,0.4346,,0.451,µs,6.960272094720402,112.50340124532931
Server Jitter SHM(0),0.1024,0.334,0.4946,1.2999,3.3306, 5.2516,10.6907,,2.8359,4.9176,0.9555,,1.5256,ms,4.102519576776903,17.05163701998936
Server Jitter SHM(1),0.017,0.062,0.098,0.276,1.624, 3.639,35.686,,1.526,3.577,0.734,,0.4925,µs,6.167658828611872,106.20957867163374
Server Offset SHM(0),4.097,12.6685,13.9383,18.8266,23.4477, 24.72,28.2867,,9.5093,12.0516,3.1359,,18.5358,ms,133.15959598308672,728.201237801547
Server Offset SHM(1),-36.547,-2.108,-0.557,0.016,0.551, 1.754,16.544,,1.108,3.862,0.6139,,-0.0,µs,-8.052531391411549,192.48899506836597
TDOP,0.63,0.67,0.73,1.12,5.99, 30.67,193.81,,5.26,30.0,9.7117,,2.6287, ,10.984300718425471,179.5619451112992
Temp ZONE0,50.7,52.9,54.0,56.75,58.95, 60.6,62.8,,4.95,7.7,1.4681,,56.5659,°C,52976.77448309157,1992503.6855327513
nSats,7.0,10.0,11.0,14.0,15.0, 16.0,16.0,,4.0,6.0,1.322,,13.5151,nSat,811.7871329663645,7732.433720416347
