Name,Min,1%,5%,50%,95%,99%,Max,,90% Range,98% Range,StdDev,,Mean,Units,Skewness,Kurtosis
Local Clock Frequency Offset,7.3623,7.5327,7.6025,7.8122,7.934, 7.9659,8.055,,0.3315,0.4332,0.0956,,7.7949,ppm,523080.1358655772,42158952.29747366
Local Clock Time Offset,-20.526,-2.252,-0.422,0.004,0.597, 1.762,8.04,,1.019,4.014,0.597,,0.0007,µs,-7.4963269356483915,101.38225725302924
Local RMS Frequency Jitter,0.0,0.601,0.786,1.761,9.256, 18.629,86.031,,8.47,18.028,3.6258,,3.0992,ppb,3.755116054036601,32.83006734048854
Local RMS Time Jitter,0.035,0.093,0.125,0.276,1.252, 2.194,9.368,,1.127,2.101,0.4434,,0.4361,µs,3.8504817423784137,30.645082896952616
Server Jitter SHM(0),0.0,0.4075,0.6341,1.5643,3.8299, 7.6616,22.1697,,3.1958,7.2542,1.2883,,1.8533,ms,5.013554731797756,32.26556948833428
Server Jitter SHM(1),0.0,0.048,0.075,0.215,1.709, 3.659,20.558,,1.634,3.611,0.7248,,0.4494,µs,4.019610994039729,41.01462461796059
Server Offset SHM(0),-0.094,-0.0881,-0.0768,-0.0071,0.2748, 0.5451,599.4211,,0.3516,0.6332,3.1011,,0.0676,s,187.47682520594392,36211.90687637712
Server Offset SHM(1),-0.0,-0.0,-0.0,0.0,0.0, 0.0,599.1241,,0.0,0.0,1.0987,,0.0022,s,537.0244303121204,292634.9456475768
TDOP,0.62,0.68,0.75,1.05,6.03, 12.67,135.09,,5.28,11.99,6.47,,2.1106, ,15.748182487969137,321.3883987503354
Temp ZONE0,48.5,49.6,50.15,53.45,57.3, 58.95,61.15,,7.15,9.35,2.0235,,53.4814,°C,16522.352183608513,422149.56163969246
nSats,8.0,11.0,11.0,14.0,16.0, 16.0,16.0,,5.0,5.0,1.4384,,13.885,nSat,673.3105352053564,6038.977493881099
