Name,Min,1%,5%,50%,95%,99%,Max,,90% Range,98% Range,StdDev,,Mean,Units,Skewness,Kurtosis
Local Clock Frequency Offset,7.1165,7.3678,7.5118,7.7168,7.8526, 7.8976,8.0079,,0.3408,0.5298,0.1123,,7.6976,ppm,308192.60945287056,20826533.611048367
Local Clock Time Offset,-21.359,-2.299,-0.415,0.002,0.621, 1.703,8.464,,1.036,4.002,0.5985,,0.0,µs,-7.409872080482759,98.84355985400316
Local RMS Frequency Jitter,0.222,0.568,0.772,1.772,9.053, 18.536,59.001,,8.281,17.968,3.5158,,3.088,ppb,3.2350864425280355,20.384100395189897
Local RMS Time Jitter,0.037,0.087,0.12,0.279,1.255, 2.179,9.331,,1.135,2.092,0.4403,,0.4377,µs,3.6542987250228,26.828452130308815
Server Jitter SHM(0),0.1002,0.419,0.6372,1.551,3.6143, 4.9764,9.238,,2.9771,4.5574,0.9491,,1.7623,ms,4.7223280541859065,16.801862919339015
Server Jitter SHM(1),0.01,0.048,0.075,0.215,1.696, 3.611,21.339,,1.621,3.563,0.7258,,0.448,µs,4.068661577768353,40.98793183734026
Server Offset SHM(0),-31.1292,-22.247,-18.9,-10.1459,-0.3215, 3.6987,10.0916,,18.5785,25.9457,5.6952,,-9.9902,ms,-28.997653916280644,104.1770970925985
Server Offset SHM(1),-21.36,-2.3,-0.416,0.003,0.622, 1.704,8.465,,1.038,4.004,0.599,,0.0,µs,-7.403739463312863,98.64758770206404
Temp ZONE0,46.3,48.5,49.6,52.35,56.2, 58.4,62.8,,6.6,9.9,2.0241,,52.5839,°C,15660.174097899444,393082.99198360444
