Name,Min,1%,5%,50%,95%,99%,Max,,90% Range,98% Range,StdDev,,Mean,Units,Skewness,Kurtosis
Local Clock Frequency Offset,8.3657,8.5652,8.6747,8.9158,9.0127, 9.0439,9.1134,,0.3379,0.4787,0.0967,,8.9024,ppm,756282.3760110956,68920345.99561575
Local Clock Time Offset,-14.767,-2.111,-0.439,0.006,0.513, 1.759,9.082,,0.952,3.87,0.559,,-0.0001,µs,-6.216244431605428,72.61650648089574
Local RMS Frequency Jitter,0.217,0.603,0.793,1.718,8.276, 17.889,43.123,,7.483,17.286,3.2514,,2.9199,ppb,3.2009909826248246,18.518257573258204
Local RMS Time Jitter,0.035,0.095,0.126,0.265,1.072, 1.981,5.754,,0.946,1.886,0.3744,,0.3968,µs,3.7499434703538355,24.42824994937342
Server Jitter SHM(0),0.0,0.3342,0.5242,1.3926,3.4145, 5.3182,9.2871,,2.8903,4.9841,0.9565,,1.6043,ms,4.268574976192443,16.98577056638412
Server Jitter SHM(1),0.0,0.045,0.072,0.21,1.581, 3.456,14.421,,1.509,3.411,0.6716,,0.4299,µs,3.7424442988343767,32.734014768228256
Server Offset SHM(0),9.011,12.7624,13.9292,18.8526,23.8287, 24.9858,27.8034,,9.8995,12.2234,3.2036,,18.7192,ms,128.16289078094275,693.5469774101806
Server Offset SHM(1),-14.768,-2.112,-0.44,0.007,0.514, 1.76,9.083,,0.954,3.872,0.5594,,-0.0,µs,-6.211817245981605,72.4697639959075
TDOP,0.6,0.69,0.74,1.13,7.34, 24.75,124.37,,6.6,24.06,6.1213,,2.4767, ,9.972341359722737,171.39591724688395
Temp ZONE0,47.95,49.05,50.7,54.55,58.95, 60.6,62.8,,8.25,11.55,2.4695,,54.8351,°C,9598.086008552664,204882.90696854854
nSats,5.0,11.0,12.0,14.0,16.0, 16.0,16.0,,4.0,5.0,1.1865,,13.7509,nSat,1218.7761139588213,13229.404374684604
