Name,Min,1%,5%,50%,95%,99%,Max,,90% Range,98% Range,StdDev,,Mean,Units,Skewness,Kurtosis
Local Clock Frequency Offset,8.8904,9.065,9.1234,9.2478,9.33, 9.3683,9.4474,,0.2067,0.3032,0.0623,,9.2401,ppm,3197570.851601985,471121959.87291944
Local Clock Time Offset,-27.854,-2.273,-0.606,0.014,0.623, 1.92,13.828,,1.229,4.193,0.636,,0.0,µs,-6.424245451512614,91.70224786179446
Local RMS Frequency Jitter,0.395,1.0,1.253,2.369,9.653, 18.272,82.744,,8.4,17.272,3.4748,,3.5569,ppb,4.257245438379218,33.300690173683336
Local RMS Time Jitter,0.068,0.154,0.192,0.35,1.226, 2.067,12.8,,1.034,1.913,0.4177,,0.4825,µs,5.671683588592381,63.08725988485124
Server Jitter SHM(0),0.1131,0.319,0.4878,1.3215,3.2, 5.108,9.0222,,2.7122,4.789,0.9102,,1.5161,ms,4.261949847476406,17.281037835031256
Server Jitter SHM(1),0.02,0.081,0.125,0.334,1.811, 3.657,26.41,,1.686,3.576,0.7292,,0.5543,µs,4.786465402525293,54.964182066401
Server Offset SHM(0),8.2278,12.2625,13.6001,18.7359,23.6455, 25.064,30.1372,,10.0454,12.8015,3.2626,,18.5301,ms,116.52389652566616,613.1807557057093
Server Offset SHM(1),-27.855,-2.274,-0.607,0.015,0.624, 1.921,13.829,,1.231,4.195,0.6365,,0.0001,µs,-6.419257149120758,91.49641389239486
TDOP,0.63,0.7,0.75,1.16,9.48, 38.33,193.94,,8.73,37.63,9.7324,,3.0455, ,9.36018087557952,147.8844937266966
Temp ZONE0,50.7,51.25,52.35,54.0,58.4, 58.95,60.05,,6.05,7.7,1.7867,,54.5794,°C,25887.824926756846,767632.14809389
nSats,9.0,10.0,11.0,14.0,16.0, 16.0,16.0,,5.0,6.0,1.3262,,13.546,nSat,809.480084309967,7705.133955363659
