Name,Min,1%,5%,50%,95%,99%,Max,,90% Range,98% Range,StdDev,,Mean,Units,Skewness,Kurtosis
Local Clock Frequency Offset,7.1165,7.3676,7.4944,7.7079,7.8456, 7.8933,8.0079,,0.3512,0.5257,0.1143,,7.6888,ppm,291283.4539068392,19317423.82693702
Local Clock Time Offset,-21.359,-2.308,-0.413,0.002,0.625, 1.709,8.464,,1.038,4.017,0.5994,,0.0001,µs,-7.391543095967639,98.46754077622788
Local RMS Frequency Jitter,0.222,0.568,0.77,1.771,9.067, 18.578,59.001,,8.297,18.01,3.5217,,3.0919,ppb,3.229198010034161,20.318101386303336
Local RMS Time Jitter,0.037,0.087,0.12,0.279,1.257, 2.179,9.331,,1.137,2.092,0.4411,,0.4379,µs,3.6429049554311144,26.697201018384845
Server Jitter SHM(0),0.1002,0.4201,0.6391,1.5635,3.6332, 4.9709,9.238,,2.994,4.5508,0.9515,,1.7742,ms,4.736572936879343,16.74102879477271
Server Jitter SHM(1),0.01,0.047,0.074,0.215,1.698, 3.611,21.339,,1.624,3.564,0.7268,,0.4479,µs,4.066498436710227,40.9443981643665
Server Offset SHM(0),-31.1292,-22.1615,-18.7384,-10.0701,-0.3215, 3.6987,10.0916,,18.4169,25.8602,5.6471,,-9.9245,ms,-29.083962064684837,104.60552629680724
Server Offset SHM(1),-21.36,-2.309,-0.414,0.003,0.625, 1.71,8.465,,1.039,4.019,0.5999,,0.0001,µs,-7.385463298017155,98.27297478491955
Temp ZONE0,46.3,48.5,49.6,52.35,55.65, 57.85,58.95,,6.05,9.35,1.9032,,52.4185,°C,18779.455656070233,500596.5549575965
