Name,Min,1%,5%,50%,95%,99%,Max,,90% Range,98% Range,StdDev,,Mean,Units,Skewness,Kurtosis
Local Clock Frequency Offset,0.1853,7.9106,7.9844,8.3672,8.4616, 8.4921,8.5724,,0.4772,0.5814,0.1638,,8.3019,ppm,122782.82543534941,6107093.9521752
Local Clock Time Offset,-100105.547,-2.206,-0.437,0.004,0.519, 1.704,68.67,,0.956,3.91,1029.3397,,-14.8131,µs,-81.50257302946424,6588.290423364992
Local RMS Frequency Jitter,0.0,0.578,0.744,1.711,8.318, 18.25,1577.603,,7.574,17.672,9.699,,3.023,ppb,100.29237754591958,13025.26182010118
Local RMS Time Jitter,0.041,0.09,0.117,0.258,1.083, 2.185,35392.656,,0.966,2.095,188.7118,,2.6779,µs,118.70025851792342,17079.68236966579
Server Jitter SHM(0),0.0,0.3668,0.5555,1.393,3.5297, 5.6105,28.113,,2.9743,5.2437,1.0259,,1.6326,ms,5.022381652502347,42.820805876027315
Server Jitter SHM(1),0.0,0.043,0.064,0.2,1.638, 3.594,4474.947,,1.574,3.551,65.6956,,1.5359,µs,60.32386070933286,3981.0955816189644
Server Offset SHM(0),-79.1723,11.3079,13.1279,18.0519,23.0144, 24.5223,27.0984,,9.8865,13.2144,3.4037,,17.917,ms,87.97971352517233,459.9346631028228
Server Offset SHM(1),-100105.547,-2.208,-0.438,0.005,0.52, 1.705,68.671,,0.958,3.913,1029.3401,,-14.8147,µs,-81.50249811502924,6588.2814827936045
TDOP,0.57,0.66,0.72,1.08,6.99, 35.6,152.27,,6.27,34.94,7.3495,,2.5321, ,9.59828407996914,155.10828286090424
Temp ZONE0,46.85,47.95,49.05,54.55,58.95, 60.05,65.55,,9.9,12.1,3.1122,,54.1958,°C,4471.026093342693,74185.3508401906
nSats,8.0,10.0,11.0,14.0,16.0, 16.0,16.0,,5.0,6.0,1.3556,,13.4973,nSat,744.8591254697806,6901.214793311358
