Name,Min,1%,5%,50%,95%,99%,Max,,90% Range,98% Range,StdDev,,Mean,Units,Skewness,Kurtosis
Local Clock Frequency Offset,8.415,8.5539,8.6115,8.7372,8.8043, 8.816,8.8733,,0.1927,0.2621,0.0592,,8.7292,ppm,3147998.9837468388,461409143.8630486
Local Clock Time Offset,-14.018,-1.974,-0.508,0.009,0.584, 1.715,8.376,,1.092,3.689,0.5638,,0.0,µs,-6.0122903491882145,65.8671752925833
Local RMS Frequency Jitter,0.305,0.669,0.865,1.809,8.115, 17.66,42.755,,7.25,16.991,3.2067,,3.0247,ppb,3.2763087548885514,18.80255159486295
Local RMS Time Jitter,0.045,0.108,0.139,0.276,0.999, 2.029,5.897,,0.86,1.921,0.3652,,0.4013,µs,4.0813576903089,26.972894328574668
Server Jitter SHM(0),0.1472,0.3534,0.559,1.4123,3.4853, 5.4816,9.4692,,2.9263,5.1282,0.9801,,1.6387,ms,4.32288574806414,17.321545468602608
Server Jitter SHM(1),0.011,0.057,0.086,0.238,1.643, 3.354,13.508,,1.557,3.297,0.6656,,0.4599,µs,3.784169846731911,32.46586936628278
Server Offset SHM(0),8.197,12.6709,14.0132,19.0844,24.0845, 25.3275,30.2035,,10.0714,12.6566,3.2457,,18.9704,ms,128.24233187669896,693.7323909631442
Server Offset SHM(1),-14.019,-1.975,-0.509,0.01,0.585, 1.716,8.377,,1.094,3.691,0.5642,,0.0001,µs,-6.007989294483728,65.72805333638527
TDOP,0.59,0.67,0.74,1.03,7.19, 28.43,213.68,,6.45,27.76,9.1852,,2.6667, ,11.83753625548368,222.66756247063276
Temp ZONE0,50.15,51.25,52.35,55.1,57.85, 58.95,60.05,,5.5,7.7,1.6946,,55.1304,°C,31450.506152222897,994741.1017242947
nSats,9.0,11.0,12.0,14.0,16.0, 16.0,16.0,,4.0,5.0,1.2581,,13.6324,nSat,980.6783348084552,9928.587400578663
