Name,Min,1%,5%,50%,95%,99%,Max,,90% Range,98% Range,StdDev,,Mean,Units,Skewness,Kurtosis
Local Clock Frequency Offset,8.3902,8.5387,8.5881,8.7288,8.8031, 8.8133,8.8733,,0.215,0.2746,0.0652,,8.7197,ppm,2343878.14172032,311383442.2682062
Local Clock Time Offset,-14.018,-1.981,-0.507,0.008,0.586, 1.718,8.376,,1.093,3.699,0.565,,0.0,µs,-5.972352118578146,65.65387092013098
Local RMS Frequency Jitter,0.305,0.667,0.863,1.806,8.123, 17.718,42.755,,7.26,17.051,3.2182,,3.026,ppb,3.281900756282095,18.907509372045514
Local RMS Time Jitter,0.045,0.107,0.139,0.276,1.001, 2.031,5.897,,0.862,1.924,0.3658,,0.4011,µs,4.076935338210585,26.979482874261357
Server Jitter SHM(0),0.1472,0.356,0.5642,1.4161,3.4886, 5.4816,9.4692,,2.9244,5.1257,0.979,,1.6429,ms,4.359372263277789,17.543766721092464
Server Jitter SHM(1),0.011,0.056,0.086,0.237,1.644, 3.365,13.508,,1.558,3.309,0.6676,,0.4598,µs,3.792372127925957,32.599284764774886
Server Offset SHM(0),8.197,12.6079,13.9138,19.0289,24.0434, 25.3146,30.2035,,10.1296,12.7067,3.249,,18.9059,ms,126.36548722450391,680.6818769347523
Server Offset SHM(1),-14.019,-1.982,-0.508,0.009,0.587, 1.719,8.377,,1.095,3.701,0.5654,,0.0001,µs,-5.968154914951538,65.51598319620935
TDOP,0.59,0.68,0.74,1.04,7.19, 28.43,213.68,,6.45,27.75,9.1812,,2.6794, ,11.850670758036722,222.94552428770277
Temp ZONE0,50.15,51.25,52.35,55.1,57.85, 58.95,60.05,,5.5,7.7,1.7341,,55.0142,°C,29098.225190585807,896901.0232227184
nSats,9.0,10.0,12.0,14.0,16.0, 16.0,16.0,,4.0,6.0,1.2582,,13.6184,nSat,977.0741074767905,9880.520852015625
