Name,Min,1%,5%,50%,95%,99%,Max,,90% Range,98% Range,StdDev,,Mean,Units,Skewness,Kurtosis
Local Clock Frequency Offset,8.6093,8.7832,8.819,8.92,9.033, 9.0694,9.1375,,0.214,0.2862,0.0665,,8.9239,ppm,2366379.7600543494,315375673.6852345
Local Clock Time Offset,-22.299,-2.082,-0.465,0.006,0.52, 1.799,11.114,,0.985,3.881,0.5767,,-0.0001,µs,-6.320575605188808,85.60677273270299
Local RMS Frequency Jitter,0.302,0.646,0.848,1.798,8.284, 18.539,64.999,,7.436,17.893,3.3721,,2.9932,ppb,3.5293431752586453,22.96537318105563
Local RMS Time Jitter,0.044,0.102,0.136,0.278,1.074, 2.068,10.269,,0.938,1.966,0.3902,,0.4087,µs,4.3321789812414915,35.48028431963461
Server Jitter SHM(0),0.1261,0.3374,0.5179,1.3952,3.2943, 5.2007,9.2871,,2.7764,4.8633,0.9291,,1.5903,ms,4.4491306322246285,18.193410148936916
Server Jitter SHM(1),0.012,0.05,0.08,0.229,1.582, 3.556,21.452,,1.502,3.506,0.691,,0.4468,µs,4.252221121166533,42.177989016427375
Server Offset SHM(0),9.7005,12.7697,13.823,18.7538,23.9159, 25.1947,29.0327,,10.0929,12.4251,3.2196,,18.7187,ms,126.06622524370084,679.312700477902
Server Offset SHM(1),-22.3,-2.083,-0.466,0.007,0.521, 1.8,11.115,,0.987,3.883,0.5771,,-0.0,µs,-6.315957149860891,85.42798431683126
TDOP,0.57,0.68,0.74,1.18,8.32, 25.82,161.01,,7.58,25.14,6.6192,,2.7039, ,10.598443499033076,207.92770168128078
Temp ZONE0,50.15,51.25,51.8,54.0,57.3, 58.95,61.7,,5.5,7.7,1.5713,,54.0979,°C,37458.81889201377,1255670.772473687
nSats,5.0,10.0,12.0,14.0,15.0, 16.0,16.0,,3.0,6.0,1.2582,,13.5706,nSat,965.9439815293247,9729.995806538098
