Name,Min,1%,5%,50%,95%,99%,Max,,90% Range,98% Range,StdDev,,Mean,Units,Skewness,Kurtosis
Local Clock Frequency Offset,8.0592,8.1827,8.2934,8.4724,8.5616, 8.5963,8.6729,,0.2682,0.4136,0.0771,,8.4617,ppm,1284347.9698465802,139631192.06767142
Local Clock Time Offset,-14.443,-2.176,-0.367,0.003,0.563, 1.651,7.802,,0.93,3.827,0.5788,,-0.0001,µs,-6.855548631708547,80.72597347025896
Local RMS Frequency Jitter,0.182,0.486,0.639,1.433,8.479, 19.019,39.907,,7.84,18.533,3.5134,,2.8514,ppb,2.821235815370091,16.000385075377597
Local RMS Time Jitter,0.028,0.077,0.105,0.231,1.167, 2.29,5.91,,1.062,2.213,0.4346,,0.3975,µs,3.211256304883578,19.638126311071044
Server Jitter SHM(0),0.1416,0.3772,0.5785,1.4517,3.5578, 5.4797,10.0437,,2.9793,5.1025,0.9865,,1.6854,ms,4.384039737895528,17.1334678808708
Server Jitter SHM(1),0.01,0.04,0.061,0.171,1.708, 3.78,14.397,,1.647,3.74,0.7183,,0.4094,µs,3.4410249350363205,29.804664441268937
Server Offset SHM(0),8.7484,12.3686,13.7559,18.8523,23.9701, 25.2228,27.6992,,10.2142,12.8543,3.2587,,18.7249,ms,121.15696649186332,644.8617814578575
Server Offset SHM(1),-14.444,-2.177,-0.368,0.004,0.564, 1.652,7.803,,0.932,3.829,0.5792,,-0.0,µs,-6.850738372948413,80.58495097659231
TDOP,0.59,0.67,0.73,1.13,7.33, 32.39,157.92,,6.6,31.72,7.1499,,2.6634, ,9.286135028646626,160.048622055354
Temp ZONE0,48.5,49.6,51.25,54.55,58.4, 59.5,60.05,,7.15,9.9,2.087,,54.6275,°C,16030.368396512366,405467.69828253775
nSats,5.0,5.0,5.0,13.0,15.0, 16.0,16.0,,10.0,11.0,3.0218,,12.4795,nSat,38.5550842626547,140.19671694286993
