Name,Min,1%,5%,50%,95%,99%,Max,,90% Range,98% Range,StdDev,,Mean,Units,Skewness,Kurtosis
Local Clock Frequency Offset,8.8002,9.0586,9.1176,9.1951,9.2328, 9.2521,9.3099,,0.1152,0.1935,0.0374,,9.1873,ppm,14641931.460230997,3582164845.051074
Local Clock Time Offset,-36.546,-2.108,-0.557,0.015,0.552, 1.75,16.543,,1.109,3.858,0.6157,,-0.0001,µs,-8.109424426786644,193.1712050805513
Local RMS Frequency Jitter,0.346,0.758,0.986,2.074,8.361, 18.712,102.238,,7.375,17.954,3.5763,,3.2214,ppb,5.063592583178938,57.21797598826193
Local RMS Time Jitter,0.06,0.121,0.159,0.325,1.105, 2.172,17.495,,0.946,2.051,0.437,,0.4523,µs,6.932761885041996,110.83946454699179
Server Jitter SHM(0),0.1024,0.3344,0.4954,1.3065,3.3284, 5.2558,10.6907,,2.833,4.9214,0.9544,,1.53,ms,4.118071217112015,17.084540394161753
Server Jitter SHM(1),0.017,0.063,0.099,0.278,1.625, 3.648,35.686,,1.526,3.585,0.7369,,0.494,µs,6.188555055971481,105.87499120890911
Server Offset SHM(0),4.097,12.7959,13.971,18.8403,23.4441, 24.7255,28.2867,,9.4731,11.9297,3.1241,,18.5384,ms,134.92715201380284,740.8206054031112
Server Offset SHM(1),-36.547,-2.109,-0.558,0.016,0.553, 1.75,16.544,,1.111,3.859,0.6161,,0.0,µs,-8.101195011122812,192.70795469413542
TDOP,0.64,0.68,0.74,1.12,5.99, 32.53,193.81,,5.25,31.85,9.8309,,2.6643, ,10.618579805208856,170.9043543172333
Temp ZONE0,50.7,52.9,54.0,56.75,58.95, 60.6,62.8,,4.95,7.7,1.4623,,56.5607,°C,53611.756312038655,2024386.1328993922
nSats,7.0,10.0,11.0,14.0,15.0, 16.0,16.0,,4.0,6.0,1.3122,,13.5323,nSat,835.0673668733284,8026.893314251116
