Name,Min,1%,5%,50%,95%,99%,Max,,90% Range,98% Range,StdDev,,Mean,Units,Skewness,Kurtosis
Local Clock Frequency Offset,7.9992,8.178,8.351,8.5547,8.6476, 8.7063,8.7765,,0.2966,0.5283,0.0864,,8.5369,ppm,937481.3730066976,91770921.9553715
Local Clock Time Offset,-18.542,-2.121,-0.42,0.007,0.565, 1.637,9.965,,0.985,3.758,0.5786,,-0.0,µs,-6.974974289130542,87.73466061492373
Local RMS Frequency Jitter,0.0,0.57,0.748,1.581,8.397, 18.787,51.26,,7.649,18.217,3.4477,,2.928,ppb,3.1381057026948556,19.053038373674756
Local RMS Time Jitter,0.039,0.089,0.12,0.25,1.13, 2.254,8.291,,1.01,2.165,0.4234,,0.4043,µs,3.6840994539149907,25.570193862803357
Server Jitter SHM(0),0.0,0.3925,0.6036,1.5155,3.6811, 5.6002,11.1708,,3.0775,5.2076,1.0094,,1.7473,ms,4.431489151497155,17.03152812474589
Server Jitter SHM(1),0.0,0.047,0.072,0.198,1.671, 3.621,18.441,,1.599,3.574,0.7086,,0.4304,µs,3.827525921572347,35.72511322026554
Server Offset SHM(0),8.1517,12.3042,13.6001,18.676,23.8694, 25.1105,27.8104,,10.2693,12.8063,3.2363,,18.6594,ms,122.54034342474107,654.4057037786449
Server Offset SHM(1),-178180.801,-2.122,-0.421,0.008,0.566, 1.638,9.966,,0.987,3.76,324.0229,,-0.5892,µs,-553.9073675791643,304598.68303361547
TDOP,0.59,0.67,0.74,1.15,8.63, 31.65,121.27,,7.89,30.98,7.3102,,2.8279, ,7.092176785244924,91.14624184524565
Temp ZONE0,48.5,49.05,50.15,56.75,59.5, 60.05,67.2,,9.35,11.0,3.0529,,55.7477,°C,5193.467047748698,90513.31900209664
nSats,5.0,5.0,5.0,13.0,15.0, 16.0,16.0,,10.0,11.0,2.6571,,12.7071,nSat,63.68736079469326,269.39587292793044
