Name,Min,1%,5%,50%,95%,99%,Max,,90% Range,98% Range,StdDev,,Mean,Units,Skewness,Kurtosis
Local Clock Frequency Offset,8.699,8.9241,8.9641,9.06,9.1302, 9.1527,9.225,,0.1661,0.2286,0.0471,,9.0573,ppm,6984012.848754712,1335048535.4771543
Local Clock Time Offset,-27.051,-2.109,-0.509,0.011,0.556, 1.775,14.331,,1.065,3.884,0.5988,,-0.0001,µs,-6.768522231685069,112.22225889104253
Local RMS Frequency Jitter,0.307,0.716,0.927,1.915,8.484, 18.63,77.814,,7.557,17.914,3.4769,,3.1351,ppb,4.024247012059658,33.439355463397966
Local RMS Time Jitter,0.053,0.115,0.15,0.298,1.1, 2.117,12.565,,0.95,2.002,0.4117,,0.4317,µs,5.216887455708547,57.16941952678637
Server Jitter SHM(0),0.1208,0.3381,0.5217,1.4276,3.2935, 5.0564,9.5447,,2.7719,4.7183,0.9134,,1.6102,ms,4.546379056694786,18.023767743235467
Server Jitter SHM(1),0.016,0.061,0.093,0.253,1.643, 3.644,25.653,,1.55,3.583,0.7174,,0.4771,µs,4.802645806140777,58.477734645567594
Server Offset SHM(0),10.0258,12.7899,13.84,18.7513,23.5626, 24.8335,27.7696,,9.7226,12.0435,3.1322,,18.5365,ms,133.75039533446008,732.9323967474005
Server Offset SHM(1),-27.052,-2.11,-0.51,0.012,0.557, 1.776,14.332,,1.067,3.886,0.5992,,-0.0,µs,-6.762952835485965,111.97173118490177
TDOP,0.59,0.67,0.74,1.16,10.67, 36.76,231.4,,9.93,36.09,9.6962,,3.2007, ,10.898985014488996,211.22461791235764
Temp ZONE0,51.25,52.9,53.45,55.65,57.85, 58.95,61.15,,4.4,6.05,1.3579,,55.7199,°C,64284.0452707817,2578394.1814669846
nSats,8.0,10.0,11.0,14.0,15.0, 16.0,16.0,,4.0,6.0,1.3307,,13.47,nSat,786.0743178676674,7411.090943238713
