Name,Min,1%,5%,50%,95%,99%,Max,,90% Range,98% Range,StdDev,,Mean,Units,Skewness,Kurtosis
Local Clock Frequency Offset,6.9574,7.1379,7.2139,7.4817,7.6604, 7.7037,7.8251,,0.4465,0.5657,0.138,,7.4642,ppm,149944.32722179528,7971571.380379985
Local Clock Time Offset,-17.483,-2.187,-0.399,0.001,0.575, 1.728,7.864,,0.974,3.915,0.5847,,0.0001,µs,-7.088130041564572,93.76596788600646
Local RMS Frequency Jitter,0.221,0.565,0.758,1.709,8.991, 18.483,61.84,,8.233,17.918,3.4716,,2.9996,ppb,3.2268938901379967,20.312095023977236
Local RMS Time Jitter,0.031,0.088,0.12,0.27,1.235, 2.171,9.152,,1.115,2.083,0.4326,,0.4266,µs,3.6356858535318906,26.950932035276868
Server Jitter SHM(0),0.2612,0.7031,1.0328,2.9187,9.4861, 14.4977,70.6249,,8.4532,13.7946,3.0823,,3.8465,ms,4.000970394405024,33.66316407599353
Server Jitter SHM(1),0.0,0.048,0.074,0.208,1.652, 3.546,17.42,,1.578,3.498,0.7085,,0.4343,µs,4.007329786765133,39.027110038441215
Server Offset SHM(0),-74.9031,-54.6823,-44.6997,-4.0783,27.168, 102.7794,113.6238,,71.8677,157.4617,29.2856,,-3.3141,ms,-3.1668418976926547,9.399306392170871
Server Offset SHM(1),-17.484,-2.188,-0.4,0.002,0.576, 1.729,7.865,,0.976,3.917,0.5851,,0.0001,µs,-7.08251320410571,93.58106767574368
Temp ZONE0,46.3,47.95,48.5,51.8,55.65, 57.85,60.6,,7.15,9.9,2.1824,,51.9351,°C,11917.235646548608,273281.9980465063
