Name,Min,1%,5%,50%,95%,99%,Max,,90% Range,98% Range,StdDev,,Mean,Units,Skewness,Kurtosis
Local Clock Frequency Offset,8.7569,9.0415,9.0972,9.2569,9.3493, 9.3841,9.4727,,0.2522,0.3426,0.076,,9.2441,ppm,1754321.8689716288,211610932.19589978
Local Clock Time Offset,-18.902,-2.323,-0.511,0.007,0.57, 1.955,9.168,,1.081,4.278,0.6196,,-0.0001,µs,-6.374902053728883,78.29528721504285
Local RMS Frequency Jitter,0.432,0.796,0.993,2.016,9.748, 18.567,56.696,,8.755,17.771,3.5332,,3.3136,ppb,3.4704684938850403,22.246579031616736
Local RMS Time Jitter,0.066,0.127,0.163,0.314,1.248, 2.053,8.215,,1.085,1.926,0.4083,,0.454,µs,4.165681949021181,30.425676243364833
Server Jitter SHM(0),0.0922,0.3237,0.4895,1.3314,3.4342, 5.5244,29.4295,,2.9447,5.2007,1.0475,,1.5674,ms,4.8000402345663735,38.041182904604824
Server Jitter SHM(1),0.013,0.062,0.095,0.256,1.825, 3.724,18.263,,1.73,3.662,0.7387,,0.4959,µs,3.9592483449898452,37.31912340895588
Server Offset SHM(0),-8.5941,11.6044,13.328,18.4739,23.3107, 24.7462,27.8174,,9.9827,13.1418,3.2329,,18.2374,ms,113.81906788826386,594.1873785940654
Server Offset SHM(1),-18.903,-2.324,-0.512,0.008,0.571, 1.956,9.169,,1.083,4.28,0.62,,-0.0001,µs,-6.370517571222935,78.14432123352252
TDOP,0.61,0.65,0.73,1.12,9.03, 32.54,140.25,,8.3,31.89,7.5561,,2.7394, ,8.035284600591538,112.34498985438779
Temp ZONE0,48.5,50.7,51.25,54.0,57.85, 59.5,61.15,,6.6,8.8,1.728,,54.1941,°C,28083.32107403842,855510.9984710928
nSats,4.0,10.0,11.0,14.0,15.0, 16.0,17.0,,4.0,6.0,1.3877,,13.5484,nSat,698.2906517221176,6329.892113401651
