Name,Min,1%,5%,50%,95%,99%,Max,,90% Range,98% Range,StdDev,,Mean,Units,Skewness,Kurtosis
Local Clock Frequency Offset,8.3454,8.5071,8.614,8.7867,8.8534, 8.8838,8.9775,,0.2394,0.3767,0.074,,8.7678,ppm,1619161.0124598623,190158289.32463613
Local Clock Time Offset,-16.091,-1.929,-0.532,0.009,0.592, 1.735,11.777,,1.124,3.664,0.574,,-0.0,µs,-6.099056405223602,77.1443509564663
Local RMS Frequency Jitter,0.319,0.733,0.94,1.901,8.161, 17.871,63.65,,7.221,17.138,3.2502,,3.0945,ppb,3.62055089158927,23.858170547554636
Local RMS Time Jitter,0.044,0.114,0.147,0.289,0.999, 2.051,7.933,,0.852,1.937,0.3698,,0.4101,µs,4.495755357668298,34.086769627188936
Server Jitter SHM(0),0.1235,0.3671,0.56,1.4221,3.4483, 5.5013,10.5389,,2.8883,5.1341,0.9687,,1.6429,ms,4.45496771753211,18.170753217510555
Server Jitter SHM(1),0.013,0.061,0.093,0.253,1.628, 3.384,17.277,,1.535,3.323,0.672,,0.4715,µs,4.229424188307039,41.73403957802815
Server Offset SHM(0),9.6704,12.459,13.7001,18.7585,23.9092, 25.175,29.367,,10.2091,12.7161,3.245,,18.6878,ms,122.09006026081157,651.5276742534787
Server Offset SHM(1),-16.092,-1.93,-0.533,0.01,0.593, 1.736,11.778,,1.126,3.666,0.5744,,0.0,µs,-6.094481201683667,76.97056007949277
TDOP,0.6,0.66,0.73,1.08,8.59, 25.64,137.81,,7.86,24.98,7.6256,,2.7112, ,8.79821309378281,131.77729682870591
Temp ZONE0,48.5,50.15,51.25,54.0,57.85, 58.95,61.15,,6.6,8.8,1.9549,,54.2131,°C,19184.10062365196,515016.4985536103
nSats,6.0,10.0,11.0,14.0,15.0, 16.0,16.0,,4.0,6.0,1.2895,,13.5444,nSat,886.280628011284,8679.707193876196
