Name,Min,1%,5%,50%,95%,99%,Max,,90% Range,98% Range,StdDev,,Mean,Units,Skewness,Kurtosis
Local Clock Frequency Offset,6.9737,7.2074,7.2901,7.5247,7.667, 7.7104,7.8251,,0.377,0.5029,0.1139,,7.5065,ppm,273413.7292241606,17754044.133406304
Local Clock Time Offset,-18.0,-2.224,-0.402,0.002,0.579, 1.714,8.033,,0.981,3.938,0.5985,,0.0001,µs,-7.549677185187203,106.23665599126487
Local RMS Frequency Jitter,0.243,0.572,0.763,1.723,8.949, 19.077,61.84,,8.186,18.505,3.5795,,3.038,ppb,3.3273749086465787,21.545363486205893
Local RMS Time Jitter,0.034,0.09,0.122,0.274,1.244, 2.248,9.338,,1.122,2.158,0.4489,,0.4338,µs,3.878300829324082,31.066048501232807
Server Jitter SHM(0),0.1946,0.6725,0.9907,2.589,9.199, 13.7435,70.6249,,8.2083,13.071,2.9766,,3.5779,ms,4.0594478164385395,36.776288126447575
Server Jitter SHM(1),0.0,0.049,0.075,0.209,1.659, 3.678,18.0,,1.584,3.629,0.7318,,0.4402,µs,4.221717694590817,43.03415777112453
Server Offset SHM(0),-74.9031,-54.6823,-44.7299,-13.0199,13.944, 20.2873,61.2309,,58.6738,74.9696,18.3249,,-13.2916,ms,-10.447882043561487,30.300274070913918
Server Offset SHM(1),-18.0,-2.225,-0.403,0.003,0.58, 1.715,8.034,,0.983,3.94,0.5989,,0.0001,µs,-7.543417166283261,106.0292602998578
Temp ZONE0,47.4,47.95,49.05,52.35,55.65, 57.85,60.6,,6.6,9.9,1.9948,,52.2334,°C,16049.793410444323,406148.04071462917
