Name,Min,1%,5%,50%,95%,99%,Max,,90% Range,98% Range,StdDev,,Mean,Units,Skewness,Kurtosis
Local Clock Frequency Offset,7.3188,7.5086,7.5628,7.7756,7.8903, 7.9361,8.055,,0.3275,0.4275,0.0978,,7.7589,ppm,480200.5922873444,37615783.703911915
Local Clock Time Offset,-19.316,-2.23,-0.408,0.004,0.587, 1.702,8.04,,0.995,3.932,0.5947,,0.0,µs,-7.600857685339212,104.48611884083533
Local RMS Frequency Jitter,0.23,0.584,0.779,1.741,8.993, 18.608,53.364,,8.214,18.024,3.5126,,3.0463,ppb,3.2833143524843447,20.801584128935954
Local RMS Time Jitter,0.037,0.089,0.122,0.276,1.249, 2.217,9.368,,1.127,2.128,0.4463,,0.4351,µs,3.8394687531381644,29.719797413354296
Server Jitter SHM(0),0.1461,0.4361,0.6628,1.5712,3.5385, 4.8601,10.0984,,2.8757,4.424,0.9155,,1.7659,ms,5.074307925539231,18.081408532411395
Server Jitter SHM(1),0.009,0.049,0.076,0.215,1.679, 3.634,19.308,,1.603,3.585,0.724,,0.444,µs,4.176612951139118,42.584096922235275
Server Offset SHM(0),-29.3297,-21.4946,-17.8823,-9.2965,0.5908, 5.2905,11.151,,18.4731,26.7852,5.6635,,-9.0864,ms,-25.27469757082171,87.62583268756619
Server Offset SHM(1),-19.317,-2.231,-0.409,0.005,0.588, 1.703,8.041,,0.997,3.934,0.5951,,0.0,µs,-7.594353492967309,104.2774082751071
Temp ZONE0,47.95,49.05,50.15,53.45,57.85, 58.95,62.8,,7.7,9.9,2.2389,,53.4043,°C,12003.826663886704,275927.6147995122
