Name,Min,1%,5%,50%,95%,99%,Max,,90% Range,98% Range,StdDev,,Mean,Units,Skewness,Kurtosis
Local Clock Frequency Offset,8.4175,8.6882,8.7381,8.8353,8.9141, 8.9471,9.0234,,0.176,0.259,0.0562,,8.8335,ppm,3812590.6927854614,595656142.7924899
Local Clock Time Offset,-24.998,-1.91,-0.533,0.007,0.594, 1.753,17.088,,1.127,3.663,0.5877,,0.0,µs,-6.856929485935426,131.98625622470942
Local RMS Frequency Jitter,0.324,0.729,0.936,1.89,8.21, 17.967,87.565,,7.274,17.238,3.3887,,3.1034,ppb,4.394695317255717,42.73303360585312
Local RMS Time Jitter,0.057,0.115,0.149,0.289,1.002, 2.05,11.273,,0.853,1.935,0.3908,,0.4125,µs,5.942912826984404,75.09664486577111
Server Jitter SHM(0),0.1172,0.3346,0.5257,1.39,3.3494, 5.2098,9.1346,,2.8237,4.8752,0.9351,,1.5999,ms,4.3670652675570665,17.030687642588425
Server Jitter SHM(1),0.015,0.062,0.094,0.255,1.629, 3.39,24.439,,1.535,3.328,0.6942,,0.4741,µs,5.366632246185794,78.47908380993053
Server Offset SHM(0),10.7039,13.0995,14.0545,19.1048,23.6787, 24.9419,27.8091,,9.6242,11.8423,3.1368,,18.7842,ms,139.09941212468564,770.5362370904394
Server Offset SHM(1),-24.999,-1.911,-0.534,0.008,0.595, 1.754,17.089,,1.129,3.665,0.5882,,0.0,µs,-6.8508517004257605,131.66443382786989
TDOP,0.62,0.67,0.74,1.13,9.4, 33.34,129.03,,8.66,32.67,7.4899,,2.8173, ,7.7374769711146625,104.93612639316947
Temp ZONE0,47.95,50.7,51.8,53.45,55.1, 55.65,58.4,,3.3,4.95,1.0482,,53.5038,°C,125494.13876805494,6287956.591515948
nSats,8.0,10.0,12.0,14.0,16.0, 16.0,16.0,,4.0,6.0,1.2986,,13.6266,nSat,883.7751125399,8653.90936321222
