Name,Min,1%,5%,50%,95%,99%,Max,,90% Range,98% Range,StdDev,,Mean,Units,Skewness,Kurtosis
Local Clock Frequency Offset,8.2998,8.4535,8.5764,8.9305,9.021, 9.0492,9.1134,,0.4446,0.5957,0.1361,,8.8885,ppm,265938.08046794205,17109765.33461075
Local Clock Time Offset,-17.831,-2.092,-0.44,0.006,0.511, 1.746,9.082,,0.951,3.838,0.5561,,-0.0001,µs,-6.191824899654754,73.71616346927597
Local RMS Frequency Jitter,0.217,0.609,0.797,1.721,8.244, 17.759,50.067,,7.447,17.15,3.2298,,2.9102,ppb,3.241381310610511,19.17544964763615
Local RMS Time Jitter,0.035,0.095,0.126,0.265,1.061, 1.944,7.588,,0.935,1.849,0.3688,,0.3943,µs,3.802579687001957,25.809795106173176
Server Jitter SHM(0),0.0,0.3468,0.536,1.3854,3.4052, 5.3246,9.0856,,2.8692,4.9778,0.951,,1.6003,ms,4.301003267587887,16.97010157795437
Server Jitter SHM(1),0.0,0.046,0.073,0.211,1.569, 3.433,17.371,,1.496,3.387,0.6663,,0.4288,µs,3.8064750641955873,34.19868989994915
Server Offset SHM(0),9.011,12.8023,14.0168,18.9095,23.7817, 24.9675,27.9278,,9.7649,12.1652,3.1823,,18.7574,ms,131.9400182116611,719.7829470681129
Server Offset SHM(1),-17.832,-2.093,-0.441,0.007,0.512, 1.747,9.083,,0.953,3.84,0.5565,,-0.0001,µs,-6.18739431028611,73.56403378738234
TDOP,0.61,0.68,0.73,1.09,6.36, 24.75,124.37,,5.63,24.07,6.3891,,2.3089, ,10.111316641633891,163.6952827705244
Temp ZONE0,47.4,48.5,49.6,55.1,58.95, 60.6,62.8,,9.35,12.1,2.8529,,54.6358,°C,6034.51608214788,110514.01960419715
nSats,9.0,11.0,12.0,14.0,16.0, 16.0,16.0,,4.0,5.0,1.1905,,13.726,nSat,1198.8356339599386,12949.601195596424
