Name,Min,1%,5%,50%,95%,99%,Max,,90% Range,98% Range,StdDev,,Mean,Units,Skewness,Kurtosis
Local Clock Frequency Offset,8.7838,9.0339,9.063,9.1249,9.1636, 9.1777,9.2302,,0.1006,0.1438,0.0317,,9.12,ppm,23466650.73449036,6718598788.085923
Local Clock Time Offset,-28.581,-2.109,-0.526,0.014,0.553, 1.75,16.5,,1.079,3.859,0.6041,,-0.0001,µs,-6.93198934186601,116.68325824029108
Local RMS Frequency Jitter,0.352,0.759,0.974,1.957,8.429, 18.655,89.884,,7.455,17.896,3.504,,3.1667,ppb,4.239329329528017,36.37206123645742
Local RMS Time Jitter,0.059,0.122,0.157,0.306,1.101, 2.169,12.854,,0.944,2.047,0.4231,,0.4398,µs,5.405132618624203,57.39076269905635
Server Jitter SHM(0),0.1301,0.3522,0.5273,1.4107,3.4421, 5.3781,9.0566,,2.9148,5.0258,0.9609,,1.6192,ms,4.327015559114346,17.263542965146982
Server Jitter SHM(1),0.012,0.063,0.097,0.263,1.637, 3.659,26.943,,1.54,3.596,0.7233,,0.484,µs,5.054305888085673,63.31126472099833
Server Offset SHM(0),9.1296,12.5751,13.7033,18.6895,23.5797, 24.8788,27.5713,,9.8764,12.3037,3.1948,,18.5346,ms,125.11271176069447,672.0522504360276
Server Offset SHM(1),-28.582,-2.11,-0.527,0.015,0.554, 1.751,16.501,,1.081,3.861,0.6045,,-0.0,µs,-6.9261047815915955,116.42199657150712
TDOP,0.6,0.66,0.72,1.09,9.88, 43.07,232.46,,9.16,42.41,10.4859,,3.1419, ,9.33138733029457,161.43755823098417
Temp ZONE0,53.45,54.0,54.55,56.75,58.4, 59.5,60.6,,3.85,5.5,1.2091,,56.5512,°C,96038.88329873966,4402284.661395321
nSats,8.0,10.0,11.0,14.0,16.0, 16.0,16.0,,5.0,6.0,1.3244,,13.5707,nSat,817.9719597040215,7810.585296359418
