Name,Min,1%,5%,50%,95%,99%,Max,,90% Range,98% Range,StdDev,,Mean,Units,Skewness,Kurtosis
Local Clock Frequency Offset,7.1764,7.4085,7.528,7.7478,7.8772, 7.9286,8.0088,,0.3492,0.5201,0.11,,7.7292,ppm,332919.24375946674,23083201.850739833
Local Clock Time Offset,-21.359,-2.236,-0.411,0.003,0.602, 1.714,8.04,,1.013,3.95,0.5986,,0.0,µs,-7.650474451433111,107.35102467850598
Local RMS Frequency Jitter,0.222,0.581,0.779,1.749,9.034, 18.695,59.001,,8.255,18.114,3.5381,,3.0629,ppb,3.313927844773861,21.430407413489615
Local RMS Time Jitter,0.037,0.088,0.121,0.277,1.249, 2.222,9.368,,1.128,2.134,0.4486,,0.4355,µs,3.894138342888629,30.976879230756605
Server Jitter SHM(0),0.1398,0.4373,0.6635,1.5684,3.5714, 4.8751,10.0984,,2.908,4.4378,0.9236,,1.7677,ms,5.0061602981704025,17.871090128659063
Server Jitter SHM(1),0.009,0.048,0.076,0.215,1.68, 3.642,21.339,,1.604,3.594,0.7284,,0.4453,µs,4.225586591584288,44.10875107496412
Server Offset SHM(0),-31.1292,-22.1405,-18.5302,-9.3409,0.5499, 5.1883,11.151,,19.08,27.3288,5.783,,-9.2258,ms,-25.138780324510197,87.45381607640935
Server Offset SHM(1),-21.36,-2.237,-0.412,0.004,0.603, 1.715,8.041,,1.015,3.952,0.599,,0.0,µs,-7.643912014744859,107.13591069298495
Temp ZONE0,47.95,48.5,49.6,52.9,57.85, 58.95,62.8,,8.25,10.45,2.3987,,53.0972,°C,9505.979507391301,202296.56823198183
