Name,Min,1%,5%,50%,95%,99%,Max,,90% Range,98% Range,StdDev,,Mean,Units,Skewness,Kurtosis
Local Clock Frequency Offset,0.1853,7.8671,7.9512,8.2898,8.4175, 8.4483,8.5724,,0.4663,0.5811,0.1454,,8.2592,ppm,173963.9110546634,9716895.579879886
Local Clock Time Offset,-100105.547,-2.223,-0.485,0.007,0.542, 1.796,68.67,,1.027,4.019,1029.3398,,-14.8132,µs,-81.5025717989368,6588.290280954552
Local RMS Frequency Jitter,0.0,0.628,0.834,1.854,8.764, 17.196,1577.603,,7.93,16.568,9.6958,,3.1523,ppb,100.43356983770109,13042.74500895851
Local RMS Time Jitter,0.041,0.098,0.13,0.277,1.064, 2.01,35392.656,,0.934,1.912,188.7117,,2.6857,µs,118.70061249578771,17079.725706019555
Server Jitter SHM(0),0.0,0.3455,0.534,1.3677,3.4803, 5.4746,28.113,,2.9463,5.129,1.006,,1.6006,ms,5.054829207076926,44.91092764359543
Server Jitter SHM(1),0.0,0.046,0.073,0.231,1.692, 3.406,4474.947,,1.619,3.36,65.6951,,1.5611,µs,60.32621988914142,3981.1997687992507
Server Offset SHM(0),-79.1723,11.6424,13.094,18.0865,22.8966, 24.4175,28.0758,,9.8026,12.775,3.368,,17.8965,ms,90.80102902096702,478.83556430967576
Server Offset SHM(1),-100105.547,-2.224,-0.486,0.008,0.543, 1.797,68.671,,1.029,4.021,1029.3401,,-14.8147,µs,-81.5024968125678,6588.2813359550855
TDOP,0.57,0.65,0.73,1.07,8.48, 35.8,122.04,,7.75,35.15,7.0102,,2.7454, ,7.034305298443436,88.62596590497382
Temp ZONE0,46.85,48.5,49.6,53.45,56.2, 57.85,65.55,,6.6,9.35,2.1567,,53.1631,°C,13299.872374015848,316232.2393470328
nSats,8.0,10.0,11.0,14.0,16.0, 16.0,16.0,,5.0,6.0,1.4105,,13.5947,nSat,669.8671779428861,5996.884635784412
