Name,Min,1%,5%,50%,95%,99%,Max,,90% Range,98% Range,StdDev,,Mean,Units,Skewness,Kurtosis
Local Clock Frequency Offset,-0.5797,9.1075,9.1554,9.237,9.2961, 9.3344,9.4295,,0.1407,0.2269,0.0778,,9.2335,ppm,1629497.7058243214,191765728.0791735
Local Clock Time Offset,-116939.999,-2.218,-0.698,0.019,0.641, 1.853,81.939,,1.339,4.071,1356.4704,,-23.5764,µs,-69.56964777972476,4848.938952076716
Local RMS Frequency Jitter,0.0,0.805,1.077,2.562,9.144, 19.062,1882.182,,8.067,18.257,11.3993,,3.6876,ppb,105.00292565542091,13835.680276730716
Local RMS Time Jitter,0.059,0.133,0.176,0.388,1.175, 2.254,41344.533,,0.999,2.121,213.489,,2.8408,µs,128.57558792318486,19340.59417769357
Server Jitter SHM(0),0.0,0.32,0.4924,1.3598,3.5869, 5.6418,37.9073,,3.0945,5.3219,1.2175,,1.617,ms,8.927079959514044,183.45608367554527
Server Jitter SHM(1),0.0,0.07,0.11,0.343,1.737, 3.802,4474.453,,1.627,3.732,84.6962,,2.2882,µs,47.394477683050205,2468.7555499380705
Server Offset SHM(0),-102.4156,12.5086,13.7793,18.7244,23.4573, 24.7355,27.3598,,9.678,12.227,3.4655,,18.4793,ms,89.18407665604072,526.4494698881448
Server Offset SHM(1),-116939.999,-2.22,-0.699,0.02,0.642, 1.854,81.94,,1.341,4.074,1356.4708,,-23.5782,µs,-69.5695979392819,4848.933684785292
TDOP,0.66,0.69,0.75,1.15,9.69, 31.57,176.17,,8.94,30.88,9.1823,,2.9389, ,9.243303013877336,138.32868958502823
Temp ZONE0,50.7,52.35,53.45,55.65,58.95, 61.15,62.8,,5.5,8.8,1.8618,,56.0713,°C,24774.166376337682,723941.2444709281
nSats,5.0,10.0,11.0,14.0,15.0, 16.0,16.0,,4.0,6.0,1.4148,,13.4644,nSat,642.4557537674146,5672.508655235763
