Name,Min,1%,5%,50%,95%,99%,Max,,90% Range,98% Range,StdDev,,Mean,Units,Skewness,Kurtosis
Local Clock Frequency Offset,7.3188,7.5086,7.5628,7.7657,7.8863, 7.933,8.055,,0.3235,0.4243,0.0952,,7.7533,ppm,520204.2950284416,41850240.559814945
Local Clock Time Offset,-21.359,-2.227,-0.408,0.003,0.588, 1.704,8.04,,0.996,3.931,0.5954,,0.0,µs,-7.623844741289273,106.9677048450147
Local RMS Frequency Jitter,0.222,0.58,0.776,1.737,8.992, 18.658,59.001,,8.216,18.078,3.5223,,3.0429,ppb,3.3097776103443928,21.3570910154439
Local RMS Time Jitter,0.037,0.088,0.121,0.275,1.247, 2.221,9.368,,1.126,2.133,0.4468,,0.4338,µs,3.875872358907978,30.759468103855735
Server Jitter SHM(0),0.1398,0.4388,0.6654,1.567,3.5486, 4.8735,10.0984,,2.8832,4.4347,0.9182,,1.7639,ms,5.048846326891643,18.0487897812691
Server Jitter SHM(1),0.009,0.048,0.076,0.214,1.673, 3.654,21.339,,1.597,3.606,0.7254,,0.4431,µs,4.219252534849625,43.87315471796575
Server Offset SHM(0),-31.1292,-22.1606,-18.5045,-9.3799,0.5611, 5.2953,11.151,,19.0656,27.4558,5.8214,,-9.2459,ms,-24.953853094602977,86.51565677438506
Server Offset SHM(1),-21.36,-2.228,-0.409,0.004,0.589, 1.705,8.041,,0.998,3.933,0.5958,,0.0,µs,-7.617317094155693,106.75343871380377
Temp ZONE0,47.95,49.05,50.15,52.9,57.85, 58.95,62.8,,7.7,9.9,2.2448,,53.3821,°C,11889.882934286716,272449.1126865929
