Name,Min,1%,5%,50%,95%,99%,Max,,90% Range,98% Range,StdDev,,Mean,Units,Skewness,Kurtosis
Local Clock Frequency Offset,8.8195,8.9908,9.0408,9.1749,9.2956, 9.3558,9.438,,0.2547,0.3649,0.0769,,9.1746,ppm,1657751.0928238656,196225001.90642363
Local Clock Time Offset,-31.148,-2.257,-0.615,0.013,0.609, 1.957,14.784,,1.224,4.214,0.645,,-0.0,µs,-6.4908874706267365,105.39979317120569
Local RMS Frequency Jitter,0.412,0.828,1.11,2.334,9.698, 18.781,91.025,,8.588,17.953,3.6042,,3.5262,ppb,4.4029367049482095,38.383185643469744
Local RMS Time Jitter,0.069,0.13,0.174,0.353,1.228, 2.117,14.554,,1.054,1.987,0.4283,,0.4827,µs,5.621723228310052,63.80506988590733
Server Jitter SHM(0),0.0697,0.3442,0.5297,1.3666,3.149, 4.8543,9.1208,,2.6193,4.5102,0.8783,,1.5477,ms,4.652378848002412,19.13103359277952
Server Jitter SHM(1),0.013,0.066,0.105,0.32,1.805, 3.702,29.822,,1.7,3.636,0.7499,,0.5431,µs,5.054040462867077,64.81370552622165
Server Offset SHM(0),8.0929,11.7008,13.1354,18.5938,23.5145, 24.8397,28.296,,10.3791,13.139,3.3301,,18.3339,ms,104.92596316497193,534.9965026410874
Server Offset SHM(1),-31.149,-2.258,-0.616,0.014,0.61, 1.958,14.785,,1.226,4.216,0.6454,,0.0001,µs,-6.485990733533432,105.16980118969643
TDOP,0.63,0.68,0.75,1.09,11.24, 40.39,182.24,,10.49,39.71,9.853,,3.3156, ,7.982717700015633,119.0368927098424
Temp ZONE0,49.05,50.15,51.25,53.45,57.3, 58.95,60.05,,6.05,8.8,1.7042,,53.3834,°C,27979.12618323716,851340.6102075233
nSats,5.0,10.0,11.0,13.0,15.0, 16.0,16.0,,4.0,6.0,1.2589,,13.4131,nSat,928.2415494506312,9228.839394770992
