Name,Min,1%,5%,50%,95%,99%,Max,,90% Range,98% Range,StdDev,,Mean,Units,Skewness,Kurtosis
Local Clock Frequency Offset,7.1165,7.3672,7.4757,7.6823,7.8303, 7.8803,8.0079,,0.3546,0.513,0.1143,,7.6696,ppm,288958.0665665349,19112150.59737107
Local Clock Time Offset,-21.359,-2.291,-0.413,0.002,0.621, 1.718,8.464,,1.034,4.009,0.6019,,0.0001,µs,-7.4983697033257535,102.66149474345148
Local RMS Frequency Jitter,0.222,0.571,0.777,1.773,9.076, 18.766,59.001,,8.299,18.195,3.5446,,3.095,ppb,3.2761412160980137,20.815524220409593
Local RMS Time Jitter,0.037,0.087,0.121,0.28,1.256, 2.198,9.331,,1.135,2.111,0.4454,,0.4391,µs,3.745036346529759,28.084102928533337
Server Jitter SHM(0),0.1002,0.4282,0.6478,1.5776,3.6696, 5.0029,11.0291,,3.0217,4.5747,0.9592,,1.7914,ms,4.761657632372871,16.92825098038576
Server Jitter SHM(1),0.01,0.048,0.075,0.216,1.692, 3.622,21.339,,1.617,3.574,0.7298,,0.4485,µs,4.1653105864530255,42.75898321191265
Server Offset SHM(0),-31.1292,-22.1405,-18.9128,-10.2446,-0.4323, 3.6668,10.0916,,18.4805,25.8072,5.6556,,-10.0954,ms,-29.775010805923184,107.55147356913652
Server Offset SHM(1),-21.36,-2.292,-0.414,0.003,0.622, 1.719,8.465,,1.036,4.011,0.6023,,0.0001,µs,-7.492110563953482,102.4576757912984
Temp ZONE0,46.3,48.5,49.6,51.8,55.1, 56.75,58.95,,5.5,8.25,1.817,,52.1694,°C,21364.431563806287,594382.8492744941
