Name,Min,1%,5%,50%,95%,99%,Max,,90% Range,98% Range,StdDev,,Mean,Units,Skewness,Kurtosis
Local Clock Frequency Offset,8.1748,8.3428,8.4779,8.9178,9.022, 9.0502,9.1139,,0.5441,0.7074,0.179,,8.8448,ppm,113673.82346934821,5511112.900054974
Local Clock Time Offset,-17.831,-2.089,-0.438,0.003,0.528, 1.791,8.113,,0.966,3.88,0.562,,-0.0,µs,-6.01210169196272,73.77203250168955
Local RMS Frequency Jitter,0.223,0.607,0.792,1.724,8.29, 18.015,50.067,,7.498,17.408,3.2747,,2.929,ppb,3.2475242138434592,19.37208884461021
Local RMS Time Jitter,0.036,0.094,0.125,0.263,1.064, 1.967,7.588,,0.939,1.873,0.3729,,0.3938,µs,3.826667984679985,26.65847654086676
Server Jitter SHM(0),0.0,0.3404,0.5277,1.3769,3.3293, 5.2609,8.8678,,2.8016,4.9205,0.9351,,1.584,ms,4.375701483781369,17.541460205541085
Server Jitter SHM(1),0.0,0.047,0.074,0.21,1.581, 3.461,17.371,,1.507,3.414,0.6717,,0.4294,µs,3.838721397845813,35.04455099736563
Server Offset SHM(0),10.9741,13.1891,14.1935,19.0406,23.8368, 25.0838,28.6178,,9.6433,11.8947,3.13,,18.9312,ms,143.82322128696072,804.7850057230017
Server Offset SHM(1),-17.832,-2.09,-0.439,0.004,0.529, 1.792,8.114,,0.968,3.882,0.5624,,0.0,µs,-6.0080827871593145,73.6205899269472
TDOP,0.58,0.65,0.72,1.06,5.18, 24.75,86.72,,4.46,24.1,5.4025,,2.1315, ,7.978771189602741,100.4070536174858
Temp ZONE0,45.75,47.4,48.5,53.45,57.3, 58.4,61.15,,8.8,11.0,2.7404,,53.2372,°C,6311.744373200857,117313.55008989456
nSats,9.0,10.0,12.0,14.0,16.0, 16.0,16.0,,4.0,6.0,1.1967,,13.689,nSat,1168.50123334147,12516.100771105663
