Name,Min,1%,5%,50%,95%,99%,Max,,90% Range,98% Range,StdDev,,Mean,Units,Skewness,Kurtosis
Local Clock Frequency Offset,6.9737,7.3009,7.4154,7.583,7.7549, 7.7955,7.9504,,0.3395,0.4946,0.0968,,7.5849,ppm,462802.31067706714,35810022.48212768
Local Clock Time Offset,-18.655,-2.255,-0.406,0.001,0.618, 1.714,8.033,,1.024,3.969,0.5994,,-0.0,µs,-7.661415380242213,107.3914632447473
Local RMS Frequency Jitter,0.221,0.567,0.757,1.731,9.009, 18.9,51.541,,8.252,18.333,3.5549,,3.0617,ppb,3.2486263310480554,20.53092206497807
Local RMS Time Jitter,0.034,0.088,0.12,0.274,1.247, 2.221,9.338,,1.127,2.133,0.448,,0.4349,µs,3.82766306595358,30.033713213402933
Server Jitter SHM(0),0.1002,0.5138,0.7932,1.9286,6.622, 11.2025,49.6075,,5.8288,10.6887,2.1085,,2.5391,ms,4.473839233996533,38.582155436006936
Server Jitter SHM(1),0.0,0.048,0.075,0.21,1.678, 3.626,18.698,,1.603,3.578,0.7297,,0.4425,µs,4.200809228697975,43.517286329997376
Server Offset SHM(0),-67.2028,-52.0371,-41.3574,-13.4428,-1.2304, 3.7861,24.4059,,40.127,55.8232,12.2302,,-16.3731,ms,-20.796134508053346,75.65453920526132
Server Offset SHM(1),-18.656,-2.256,-0.407,0.002,0.619, 1.715,8.034,,1.026,3.971,0.5998,,-0.0,µs,-7.654900321996125,107.17786348182605
Temp ZONE0,47.4,48.5,49.6,51.8,54.55, 55.65,56.75,,4.95,7.15,1.616,,51.9796,°C,30364.45983579834,949257.6643701304
