Name,Min,1%,5%,50%,95%,99%,Max,,90% Range,98% Range,StdDev,,Mean,Units,Skewness,Kurtosis
Local Clock Frequency Offset,7.3623,7.5361,7.6501,7.8486,7.9458, 7.9824,8.0888,,0.2957,0.4462,0.0884,,7.8357,ppm,673472.5888667924,59047852.14068532
Local Clock Time Offset,-20.526,-2.253,-0.44,0.004,0.584, 1.776,6.883,,1.024,4.029,0.5825,,0.0006,µs,-6.828042437497366,82.00243875157935
Local RMS Frequency Jitter,0.0,0.572,0.757,1.762,9.163, 17.956,86.031,,8.406,17.384,3.5073,,3.0663,ppb,3.6772576413790943,33.06699759690463
Local RMS Time Jitter,0.035,0.089,0.119,0.27,1.194, 2.072,8.781,,1.075,1.983,0.4137,,0.4201,µs,3.5246249310335966,24.654141874581335
Server Jitter SHM(0),0.0,0.373,0.5859,1.5212,4.0121, 7.9728,22.1697,,3.4262,7.5998,1.3623,,1.8441,ms,4.625011693322818,28.644986649029736
Server Jitter SHM(1),0.0,0.042,0.067,0.209,1.723, 3.535,20.558,,1.656,3.493,0.7047,,0.445,µs,3.5936243134054333,33.217617945880804
Server Offset SHM(0),-94.0089,-88.1354,-76.7738,4.5474,274.7866, 545.1107,599421.1365,,351.5604,633.246,3100.9777,,74.9609,ms,187.51324794920967,36219.41928466958
Server Offset SHM(1),-20.527,-2.254,-0.441,0.005,0.585, 1.779,599124056.644,,1.026,4.033,1098735.7451,,2186.3104,µs,537.0244303115206,292634.9456473561
TDOP,0.61,0.68,0.74,1.14,9.98, 48.59,208.87,,9.24,47.91,13.5661,,3.5853, ,8.028538190164257,101.68771896313879
Temp ZONE0,48.5,49.6,50.7,53.45,57.85, 58.95,60.6,,7.15,9.35,1.8992,,53.8001,°C,20491.296698864593,562266.9388650403
nSats,7.0,10.0,11.0,14.0,16.0, 16.0,16.0,,5.0,6.0,1.4336,,13.6242,nSat,639.9209620293351,5649.548172617325
