Name,Min,1%,5%,50%,95%,99%,Max,,90% Range,98% Range,StdDev,,Mean,Units,Skewness,Kurtosis
Local Clock Frequency Offset,8.6093,8.7885,8.8767,9.0036,9.0755, 9.0976,9.151,,0.1989,0.3091,0.0631,,8.9955,ppm,2835781.5285928845,401427040.2105113
Local Clock Time Offset,-28.019,-2.092,-0.5,0.009,0.546, 1.785,12.419,,1.046,3.877,0.5926,,-0.0,µs,-6.882256871701057,115.9364554166823
Local RMS Frequency Jitter,0.302,0.708,0.918,1.893,8.353, 18.679,77.407,,7.435,17.971,3.4472,,3.0952,ppb,3.993946983492548,31.953335658499963
Local RMS Time Jitter,0.05,0.114,0.147,0.293,1.084, 2.116,14.26,,0.937,2.002,0.4089,,0.4245,µs,5.381493731739625,64.37156351267203
Server Jitter SHM(0),0.1314,0.3423,0.5145,1.3984,3.3084, 5.1025,12.1115,,2.7939,4.7601,0.9313,,1.5907,ms,4.402047600245714,18.114701074947867
Server Jitter SHM(1),0.014,0.058,0.091,0.249,1.615, 3.624,28.042,,1.524,3.566,0.7085,,0.4687,µs,4.8485234062562395,60.0519560317061
Server Offset SHM(0),3.139,12.0042,13.5796,18.6523,23.7785, 25.1866,29.0327,,10.1989,13.1824,3.2758,,18.473,ms,113.78434103510699,594.8993903781968
Server Offset SHM(1),-28.02,-2.093,-0.501,0.01,0.547, 1.786,12.42,,1.048,3.879,0.593,,0.0,µs,-6.876431069539789,115.67353314331835
TDOP,0.59,0.66,0.73,1.15,9.14, 35.95,117.9,,8.41,35.29,7.4583,,2.9301, ,6.879076455507426,83.42927060836656
Temp ZONE0,50.15,51.25,52.35,55.1,57.85, 58.95,60.05,,5.5,7.7,1.611,,55.0232,°C,36541.461231442416,1214812.2964310083
nSats,9.0,10.0,11.0,14.0,16.0, 16.0,16.0,,5.0,6.0,1.2773,,13.6263,nSat,932.3030756937775,9287.527377544558
