Name,Min,1%,5%,50%,95%,99%,Max,,90% Range,98% Range,StdDev,,Mean,Units,Skewness,Kurtosis
Local Clock Frequency Offset,7.9992,8.178,8.3511,8.5747,8.6988, 8.7253,8.8096,,0.3477,0.5473,0.1073,,8.5673,ppm,489846.695572098,38626339.206486605
Local Clock Time Offset,-18.542,-1.945,-0.463,0.006,0.562, 1.708,9.965,,1.025,3.653,0.565,,0.0,µs,-6.17604969802617,76.13585188526703
Local RMS Frequency Jitter,0.0,0.602,0.792,1.678,8.099, 18.244,51.26,,7.307,17.642,3.3017,,2.9344,ppb,3.255224000592806,19.518725741543427
Local RMS Time Jitter,0.039,0.095,0.126,0.258,1.02, 2.116,8.291,,0.894,2.021,0.3825,,0.3912,µs,4.00928719828727,28.833977833430453
Server Jitter SHM(0),0.0,0.389,0.5895,1.498,3.5297, 5.4089,11.1708,,2.9402,5.0199,0.969,,1.7082,ms,4.602080915224903,18.208454727563957
Server Jitter SHM(1),0.0,0.05,0.077,0.215,1.622, 3.419,18.441,,1.545,3.369,0.6776,,0.4386,µs,3.8827266182224895,35.55978871351524
Server Offset SHM(0),8.1517,12.5348,13.7439,18.8698,24.0392, 25.3375,30.2253,,10.2954,12.8028,3.26,,18.7896,ms,122.4052419726617,653.5962569355804
Server Offset SHM(1),-178180.801,-1.947,-0.464,0.007,0.563, 1.709,9.966,,1.027,3.656,324.0229,,-0.5892,µs,-553.9074887377479,304598.77269312355
TDOP,0.59,0.67,0.73,1.15,7.19, 25.65,229.0,,6.46,24.98,9.7938,,2.7733, ,13.28001159371705,264.4881725155515
Temp ZONE0,48.5,49.05,50.15,53.45,58.4, 59.5,63.9,,8.25,10.45,2.3254,,53.8963,°C,10974.812383784827,244902.78861419606
nSats,5.0,5.0,10.0,14.0,15.0, 16.0,16.0,,5.0,11.0,1.8589,,13.2875,nSat,248.82507074695707,1615.685020938202
