Name,Min,1%,5%,50%,95%,99%,Max,,90% Range,98% Range,StdDev,,Mean,Units,Skewness,Kurtosis
Local Clock Frequency Offset,0.1853,7.9105,7.9845,8.3423,8.4615, 8.4919,8.5724,,0.477,0.5814,0.1616,,8.2878,ppm,127317.00914593322,6409539.208489667
Local Clock Time Offset,-100105.547,-2.226,-0.461,0.005,0.536, 1.755,68.67,,0.997,3.981,1029.3397,,-14.8131,µs,-81.50257205223936,6588.290316852976
Local RMS Frequency Jitter,0.0,0.591,0.769,1.783,8.513, 17.976,1577.603,,7.744,17.385,9.7038,,3.092,ppb,100.16032271899502,12999.372367816906
Local RMS Time Jitter,0.041,0.093,0.121,0.267,1.079, 2.131,35392.656,,0.958,2.038,188.7117,,2.6837,µs,118.70049345906085,17079.70920047084
Server Jitter SHM(0),0.0,0.3494,0.5384,1.3744,3.4961, 5.5177,28.113,,2.9577,5.1683,1.016,,1.6094,ms,5.026140439105486,43.88382608044847
Server Jitter SHM(1),0.0,0.044,0.067,0.212,1.671, 3.499,4474.947,,1.604,3.455,65.6954,,1.5479,µs,60.324865873361965,3981.1352577033385
Server Offset SHM(0),-79.1723,11.2518,13.2252,18.1367,23.0808, 24.5923,27.0984,,9.8555,13.3404,3.4041,,17.9746,ms,88.91326527554803,465.71088486644436
Server Offset SHM(1),-100105.547,-2.227,-0.462,0.006,0.537, 1.756,68.671,,0.999,3.983,1029.3401,,-14.8147,µs,-81.50249712461967,6588.281375413039
TDOP,0.57,0.66,0.74,1.05,6.73, 35.67,152.27,,5.99,35.01,7.5631,,2.5036, ,9.24381570120874,142.79442012334104
Temp ZONE0,46.85,47.95,49.05,54.0,57.85, 58.95,65.55,,8.8,11.0,2.6629,,53.5353,°C,7029.410280851614,135379.61707641417
nSats,8.0,10.0,11.0,14.0,15.0, 16.0,16.0,,4.0,6.0,1.3637,,13.4789,nSat,727.1580112629428,6684.06059350393
