Name,Min,1%,5%,50%,95%,99%,Max,,90% Range,98% Range,StdDev,,Mean,Units,Skewness,Kurtosis
Local Clock Frequency Offset,8.0592,8.1826,8.278,8.4704,8.6006, 8.6302,8.7146,,0.3226,0.4476,0.0923,,8.4595,ppm,745712.0649047842,67639329.92457534
Local Clock Time Offset,-14.443,-2.186,-0.368,0.002,0.572, 1.686,8.364,,0.94,3.872,0.5836,,0.0,µs,-6.667180412851768,77.88390002775864
Local RMS Frequency Jitter,0.246,0.491,0.641,1.432,8.516, 19.225,44.712,,7.875,18.734,3.5496,,2.8666,ppb,2.808607933329263,15.853946108808533
Local RMS Time Jitter,0.034,0.077,0.106,0.231,1.17, 2.308,5.91,,1.064,2.231,0.4361,,0.3987,µs,3.1694491097411124,18.99411253336652
Server Jitter SHM(0),0.0701,0.3691,0.5661,1.4262,3.4422, 5.4196,9.0274,,2.8761,5.0505,0.9595,,1.6468,ms,4.454757234180161,17.675849286753124
Server Jitter SHM(1),0.01,0.04,0.061,0.171,1.713, 3.838,14.397,,1.652,3.798,0.7229,,0.4111,µs,3.4236631426522703,29.270479195804914
Server Offset SHM(0),9.3065,12.3276,13.8286,19.0037,23.9907, 25.2301,27.6992,,10.1621,12.9026,3.2493,,18.8292,ms,124.59785443695647,668.220555188626
Server Offset SHM(1),-14.444,-2.187,-0.369,0.003,0.573, 1.687,8.365,,0.942,3.874,0.584,,0.0001,µs,-6.662753004229969,77.75070985922414
TDOP,0.59,0.67,0.73,1.12,7.55, 30.85,157.92,,6.82,30.18,6.8135,,2.6513, ,9.802070630154484,180.75926897423744
Temp ZONE0,48.5,49.6,50.7,54.0,56.2, 57.85,59.5,,5.5,8.25,1.7347,,53.5994,°C,26814.235723704067,804357.2577049313
nSats,5.0,5.0,5.0,13.0,15.0, 16.0,16.0,,10.0,11.0,3.0449,,12.5119,nSat,37.880233065423816,136.9104669387736
