Name,Min,1%,5%,50%,95%,99%,Max,,90% Range,98% Range,StdDev,,Mean,Units,Skewness,Kurtosis
Local Clock Frequency Offset,8.7759,9.0615,9.0974,9.1473,9.1781, 9.1906,9.2609,,0.0807,0.1291,0.026,,9.1433,ppm,42940927.79755953,15037268360.731493
Local Clock Time Offset,-36.355,-2.096,-0.486,0.013,0.527, 1.728,16.386,,1.013,3.824,0.5864,,-0.0001,µs,-7.439201067704242,152.46949137546372
Local RMS Frequency Jitter,0.303,0.682,0.884,1.844,8.248, 18.237,101.975,,7.364,17.555,3.4278,,3.0444,ppb,4.36627647476449,44.630771581453864
Local RMS Time Jitter,0.049,0.108,0.142,0.288,1.095, 2.077,17.271,,0.953,1.969,0.4128,,0.4218,µs,5.720659659074949,83.0682279248962
Server Jitter SHM(0),0.1086,0.3523,0.5322,1.4046,3.4777, 5.3904,8.3525,,2.9455,5.0381,0.97,,1.6229,ms,4.2417505280212024,16.565365167632933
Server Jitter SHM(1),0.011,0.054,0.084,0.238,1.604, 3.564,35.152,,1.52,3.51,0.7093,,0.4577,µs,5.197713725132083,79.58103068560929
Server Offset SHM(0),9.667,12.5483,13.6334,18.6998,23.576, 24.9002,28.5299,,9.9427,12.3519,3.179,,18.4729,ms,125.81937152742294,677.2718217170261
Server Offset SHM(1),-36.356,-2.097,-0.487,0.014,0.528, 1.729,16.387,,1.015,3.826,0.5868,,-0.0,µs,-7.432243961649005,152.10696858685913
TDOP,0.61,0.66,0.74,1.1,8.37, 36.8,215.28,,7.63,36.14,9.522,,2.8504, ,10.759259339981478,196.4857520719028
Temp ZONE0,53.45,54.0,55.1,57.3,58.95, 60.05,63.35,,3.85,6.05,1.2617,,57.1885,°C,87220.9904946949,3872022.4140465516
nSats,8.0,10.0,11.0,14.0,16.0, 16.0,17.0,,5.0,6.0,1.3483,,13.6106,nSat,778.8264853278558,7317.873636483567
