Name,Min,1%,5%,50%,95%,99%,Max,,90% Range,98% Range,StdDev,,Mean,Units,Skewness,Kurtosis
Local Clock Frequency Offset,6.9737,7.2836,7.4153,7.5915,7.7672, 7.8138,7.9545,,0.3519,0.5302,0.1066,,7.5968,ppm,346997.22965248313,24393571.66385186
Local Clock Time Offset,-18.655,-2.263,-0.409,0.001,0.629, 1.725,8.464,,1.038,3.988,0.6036,,-0.0,µs,-7.617178465675402,106.23082107495043
Local RMS Frequency Jitter,0.221,0.568,0.763,1.75,9.075, 18.905,51.541,,8.312,18.337,3.5704,,3.0852,ppb,3.256406080848291,20.559998148616298
Local RMS Time Jitter,0.038,0.088,0.12,0.278,1.255, 2.224,9.338,,1.135,2.136,0.45,,0.4382,µs,3.8231494098051764,29.80154728655406
Server Jitter SHM(0),0.1002,0.4693,0.7237,1.7602,4.5196, 8.0337,17.5579,,3.796,7.5644,1.4013,,2.1002,ms,4.45833528528552,23.25618062444485
Server Jitter SHM(1),0.009,0.048,0.075,0.212,1.688, 3.64,18.698,,1.613,3.592,0.7337,,0.4457,µs,4.201360896183065,43.447563435417635
Server Offset SHM(0),-46.754,-36.5629,-30.8683,-11.088,0.0265, 4.8837,12.3734,,30.8948,41.4465,8.6734,,-12.0904,ms,-21.688141257712743,78.59747046214494
Server Offset SHM(1),-18.656,-2.264,-0.41,0.002,0.63, 1.726,8.465,,1.04,3.99,0.604,,-0.0,µs,-7.610761695813029,106.0202233375065
Temp ZONE0,46.3,48.5,49.05,51.25,54.55, 55.65,56.75,,5.5,7.15,1.5659,,51.6281,°C,32772.70282412128,1050848.7449833988
