Name,Min,1%,5%,50%,95%,99%,Max,,90% Range,98% Range,StdDev,,Mean,Units,Skewness,Kurtosis
Local Clock Frequency Offset,8.3454,8.53,8.6693,8.7799,8.8441, 8.8673,8.9402,,0.1748,0.3373,0.0591,,8.7736,ppm,3199487.9009462115,471497953.4378625
Local Clock Time Offset,-15.726,-1.91,-0.531,0.011,0.587, 1.704,11.777,,1.118,3.614,0.566,,-0.0001,µs,-5.963005673730439,70.5380738804414
Local RMS Frequency Jitter,0.319,0.724,0.929,1.882,8.123, 17.67,63.65,,7.194,16.946,3.1936,,3.0637,ppb,3.515759539269797,22.213101875821337
Local RMS Time Jitter,0.044,0.115,0.147,0.287,0.99, 2.033,7.933,,0.843,1.918,0.3627,,0.4072,µs,4.394947857079604,31.917419088206817
Server Jitter SHM(0),0.1265,0.3839,0.5804,1.4426,3.5062, 5.5537,10.5389,,2.9258,5.1698,0.9821,,1.6664,ms,4.474310326535974,18.29240346258154
Server Jitter SHM(1),0.012,0.061,0.092,0.252,1.622, 3.359,17.277,,1.53,3.298,0.663,,0.4686,µs,4.061012159772537,38.06585440948384
Server Offset SHM(0),9.6704,12.4156,13.8817,18.7439,23.8258, 25.1052,29.367,,9.9442,12.6897,3.2063,,18.723,ms,127.88858765167164,691.7702878459373
Server Offset SHM(1),-15.727,-1.911,-0.532,0.012,0.588, 1.705,11.778,,1.12,3.616,0.5665,,-0.0,µs,-5.958662375015378,70.38072696104611
TDOP,0.6,0.66,0.73,1.11,6.36, 22.88,137.81,,5.63,22.22,6.631,,2.3632, ,9.891549324823798,157.90179710756212
Temp ZONE0,48.5,50.7,52.35,55.1,57.85, 58.95,61.15,,5.5,8.25,1.6808,,55.16,°C,32305.98645878037,1030914.8734871056
nSats,6.0,10.0,11.0,14.0,15.0, 16.0,16.0,,4.0,6.0,1.3341,,13.5724,nSat,798.8327082129956,7565.890341210055
