Name,Min,1%,5%,50%,95%,99%,Max,,90% Range,98% Range,StdDev,,Mean,Units,Skewness,Kurtosis
Local Clock Frequency Offset,8.8163,9.0606,9.0955,9.1405,9.1769, 9.1896,9.2609,,0.0814,0.129,0.0264,,9.139,ppm,41361291.42472709,14304280764.351942
Local Clock Time Offset,-20.73,-2.091,-0.48,0.012,0.526, 1.726,12.565,,1.006,3.817,0.5786,,-0.0001,µs,-6.615922506193102,89.4287001072051
Local RMS Frequency Jitter,0.303,0.664,0.868,1.824,8.218, 18.294,65.415,,7.35,17.63,3.3651,,3.0235,ppb,3.7365248344001083,26.8117468968156
Local RMS Time Jitter,0.049,0.106,0.14,0.284,1.088, 2.089,9.411,,0.948,1.983,0.3995,,0.4179,µs,4.487446439169798,37.74598945092677
Server Jitter SHM(0),0.1086,0.3583,0.5412,1.4027,3.4946, 5.4007,8.3525,,2.9534,5.0424,0.9701,,1.6274,ms,4.261621309042294,16.58802238670813
Server Jitter SHM(1),0.011,0.053,0.083,0.234,1.599, 3.579,19.435,,1.516,3.526,0.6977,,0.4541,µs,4.346096949140773,44.72155602414155
Server Offset SHM(0),9.2672,12.3791,13.6415,18.6555,23.6358, 24.9483,28.5299,,9.9943,12.5692,3.1919,,18.4971,ms,124.66381447879954,669.280908403963
Server Offset SHM(1),-20.731,-2.092,-0.481,0.013,0.527, 1.727,12.566,,1.008,3.819,0.5791,,0.0,µs,-6.61061625438004,89.23717335374042
TDOP,0.61,0.66,0.72,1.07,6.59, 22.04,237.99,,5.87,21.38,8.7044,,2.4555, ,15.90519562853619,371.947202708196
Temp ZONE0,53.45,54.0,55.1,57.3,58.95, 60.05,63.35,,3.85,6.05,1.2845,,57.1601,°C,82450.05648804017,3592374.992019407
nSats,8.0,10.0,11.0,14.0,15.0, 16.0,17.0,,4.0,6.0,1.4008,,13.5508,nSat,677.9540421446108,6093.470954705778
