Name,Min,1%,5%,50%,95%,99%,Max,,90% Range,98% Range,StdDev,,Mean,Units,Skewness,Kurtosis
Local Clock Frequency Offset,8.519,8.6736,8.7074,8.7734,8.8318, 8.8637,8.923,,0.1244,0.1901,0.0372,,8.7742,ppm,12955363.953664303,3042859269.7075114
Local Clock Time Offset,-15.726,-1.906,-0.53,0.011,0.582, 1.696,11.777,,1.112,3.602,0.5601,,-0.0001,µs,-5.984729298329638,67.83833451589066
Local RMS Frequency Jitter,0.324,0.707,0.911,1.87,8.118, 17.395,63.65,,7.207,16.688,3.1493,,3.0435,ppb,3.4540210568325262,21.531736059872536
Local RMS Time Jitter,0.046,0.113,0.145,0.286,0.987, 2.0,7.933,,0.842,1.887,0.3565,,0.4051,µs,4.305540356330732,30.501680582319224
Server Jitter SHM(0),0.1265,0.3693,0.569,1.4328,3.51, 5.5817,10.5389,,2.941,5.2124,0.9866,,1.6591,ms,4.403650730663115,17.939743227238775
Server Jitter SHM(1),0.012,0.06,0.091,0.251,1.62, 3.32,17.277,,1.529,3.26,0.6558,,0.4666,µs,3.9551216831196365,36.03187929414324
Server Offset SHM(0),9.6704,12.6201,14.0107,18.8396,23.7929, 24.9617,28.643,,9.7822,12.3416,3.178,,18.775,ms,132.95542988666028,727.0530185035418
Server Offset SHM(1),-15.727,-1.907,-0.531,0.012,0.583, 1.697,11.778,,1.114,3.604,0.5606,,-0.0,µs,-5.980294239470195,67.68732266985134
TDOP,0.6,0.66,0.73,1.1,5.47, 20.72,149.49,,4.74,20.06,7.2002,,2.2851, ,11.471571965112327,197.18403204839458
Temp ZONE0,51.25,52.9,53.45,55.65,58.4, 59.5,61.15,,4.95,6.6,1.4848,,55.8021,°C,49061.79497570264,1798782.7154075983
nSats,9.0,10.0,11.0,14.0,15.0, 16.0,16.0,,4.0,6.0,1.2808,,13.5543,nSat,908.1601807604222,8967.337016445836
