Name,Min,1%,5%,50%,95%,99%,Max,,90% Range,98% Range,StdDev,,Mean,Units,Skewness,Kurtosis
Local Clock Frequency Offset,8.705,8.8891,8.9506,9.0425,9.0909, 9.1168,9.1691,,0.1403,0.2277,0.0435,,9.0346,ppm,8802835.349393431,1817678137.0601795
Local Clock Time Offset,-28.019,-2.098,-0.51,0.012,0.544, 1.755,12.419,,1.054,3.853,0.5919,,-0.0,µs,-6.8500809077597165,116.11688206823004
Local RMS Frequency Jitter,0.389,0.728,0.94,1.92,8.402, 18.457,77.407,,7.462,17.729,3.4178,,3.1201,ppb,4.024165175474553,32.517378785016554
Local RMS Time Jitter,0.043,0.117,0.151,0.299,1.087, 2.078,14.26,,0.936,1.961,0.4087,,0.4294,µs,5.624318101023763,69.71269130608779
Server Jitter SHM(0),0.1314,0.3465,0.528,1.4414,3.355, 5.0947,12.1115,,2.827,4.7482,0.9292,,1.6325,ms,4.51554201849082,18.04367122068074
Server Jitter SHM(1),0.017,0.061,0.095,0.255,1.632, 3.581,28.042,,1.537,3.52,0.7067,,0.4753,µs,4.823664736147935,59.86905142141263
Server Offset SHM(0),3.139,12.8328,13.8287,18.8913,23.8067, 25.183,27.7696,,9.978,12.3502,3.2222,,18.6299,ms,123.71979676048137,662.7853349384679
Server Offset SHM(1),-28.02,-2.099,-0.511,0.013,0.545, 1.756,12.42,,1.056,3.855,0.5923,,0.0,µs,-6.844184191916769,115.84827189858235
TDOP,0.59,0.67,0.74,1.13,9.24, 42.37,231.4,,8.5,41.7,10.3868,,3.1757, ,9.740690007703787,169.48681646104748
Temp ZONE0,51.25,52.9,54.0,56.2,58.95, 60.05,62.8,,4.95,7.15,1.5418,,56.1732,°C,44591.01168081912,1583776.7454722424
nSats,8.0,10.0,11.0,14.0,16.0, 16.0,16.0,,5.0,6.0,1.3391,,13.5484,nSat,784.9317780279355,7397.44599202335
