Name,Min,1%,5%,50%,95%,99%,Max,,90% Range,98% Range,StdDev,,Mean,Units,Skewness,Kurtosis
Local Clock Frequency Offset,8.3454,8.5115,8.6555,8.7798,8.8441, 8.8673,8.9402,,0.1886,0.3557,0.0624,,8.7719,ppm,2714879.160844011,378771825.3891171
Local Clock Time Offset,-15.726,-1.909,-0.531,0.01,0.587, 1.704,11.777,,1.118,3.613,0.5658,,-0.0002,µs,-5.957499457974977,70.59800175440816
Local RMS Frequency Jitter,0.319,0.724,0.928,1.879,8.117, 17.686,63.65,,7.189,16.962,3.194,,3.0613,ppb,3.5171176174005043,22.220443445934375
Local RMS Time Jitter,0.044,0.114,0.147,0.287,0.989, 2.036,7.933,,0.842,1.922,0.363,,0.4069,µs,4.392174739530414,31.87499335803897
Server Jitter SHM(0),0.1265,0.3838,0.5788,1.4442,3.5029, 5.5531,10.5389,,2.9242,5.1693,0.9811,,1.667,ms,4.4788896062554135,18.3106861275518
Server Jitter SHM(1),0.012,0.06,0.092,0.251,1.62, 3.362,17.277,,1.528,3.302,0.6628,,0.4681,µs,4.064808920830143,38.13036541372041
Server Offset SHM(0),9.6704,12.4156,13.8438,18.7446,23.8327, 25.1144,29.367,,9.9889,12.6988,3.2133,,18.713,ms,126.74162991820624,683.7648866967736
Server Offset SHM(1),-15.727,-1.91,-0.532,0.011,0.588, 1.705,11.778,,1.12,3.615,0.5663,,-0.0001,µs,-5.953172785136081,70.44051166330907
TDOP,0.6,0.66,0.72,1.11,6.36, 22.88,137.81,,5.64,22.22,6.6292,,2.3617, ,9.894029691843778,157.98552883318678
Temp ZONE0,48.5,50.15,51.8,55.1,57.85, 58.95,61.15,,6.05,8.8,1.73,,55.1072,°C,29461.916653533717,911824.5920351498
nSats,6.0,10.0,11.0,14.0,15.0, 16.0,16.0,,4.0,6.0,1.3367,,13.5673,nSat,792.8465940333404,7491.14858572918
