Name,Min,1%,5%,50%,95%,99%,Max,,90% Range,98% Range,StdDev,,Mean,Units,Skewness,Kurtosis
Local Clock Frequency Offset,7.8286,7.9841,8.0312,8.4293,8.518, 8.5565,16.5363,,0.4868,0.5724,0.1422,,8.3925,ppm,195500.7521050291,11354223.770798657
Local Clock Time Offset,-67.269,-2.155,-0.384,0.002,0.547, 1.675,43004.3,,0.931,3.83,316.4959,,3.6305,µs,100.33468707661275,11296.364507497367
Local RMS Frequency Jitter,0.0,0.492,0.66,1.522,8.354, 18.984,1555.621,,7.694,18.492,9.6261,,2.9628,ppb,98.3503613044094,12697.486296914507
Local RMS Time Jitter,0.029,0.078,0.108,0.239,1.126, 2.27,15203.888,,1.018,2.192,78.945,,1.2137,µs,127.4615673115419,19013.804557347026
Server Jitter SHM(0),0.0,0.3713,0.5718,1.4485,3.5626, 5.5449,25.5973,,2.9908,5.1736,1.0227,,1.6837,ms,5.148400715912309,41.88359904285629
Server Jitter SHM(1),0.0,0.04,0.062,0.179,1.675, 3.744,4473.064,,1.613,3.704,47.8218,,1.0506,µs,81.17257786676879,7205.417533305781
Server Offset SHM(0),8.3829,11.8194,13.4199,18.6989,23.8645, 25.3743,59.3964,,10.4446,13.5549,3.348,,18.5657,ms,107.64552773271583,556.0336124427026
Server Offset SHM(1),-67.27,-2.156,-0.385,0.003,0.548, 1.676,43004.3,,0.933,3.832,316.497,,3.6321,µs,100.3335562537381,11296.195966235495
TDOP,0.59,0.67,0.74,1.12,6.42, 27.38,268.93,,5.68,26.71,8.8921,,2.4898, ,17.327524380160085,469.6093066532211
Temp ZONE0,47.4,48.5,49.6,54.55,57.3, 58.95,60.6,,7.7,10.45,2.154,,54.0568,°C,14062.538331807635,340555.9472247272
nSats,5.0,5.0,5.0,13.0,15.0, 16.0,16.0,,10.0,11.0,2.6797,,12.7478,nSat,62.58340981790843,263.6303336998193
