Name,Min,1%,5%,50%,95%,99%,Max,,90% Range,98% Range,StdDev,,Mean,Units,Skewness,Kurtosis
Local Clock Frequency Offset,8.6093,8.7885,8.8779,9.0065,9.0785, 9.1041,9.1581,,0.2006,0.3156,0.063,,8.9985,ppm,2859690.934858397,405945874.0409648
Local Clock Time Offset,-28.019,-2.092,-0.5,0.009,0.545, 1.779,12.419,,1.045,3.871,0.5924,,0.0,µs,-6.926683007931558,117.7650153350082
Local RMS Frequency Jitter,0.302,0.706,0.915,1.889,8.349, 18.657,77.407,,7.434,17.951,3.4484,,3.0914,ppb,4.006908431553959,32.235457112585785
Local RMS Time Jitter,0.043,0.113,0.147,0.292,1.084, 2.113,14.26,,0.937,2.0,0.4092,,0.4239,µs,5.415312824585833,65.16606390709906
Server Jitter SHM(0),0.1314,0.3426,0.517,1.4059,3.3148, 5.1019,12.1115,,2.7979,4.7593,0.9315,,1.5971,ms,4.404255961551575,17.991558573218555
Server Jitter SHM(1),0.014,0.058,0.09,0.249,1.613, 3.615,28.042,,1.523,3.557,0.7088,,0.468,µs,4.874090220464938,60.80406982001901
Server Offset SHM(0),3.139,12.0042,13.5781,18.6641,23.8034, 25.2378,29.0327,,10.2252,13.2336,3.2874,,18.4865,ms,112.73061655797201,587.830979362145
Server Offset SHM(1),-28.02,-2.093,-0.5,0.01,0.546, 1.78,12.42,,1.046,3.873,0.5928,,0.0001,µs,-6.920770664098979,117.49748071829818
TDOP,0.59,0.66,0.73,1.13,9.21, 34.08,117.9,,8.48,33.42,7.4351,,2.8992, ,6.893957252855261,84.29952098402003
Temp ZONE0,50.15,51.25,52.35,55.1,57.85, 58.95,60.6,,5.5,7.7,1.6258,,55.0974,°C,35675.74064944264,1176626.2749047647
nSats,8.0,10.0,11.0,14.0,16.0, 16.0,16.0,,5.0,6.0,1.3024,,13.5918,nSat,868.2519554200942,8454.299922441025
