Name,Min,1%,5%,50%,95%,99%,Max,,90% Range,98% Range,StdDev,,Mean,Units,Skewness,Kurtosis
Local Clock Frequency Offset,8.9889,9.1133,9.1462,9.2071,9.2504, 9.2664,9.3257,,0.1042,0.153,0.0312,,9.2035,ppm,25308977.815879185,7430924529.089879
Local Clock Time Offset,-18.635,-2.106,-0.589,0.016,0.573, 1.744,9.273,,1.162,3.85,0.597,,-0.0001,µs,-6.548074560266019,86.04577408029067
Local RMS Frequency Jitter,0.346,0.754,0.986,2.192,8.378, 18.432,55.143,,7.392,17.678,3.3346,,3.2662,ppb,3.907628797718871,25.823345423752297
Local RMS Time Jitter,0.06,0.121,0.159,0.341,1.105, 2.118,8.323,,0.946,1.997,0.3954,,0.4585,µs,4.790125835935661,38.662837224134854
Server Jitter SHM(0),0.082,0.3381,0.5024,1.3363,3.4523, 5.3313,8.5838,,2.9498,4.9932,0.9682,,1.5615,ms,4.02291988206202,15.769944416189903
Server Jitter SHM(1),0.016,0.062,0.099,0.292,1.631, 3.602,17.781,,1.532,3.54,0.6968,,0.5041,µs,4.516044689405135,44.72374883581617
Server Offset SHM(0),7.6116,12.3204,13.6469,18.6485,23.5068, 24.85,28.2867,,9.8599,12.5296,3.1926,,18.4641,ms,123.79129441107473,662.7430550006205
Server Offset SHM(1),-18.636,-2.107,-0.59,0.017,0.574, 1.745,9.274,,1.164,3.852,0.5975,,0.0,µs,-6.542610634831638,85.85130409966293
TDOP,0.62,0.67,0.74,1.11,7.81, 29.44,139.52,,7.07,28.77,8.5389,,2.6889, ,9.407212616702028,135.44228555536876
Temp ZONE0,52.9,54.55,55.1,56.75,59.5, 61.15,62.8,,4.4,6.6,1.3457,,56.9463,°C,70665.53302704377,2925028.00508761
nSats,3.0,10.0,11.0,14.0,16.0, 16.0,16.0,,5.0,6.0,1.4485,,13.5309,nSat,604.068382488383,5223.9724261384135
