Name,Min,1%,5%,50%,95%,99%,Max,,90% Range,98% Range,StdDev,,Mean,Units,Skewness,Kurtosis
Local Clock Frequency Offset,0.1853,7.9105,7.9812,8.3697,8.4662, 8.4977,16.5363,,0.485,0.5871,0.1753,,8.3054,ppm,99952.5991647985,4643109.915409788
Local Clock Time Offset,-100105.547,-2.217,-0.432,0.004,0.519, 1.713,43004.3,,0.951,3.93,1076.9633,,-11.1829,µs,-69.01668198039816,5587.9844008341
Local RMS Frequency Jitter,0.0,0.574,0.738,1.695,8.214, 18.687,1577.603,,7.476,18.113,13.2224,,3.1083,ppb,76.57860981125557,7254.835281609187
Local RMS Time Jitter,0.041,0.09,0.117,0.255,1.089, 2.258,35392.656,,0.972,2.168,204.5526,,3.4952,µs,99.91946714960706,12747.993440870536
Server Jitter SHM(0),0.0,0.3667,0.56,1.3879,3.4842, 5.5806,28.113,,2.9243,5.2139,1.0448,,1.6263,ms,5.795240208534123,63.84831538784008
Server Jitter SHM(1),0.0,0.043,0.064,0.196,1.63, 3.716,4474.947,,1.566,3.673,81.2473,,2.1702,µs,47.40413119155023,2515.2561744086584
Server Offset SHM(0),-79.1723,11.5705,13.3044,18.3749,23.4241, 24.9979,59.3964,,10.1197,13.4274,3.4712,,18.197,ms,86.94767544464561,453.3166979827014
Server Offset SHM(1),-100105.547,-2.219,-0.433,0.005,0.52, 1.715,43004.3,,0.953,3.934,1076.964,,-11.1829,µs,-69.01655358493592,5587.969873913194
TDOP,0.57,0.66,0.72,1.06,6.12, 22.11,268.93,,5.4,21.45,8.9191,,2.4032, ,17.733078481276685,476.844918327571
Temp ZONE0,46.85,47.95,48.5,54.0,58.4, 60.05,65.55,,9.9,12.1,3.1157,,54.0114,°C,4407.915608740184,72800.28280449468
nSats,8.0,10.0,11.0,14.0,16.0, 16.0,16.0,,5.0,6.0,1.3476,,13.5226,nSat,763.9780795546109,7135.494210507948
