Name,Min,1%,5%,50%,95%,99%,Max,,90% Range,98% Range,StdDev,,Mean,Units,Skewness,Kurtosis
Local Clock Frequency Offset,8.6493,8.8602,8.9311,9.1581,9.2651, 9.3023,9.4061,,0.334,0.4421,0.1016,,9.1368,ppm,704198.4469404704,62666450.61280824
Local Clock Time Offset,-27.583,-2.259,-0.563,0.012,0.593, 1.938,15.423,,1.156,4.197,0.6511,,0.0001,µs,-7.093269957696495,132.94329891087096
Local RMS Frequency Jitter,0.347,0.821,1.064,2.168,9.669, 19.011,85.609,,8.605,18.19,3.7544,,3.4368,ppb,4.617295619042145,42.977409046159956
Local RMS Time Jitter,0.061,0.131,0.168,0.328,1.231, 2.204,13.033,,1.063,2.073,0.4575,,0.4702,µs,5.936337060994171,69.64545605038427
Server Jitter SHM(0),0.158,0.3435,0.5336,1.3874,3.2184, 5.0039,9.4232,,2.6848,4.6604,0.8969,,1.5716,ms,4.579088594975694,18.490058323222502
Server Jitter SHM(1),0.012,0.067,0.102,0.29,1.795, 3.706,26.022,,1.693,3.639,0.7771,,0.524,µs,5.444734353322079,73.89647358123622
Server Offset SHM(0),11.087,12.8508,13.7823,18.8164,23.712, 24.8965,28.197,,9.9298,12.0457,3.2002,,18.6067,ms,126.05087538316769,678.8190556999523
Server Offset SHM(1),-27.584,-2.26,-0.564,0.013,0.594, 1.939,15.424,,1.158,4.199,0.6515,,0.0001,µs,-7.087529649207087,132.662219673053
TDOP,0.62,0.67,0.73,1.1,10.65, 65.16,204.88,,9.92,64.49,13.6137,,3.7097, ,6.967542010711217,87.13101640261502
Temp ZONE0,48.5,49.6,50.7,53.45,58.4, 58.95,61.7,,7.7,9.35,2.2167,,53.8102,°C,12678.920077604338,296764.1725031769
nSats,4.0,9.0,11.0,13.0,15.0, 16.0,16.0,,4.0,7.0,1.4122,,13.3149,nSat,623.3617699998981,5454.4586032241905
