Name,Min,1%,5%,50%,95%,99%,Max,,90% Range,98% Range,StdDev,,Mean,Units,Skewness,Kurtosis
Local Clock Frequency Offset,6.9737,7.2793,7.4079,7.5951,7.7731, 7.8218,7.9687,,0.3652,0.5425,0.1132,,7.6007,ppm,289675.7273553834,19175457.91049218
Local Clock Time Offset,-18.655,-2.269,-0.411,0.001,0.633, 1.736,8.464,,1.044,4.005,0.6047,,0.0001,µs,-7.517462991250363,103.90130034933767
Local RMS Frequency Jitter,0.221,0.568,0.764,1.758,9.092, 18.917,51.541,,8.328,18.349,3.5751,,3.0935,ppb,3.252791122413709,20.494198493851766
Local RMS Time Jitter,0.038,0.088,0.12,0.278,1.254, 2.217,9.338,,1.134,2.129,0.4488,,0.4379,µs,3.8072799710272904,29.564465149928772
Server Jitter SHM(0),0.1002,0.4589,0.7039,1.701,3.8544, 5.2641,14.969,,3.1505,4.8052,1.0083,,1.9173,ms,4.959570992605161,18.661906997924476
Server Jitter SHM(1),0.009,0.048,0.075,0.213,1.692, 3.642,18.698,,1.617,3.594,0.7345,,0.4469,µs,4.176981159401265,42.86187749068068
Server Offset SHM(0),-42.8844,-34.9924,-23.5696,-10.5884,0.2417, 4.9193,12.3734,,23.8113,39.9116,7.5442,,-10.9762,ms,-22.854437716425192,83.75714912840489
Server Offset SHM(1),-18.656,-2.27,-0.412,0.002,0.634, 1.737,8.465,,1.046,4.007,0.6051,,0.0001,µs,-7.511224823015325,103.69606936477375
Temp ZONE0,46.3,48.5,49.05,51.25,54.0, 55.65,56.75,,4.95,7.15,1.5537,,51.5257,°C,33370.351397111466,1076453.177038219
