Name,Min,1%,5%,50%,95%,99%,Max,,90% Range,98% Range,StdDev,,Mean,Units,Skewness,Kurtosis
Local Clock Frequency Offset,8.1731,8.335,8.4034,8.5639,8.6407, 8.6696,8.744,,0.2373,0.3347,0.063,,8.5575,ppm,2456020.7238965314,331402960.18270963
Local Clock Time Offset,-14.932,-2.162,-0.389,0.007,0.551, 1.596,8.613,,0.94,3.758,0.5774,,-0.0001,µs,-7.190012894044574,88.39150754842287
Local RMS Frequency Jitter,0.239,0.527,0.697,1.496,8.424, 18.936,43.302,,7.727,18.409,3.48,,2.8746,ppb,3.0268961778348644,18.00534219790302
Local RMS Time Jitter,0.036,0.084,0.113,0.241,1.15, 2.29,6.202,,1.037,2.206,0.4325,,0.4028,µs,3.4203957745175733,21.713916169216493
Server Jitter SHM(0),0.1294,0.3878,0.5973,1.4795,3.7147, 5.6297,8.5265,,3.1175,5.2418,1.0176,,1.7273,ms,4.27032630222666,16.05294804420044
Server Jitter SHM(1),0.01,0.045,0.068,0.185,1.677, 3.697,14.914,,1.609,3.652,0.7156,,0.418,µs,3.7302967348879945,33.944262430505255
Server Offset SHM(0),8.941,12.2693,13.5822,18.6754,23.9482, 25.2094,28.4396,,10.3659,12.9401,3.2569,,18.6749,ms,120.31792758333958,639.2899121721757
Server Offset SHM(1),-14.933,-2.163,-0.39,0.008,0.552, 1.597,8.614,,0.942,3.76,0.5778,,-0.0,µs,-7.1843432857264125,88.22634559359572
TDOP,0.59,0.68,0.73,1.11,8.63, 31.69,125.39,,7.9,31.01,7.093,,2.7841, ,6.915385468853045,91.76072203007328
Temp ZONE0,49.05,50.7,51.8,57.3,59.5, 60.05,67.2,,7.7,9.35,2.4714,,56.5577,°C,10547.112788958138,232214.29882037683
nSats,5.0,5.0,5.0,13.0,15.0, 16.0,16.0,,10.0,11.0,2.9376,,12.3722,nSat,41.23246534460725,152.99492709441523
