Name,Min,1%,5%,50%,95%,99%,Max,,90% Range,98% Range,StdDev,,Mean,Units,Skewness,Kurtosis
Local Clock Frequency Offset,8.699,8.9324,8.9843,9.0759,9.1408, 9.157,9.225,,0.1564,0.2246,0.0478,,9.0734,ppm,6729198.0872124955,1270501921.968822
Local Clock Time Offset,-27.051,-2.11,-0.509,0.011,0.555, 1.789,14.331,,1.064,3.899,0.6003,,0.0,µs,-6.949298611296661,117.5330495278743
Local RMS Frequency Jitter,0.307,0.715,0.923,1.913,8.491, 18.561,77.814,,7.568,17.846,3.4988,,3.1279,ppb,4.111287111158771,34.89759308004401
Local RMS Time Jitter,0.053,0.114,0.149,0.298,1.101, 2.138,12.565,,0.952,2.024,0.4194,,0.4318,µs,5.3392769165009195,58.953938064907085
Server Jitter SHM(0),0.1208,0.3484,0.5371,1.4184,3.2919, 5.0617,9.5447,,2.7548,4.7133,0.9128,,1.6051,ms,4.597179638945351,18.51234374607045
Server Jitter SHM(1),0.013,0.06,0.092,0.252,1.636, 3.639,25.653,,1.544,3.579,0.7204,,0.4755,µs,4.932871877837562,61.6243357120271
Server Offset SHM(0),9.1296,12.4611,13.7141,18.6577,23.5366, 24.7926,27.622,,9.8226,12.3316,3.1675,,18.4691,ms,127.2378474071521,686.9385930882745
Server Offset SHM(1),-27.052,-2.111,-0.51,0.012,0.556, 1.79,14.332,,1.066,3.901,0.6007,,0.0001,µs,-6.94343212867578,117.27129357347975
TDOP,0.59,0.67,0.74,1.1,11.23, 44.11,231.4,,10.49,43.44,10.9293,,3.3726, ,8.960489645596322,145.11562676025045
Temp ZONE0,51.25,52.9,53.45,55.65,57.85, 59.5,61.15,,4.4,6.6,1.3521,,55.7477,°C,65227.885255480054,2628967.0695883245
nSats,8.0,10.0,11.0,13.0,15.0, 16.0,16.0,,4.0,6.0,1.3423,,13.4492,nSat,760.3185182526576,7092.074783360179
