Name,Min,1%,5%,50%,95%,99%,Max,,90% Range,98% Range,StdDev,,Mean,Units,Skewness,Kurtosis
Local Clock Frequency Offset,8.2998,8.4535,8.5764,8.9303,9.021, 9.0492,9.1134,,0.4446,0.5957,0.1354,,8.8896,ppm,270183.6991062723,17474843.022637468
Local Clock Time Offset,-17.831,-2.093,-0.441,0.006,0.512, 1.744,9.082,,0.953,3.837,0.5564,,-0.0001,µs,-6.197742799881461,74.09017867123539
Local RMS Frequency Jitter,0.217,0.609,0.797,1.724,8.246, 17.76,50.067,,7.449,17.151,3.2312,,2.9122,ppb,3.248156963265816,19.27624775073298
Local RMS Time Jitter,0.035,0.095,0.126,0.265,1.063, 1.946,7.588,,0.937,1.851,0.3692,,0.3946,µs,3.8082831750739037,25.920939562473208
Server Jitter SHM(0),0.0,0.3468,0.5364,1.3872,3.3987, 5.3228,9.0856,,2.8623,4.976,0.9507,,1.6014,ms,4.304823391211763,16.9827358739449
Server Jitter SHM(1),0.0,0.046,0.073,0.211,1.569, 3.429,17.371,,1.496,3.383,0.6668,,0.4289,µs,3.8133280244993277,34.36348294656575
Server Offset SHM(0),9.011,12.7693,13.993,18.8859,23.7703, 24.9586,27.9278,,9.7773,12.1892,3.1841,,18.7411,ms,131.30047950659247,715.2865560940592
Server Offset SHM(1),-17.832,-2.094,-0.442,0.007,0.513, 1.745,9.083,,0.955,3.839,0.5568,,-0.0,µs,-6.193301506867737,73.93720833589818
TDOP,0.61,0.68,0.73,1.1,6.42, 24.75,124.37,,5.69,24.07,6.3908,,2.3225, ,10.104593616484491,163.5136186428491
Temp ZONE0,47.4,48.5,49.6,55.1,58.95, 60.6,62.8,,9.35,12.1,2.8386,,54.6518,°C,6135.903257905279,112989.13779215622
nSats,9.0,11.0,12.0,14.0,16.0, 16.0,16.0,,4.0,5.0,1.1824,,13.7236,nSat,1224.677918653215,13319.778163256771
