Name,Min,1%,5%,50%,95%,99%,Max,,90% Range,98% Range,StdDev,,Mean,Units,Skewness,Kurtosis
Local Clock Frequency Offset,8.7353,8.9625,9.0359,9.1598,9.2314, 9.2629,9.3479,,0.1956,0.3004,0.0585,,9.1523,ppm,3762362.123775846,585216241.8941574
Local Clock Time Offset,-17.378,-2.294,-0.484,0.005,0.532, 1.97,9.541,,1.016,4.264,0.6104,,-0.0001,µs,-6.272544732888676,79.61978281890143
Local RMS Frequency Jitter,0.345,0.683,0.862,1.849,9.893, 18.26,52.954,,9.031,17.577,3.5582,,3.1794,ppb,3.2417135225157114,20.428187662889005
Local RMS Time Jitter,0.056,0.108,0.137,0.279,1.239, 2.061,8.265,,1.102,1.953,0.4187,,0.4265,µs,4.000043752742424,30.293761697864227
Server Jitter SHM(0),0.1039,0.336,0.5102,1.3639,3.3084, 5.1633,9.5708,,2.7982,4.8273,0.9306,,1.5634,ms,4.315400715452363,17.483465019347854
Server Jitter SHM(1),0.013,0.05,0.075,0.226,1.807, 3.71,16.814,,1.732,3.66,0.7419,,0.4681,µs,3.7654685260560727,35.09447735501745
Server Offset SHM(0),10.0022,12.2856,13.4946,18.6498,23.7192, 25.1346,27.6661,,10.2247,12.849,3.2622,,18.4182,ms,114.27753809237575,598.5294292188732
Server Offset SHM(1),-17.379,-2.295,-0.485,0.006,0.533, 1.971,9.542,,1.018,4.266,0.6108,,-0.0,µs,-6.268516302514147,79.47360536653578
TDOP,0.62,0.68,0.75,1.12,7.91, 28.42,207.04,,7.16,27.74,10.013,,2.8882, ,11.866113413914356,212.48469599478324
Temp ZONE0,49.6,51.25,51.8,54.0,56.2, 57.3,60.05,,4.4,6.05,1.3792,,54.2018,°C,56296.00757538179,2160525.76379517
nSats,4.0,9.0,11.0,14.0,15.0, 16.0,16.0,,4.0,7.0,1.4648,,13.4406,nSat,569.5876840385154,4830.480358875534
