Name,Min,1%,5%,50%,95%,99%,Max,,90% Range,98% Range,StdDev,,Mean,Units,Skewness,Kurtosis
Local Clock Frequency Offset,8.9218,9.0924,9.1346,9.2551,9.3354, 9.3735,9.4474,,0.2009,0.281,0.0602,,9.2489,ppm,3561142.106746877,543862953.9990766
Local Clock Time Offset,-19.464,-2.291,-0.623,0.012,0.638, 1.926,10.888,,1.261,4.217,0.6417,,-0.0001,µs,-6.146974591544549,76.57918698462568
Local RMS Frequency Jitter,0.485,1.045,1.301,2.439,9.728, 18.625,58.03,,8.427,17.58,3.4728,,3.6204,ppb,4.103836996929912,27.83180432312728
Local RMS Time Jitter,0.086,0.161,0.199,0.359,1.231, 2.117,10.366,,1.032,1.956,0.4134,,0.4901,µs,5.210897172191143,46.2625788412932
Server Jitter SHM(0),0.1349,0.3191,0.4952,1.3656,3.2761, 5.1285,9.0222,,2.7808,4.8094,0.9243,,1.5582,ms,4.292742791818447,17.283167161607267
Server Jitter SHM(1),0.022,0.084,0.128,0.344,1.819, 3.691,20.915,,1.691,3.607,0.7316,,0.5656,µs,4.552918859311556,45.027397615212664
Server Offset SHM(0),8.2278,12.3811,13.6544,18.6808,23.4237, 24.7918,28.1807,,9.7692,12.4107,3.1981,,18.4277,ms,122.2750943610303,652.2965009646298
Server Offset SHM(1),-19.465,-2.292,-0.624,0.013,0.639, 1.927,10.889,,1.263,4.219,0.6421,,-0.0,µs,-6.142603117487616,76.41523258796937
TDOP,0.62,0.67,0.72,1.11,8.78, 26.77,257.86,,8.06,26.1,9.1441,,2.6989, ,15.15863525245413,369.2349122182544
Temp ZONE0,50.7,51.25,52.35,54.55,58.4, 59.5,61.15,,6.05,8.25,1.9837,,54.8054,°C,18962.166124505355,507118.2706010654
nSats,9.0,10.0,11.0,14.0,16.0, 16.0,16.0,,5.0,6.0,1.2801,,13.5534,nSat,909.8509715201345,8993.44723177071
