Name,Min,1%,5%,50%,95%,99%,Max,,90% Range,98% Range,StdDev,,Mean,Units,Skewness,Kurtosis
Local Clock Frequency Offset,7.5782,7.7559,7.8702,8.0194,8.1473, 8.2165,8.3251,,0.2771,0.4606,0.0885,,8.0165,ppm,718045.3262009518,64314671.14168579
Local Clock Time Offset,-15.303,-2.194,-0.411,0.0,0.501, 1.822,7.979,,0.912,4.016,0.5539,,-0.0,µs,-6.019659696313691,66.68952756248297
Local RMS Frequency Jitter,0.258,0.525,0.683,1.634,8.697, 17.106,42.94,,8.014,16.581,3.2415,,2.8717,ppb,2.8876059232704914,16.091292736814253
Local RMS Time Jitter,0.039,0.082,0.106,0.242,1.05, 1.911,6.09,,0.944,1.829,0.3748,,0.3794,µs,3.395910931851555,21.456999179837904
Server Jitter SHM(0),0.1386,0.358,0.5456,1.411,3.6438, 5.6137,23.462,,3.0982,5.2558,1.0704,,1.6646,ms,4.753303412130029,34.13430036422986
Server Jitter SHM(1),0.009,0.037,0.056,0.178,1.68, 3.346,14.89,,1.624,3.309,0.6738,,0.4119,µs,3.2336007170221612,27.025671278729362
Server Offset SHM(0),-7.8576,11.1371,13.433,18.5686,23.6505, 25.1027,27.5605,,10.2175,13.9657,3.3147,,18.3609,ms,107.05567144280067,549.1108405289054
Server Offset SHM(1),-15.304,-2.195,-0.412,0.001,0.502, 1.823,7.98,,0.914,4.018,0.5543,,-0.0,µs,-6.015998299848091,66.56736906629548
TDOP,0.6,0.67,0.75,1.17,7.64, 34.47,125.51,,6.89,33.8,7.8565,,2.7962, ,7.520146210042316,94.94091430543372
Temp ZONE0,47.4,49.6,50.15,52.35,56.2, 58.4,60.05,,6.05,8.8,1.7651,,52.6511,°C,24045.650432606224,695791.11722635
nSats,5.0,9.0,11.0,14.0,15.0, 16.0,16.0,,4.0,7.0,1.3802,,13.5255,nSat,706.9493559823112,6435.360612485313
