Name,Min,1%,5%,50%,95%,99%,Max,,90% Range,98% Range,StdDev,,Mean,Units,Skewness,Kurtosis
Local Clock Frequency Offset,8.7569,9.042,9.1032,9.253,9.3376, 9.3726,9.4502,,0.2344,0.3306,0.0714,,9.241,ppm,2119292.6667818343,272253378.3567098
Local Clock Time Offset,-18.902,-2.338,-0.509,0.007,0.57, 1.96,9.168,,1.079,4.298,0.6211,,0.0,µs,-6.387554527214747,79.38981695637848
Local RMS Frequency Jitter,0.432,0.794,0.99,2.01,9.766, 18.633,56.696,,8.776,17.839,3.5494,,3.3134,ppb,3.4849063087396623,22.569358901398157
Local RMS Time Jitter,0.066,0.127,0.162,0.313,1.251, 2.061,8.215,,1.089,1.934,0.4108,,0.454,µs,4.173317839379535,30.596457429036914
Server Jitter SHM(0),0.0922,0.3245,0.4926,1.3338,3.4306, 5.5244,29.4295,,2.9379,5.1999,1.0447,,1.5696,ms,4.829800349895549,38.37049373733297
Server Jitter SHM(1),0.013,0.062,0.094,0.255,1.831, 3.728,18.263,,1.737,3.666,0.7419,,0.4958,µs,3.9860580329099964,37.990002548512415
Server Offset SHM(0),-8.5941,11.5999,13.3151,18.4971,23.4138, 24.8185,27.8174,,10.0987,13.2186,3.2527,,18.285,ms,112.50060609504916,585.3589586511777
Server Offset SHM(1),-18.903,-2.339,-0.51,0.008,0.571, 1.961,9.169,,1.081,4.3,0.6215,,0.0,µs,-6.3831702450810415,79.23713241040208
TDOP,0.61,0.65,0.73,1.09,8.07, 31.12,140.25,,7.34,30.47,7.0616,,2.5688, ,8.888427812100963,135.5410807404723
Temp ZONE0,48.5,50.7,51.8,54.0,57.85, 59.5,61.15,,6.05,8.8,1.6941,,54.2722,°C,29990.88670731756,933764.0907299246
nSats,4.0,10.0,11.0,14.0,15.0, 16.0,17.0,,4.0,6.0,1.3913,,13.5407,nSat,690.9930803509848,6242.231365593611
