Name,Min,1%,5%,50%,95%,99%,Max,,90% Range,98% Range,StdDev,,Mean,Units,Skewness,Kurtosis
Local Clock Frequency Offset,8.1671,8.3334,8.3812,8.4597,8.5259, 8.5571,8.6108,,0.1447,0.2237,0.0439,,8.4562,ppm,7020648.757653313,1344394115.9431202
Local Clock Time Offset,-19.199,-2.135,-0.366,0.003,0.558, 1.625,6.934,,0.924,3.76,0.5718,,0.0,µs,-7.105726899768924,88.82173627246306
Local RMS Frequency Jitter,0.182,0.473,0.633,1.431,8.364, 18.724,53.07,,7.731,18.251,3.4645,,2.8248,ppb,2.8758097061772654,16.970190060245635
Local RMS Time Jitter,0.028,0.075,0.104,0.231,1.147, 2.245,8.426,,1.043,2.17,0.4289,,0.3938,µs,3.3507912299765583,22.43934244820003
Server Jitter SHM(0),0.1428,0.3833,0.5852,1.4844,3.6602, 5.5731,10.0437,,3.075,5.1899,1.0096,,1.7218,ms,4.332690170321629,16.668428100771767
Server Jitter SHM(1),0.01,0.039,0.061,0.171,1.69, 3.676,19.238,,1.629,3.637,0.7099,,0.4062,µs,3.5660348271040956,32.99946745886011
Server Offset SHM(0),8.3829,11.8311,13.4409,18.5168,23.7929, 25.1153,28.6566,,10.352,13.2842,3.2865,,18.481,ms,112.70441387699057,587.585196061052
Server Offset SHM(1),-19.2,-2.136,-0.367,0.004,0.559, 1.625,6.935,,0.926,3.761,0.5722,,0.0001,µs,-7.100369121806963,88.6590606051546
TDOP,0.61,0.68,0.73,1.13,7.93, 39.8,157.92,,7.2,39.12,8.1873,,2.8828, ,8.558442475226201,131.9842141137271
Temp ZONE0,51.25,51.8,52.9,55.1,58.4, 59.5,60.6,,5.5,7.7,1.6512,,55.1497,°C,34111.94919994588,1108461.940229795
nSats,5.0,5.0,5.0,13.0,15.0, 16.0,16.0,,10.0,11.0,3.0259,,12.369,nSat,37.256144817007325,134.30272207290918
