Name,Min,1%,5%,50%,95%,99%,Max,,90% Range,98% Range,StdDev,,Mean,Units,Skewness,Kurtosis
Local Clock Frequency Offset,7.9992,8.178,8.3512,8.5783,8.6989, 8.7253,8.8096,,0.3477,0.5473,0.1074,,8.5685,ppm,488707.8282391981,38506660.0265604
Local Clock Time Offset,-18.542,-1.943,-0.463,0.006,0.562, 1.709,8.917,,1.025,3.652,0.5641,,0.0,µs,-6.14634085486352,75.08101066282298
Local RMS Frequency Jitter,0.0,0.601,0.792,1.679,8.084, 18.214,51.26,,7.292,17.613,3.2933,,2.9325,ppb,3.248115934585211,19.35487420779091
Local RMS Time Jitter,0.039,0.095,0.126,0.258,1.016, 2.106,8.291,,0.89,2.011,0.3801,,0.3903,µs,3.9598348704871085,27.536188354654566
Server Jitter SHM(0),0.0,0.3881,0.5909,1.5044,3.5347, 5.4034,11.1708,,2.9438,5.0153,0.9687,,1.7134,ms,4.618401832650206,18.227897878901423
Server Jitter SHM(1),0.0,0.05,0.077,0.215,1.62, 3.402,18.441,,1.543,3.352,0.6758,,0.4384,µs,3.8673452694755626,35.18334479136155
Server Offset SHM(0),8.1517,12.4045,13.6928,18.8182,24.0171, 25.3275,30.2253,,10.3243,12.923,3.2611,,18.7466,ms,121.342199310828,646.3071071817734
Server Offset SHM(1),-178180.801,-1.944,-0.464,0.007,0.563, 1.71,8.918,,1.027,3.654,324.0229,,-0.5892,µs,-553.9074974909696,304598.779047561
TDOP,0.59,0.67,0.73,1.16,7.06, 25.65,229.0,,6.33,24.98,9.7891,,2.7482, ,13.298893713965002,265.01812885010577
Temp ZONE0,48.5,49.05,50.15,53.45,58.4, 59.5,61.15,,8.25,10.45,2.2379,,53.8005,°C,12301.123731380792,285050.69036604825
nSats,5.0,5.0,11.0,14.0,15.0, 16.0,16.0,,4.0,11.0,1.7996,,13.3385,nSat,280.8510013745782,1895.9252621458377
