Name,Min,1%,5%,50%,95%,99%,Max,,90% Range,98% Range,StdDev,,Mean,Units,Skewness,Kurtosis
Local Clock Frequency Offset,6.9737,7.2996,7.3774,7.5594,7.6805, 7.7409,7.872,,0.3031,0.4413,0.0908,,7.5483,ppm,553718.1305818153,45482630.71508121
Local Clock Time Offset,-18.0,-2.228,-0.4,0.002,0.591, 1.709,8.033,,0.991,3.937,0.599,,0.0,µs,-7.608241943998147,106.64648546505377
Local RMS Frequency Jitter,0.221,0.563,0.755,1.718,8.974, 19.039,49.735,,8.219,18.476,3.5707,,3.0386,ppb,3.2583319367301327,20.376843497505686
Local RMS Time Jitter,0.034,0.088,0.12,0.274,1.245, 2.248,9.338,,1.125,2.16,0.4488,,0.4336,µs,3.775439756175567,28.516509010270248
Server Jitter SHM(0),0.1946,0.564,0.8579,2.1026,7.9181, 12.4597,49.6075,,7.0603,11.8957,2.47,,2.9248,ms,3.6114747146198973,24.491809824813952
Server Jitter SHM(1),0.0,0.048,0.075,0.209,1.66, 3.676,18.0,,1.585,3.628,0.7318,,0.4394,µs,4.22163532394026,42.92697979981702
Server Offset SHM(0),-74.9031,-54.6785,-44.7295,-16.5086,-1.6171, 3.794,24.4059,,43.1124,58.4725,13.0316,,-18.8479,ms,-22.766747206087263,82.77671162438835
Server Offset SHM(1),-18.0,-2.229,-0.401,0.003,0.592, 1.71,8.034,,0.993,3.939,0.5994,,0.0001,µs,-7.60188506724838,106.43780417074525
Temp ZONE0,47.4,48.5,49.6,51.8,55.65, 57.3,60.6,,6.05,8.8,1.8466,,52.1355,°C,20280.741596274907,554601.7756809143
