Name,Min,1%,5%,50%,95%,99%,Max,,90% Range,98% Range,StdDev,,Mean,Units,Skewness,Kurtosis
Local Clock Frequency Offset,6.9737,7.2955,7.3668,7.5583,7.6787, 7.7357,7.8546,,0.3119,0.4402,0.0934,,7.5446,ppm,507471.03486604034,40490190.44486088
Local Clock Time Offset,-18.0,-2.223,-0.402,0.002,0.59, 1.704,8.033,,0.992,3.927,0.5981,,0.0001,µs,-7.5910398961392795,105.91982597098685
Local RMS Frequency Jitter,0.221,0.563,0.757,1.723,8.952, 19.104,61.84,,8.195,18.541,3.5754,,3.0386,ppb,3.3024301387796067,21.080364196647967
Local RMS Time Jitter,0.034,0.088,0.12,0.274,1.242, 2.252,9.338,,1.122,2.164,0.4476,,0.4336,µs,3.773553729921295,28.300019905906915
Server Jitter SHM(0),0.1946,0.574,0.8697,2.1394,8.1278, 12.688,70.6249,,7.2581,12.1139,2.6733,,3.0086,ms,4.694715361359779,52.73316202928675
Server Jitter SHM(1),0.0,0.048,0.075,0.21,1.656, 3.678,18.0,,1.581,3.63,0.7306,,0.4397,µs,4.221683653261152,42.68047683771824
Server Offset SHM(0),-74.9031,-54.6823,-44.7299,-16.5594,-0.9372, 5.5842,61.2309,,43.7927,60.2665,13.5936,,-18.6295,ms,-20.80862540614908,73.5558743870886
Server Offset SHM(1),-18.0,-2.224,-0.403,0.003,0.591, 1.705,8.034,,0.994,3.929,0.5985,,0.0001,µs,-7.584691232592991,105.7122346307269
Temp ZONE0,47.4,48.5,49.6,51.8,55.65, 57.85,60.6,,6.05,9.35,1.8618,,52.1562,°C,19796.482903916105,537039.0467369456
