Name,Min,1%,5%,50%,95%,99%,Max,,90% Range,98% Range,StdDev,,Mean,Units,Skewness,Kurtosis
Local Clock Frequency Offset,8.6093,8.7885,8.8791,9.0074,9.0792, 9.1041,9.1581,,0.2001,0.3156,0.0627,,8.9995,ppm,2895782.567299669,412791015.6141164
Local Clock Time Offset,-28.019,-2.091,-0.5,0.009,0.545, 1.779,12.419,,1.045,3.87,0.5923,,0.0001,µs,-6.92324489770875,117.69077526881493
Local RMS Frequency Jitter,0.302,0.706,0.916,1.889,8.35, 18.644,77.407,,7.434,17.938,3.447,,3.092,ppb,4.006726019354047,32.246537819839915
Local RMS Time Jitter,0.043,0.113,0.147,0.292,1.084, 2.112,14.26,,0.937,1.999,0.4092,,0.424,µs,5.41483116784672,65.17423769942732
Server Jitter SHM(0),0.1314,0.3426,0.5172,1.4077,3.3161, 5.1167,12.1115,,2.7988,4.7741,0.9336,,1.5995,ms,4.402616883943419,18.009008023920767
Server Jitter SHM(1),0.014,0.057,0.09,0.249,1.614, 3.613,28.042,,1.524,3.556,0.7086,,0.4681,µs,4.872790117612894,60.80832530809625
Server Offset SHM(0),3.139,12.0042,13.5781,18.6539,23.8133, 25.2833,29.0327,,10.2351,13.2791,3.2866,,18.4803,ms,112.70272201303092,587.7310341943663
Server Offset SHM(1),-28.02,-2.092,-0.5,0.01,0.546, 1.78,12.42,,1.046,3.872,0.5927,,0.0001,µs,-6.91733312085302,117.42322532247684
TDOP,0.59,0.66,0.73,1.13,9.29, 35.95,117.9,,8.56,35.29,7.5796,,2.9586, ,6.622479511853914,78.81546255597462
Temp ZONE0,50.15,51.25,52.35,55.1,58.4, 58.95,60.6,,6.05,7.7,1.6399,,55.1304,°C,34802.960045187676,1138441.1254436814
nSats,8.0,10.0,11.0,14.0,16.0, 16.0,16.0,,5.0,6.0,1.2977,,13.6055,nSat,881.3648032599801,8623.43663517341
