Name,Min,1%,5%,50%,95%,99%,Max,,90% Range,98% Range,StdDev,,Mean,Units,Skewness,Kurtosis
Local Clock Frequency Offset,8.1748,8.3357,8.5091,8.846,8.983, 9.0235,9.1139,,0.4739,0.6878,0.1488,,8.8094,ppm,197202.41128829497,11485033.08319665
Local Clock Time Offset,-21.414,-2.044,-0.461,0.003,0.554, 1.811,17.088,,1.015,3.855,0.5793,,0.0001,µs,-6.43567646646511,105.59989087261528
Local RMS Frequency Jitter,0.0,0.613,0.808,1.762,8.322, 18.22,87.565,,7.514,17.607,3.398,,2.9914,ppb,3.761788714614601,30.95546873533739
Local RMS Time Jitter,0.036,0.095,0.127,0.268,1.059, 2.03,11.273,,0.932,1.935,0.3922,,0.3996,µs,4.75820879650498,49.280572059446214
Server Jitter SHM(0),0.0,0.3379,0.5291,1.4065,3.3542, 5.2988,9.5374,,2.8251,4.9609,0.945,,1.6134,ms,4.366714533501098,17.32692742030007
Server Jitter SHM(1),0.0,0.048,0.075,0.219,1.612, 3.461,24.439,,1.537,3.413,0.6942,,0.4413,µs,4.575219678505784,57.16740623491027
Server Offset SHM(0),8.7442,12.9355,13.9802,18.9806,23.8758, 25.1951,28.6178,,9.8956,12.2596,3.1826,,18.8565,ms,134.23314653277941,736.0572431955028
Server Offset SHM(1),-224214.603,-2.046,-0.462,0.004,0.555, 1.814,17.089,,1.017,3.86,559.6128,,-1.4383,µs,-393.4006212904315,153334.28699774732
TDOP,0.58,0.65,0.73,1.09,5.69, 18.23,94.33,,4.96,17.58,4.7864,,2.1106, ,9.042867754563671,133.79794973139053
Temp ZONE0,45.75,47.4,49.05,52.9,55.65, 56.75,58.4,,6.6,9.35,2.0267,,52.5729,°C,15586.360261408416,390548.8870633449
nSats,9.0,10.0,11.0,14.0,16.0, 16.0,16.0,,5.0,6.0,1.2898,,13.6875,nSat,916.6415494124147,9080.410665139694
