Name,Min,1%,5%,50%,95%,99%,Max,,90% Range,98% Range,StdDev,,Mean,Units,Skewness,Kurtosis
Local Clock Frequency Offset,8.7759,9.0283,9.0922,9.1596,9.2245, 9.2442,9.3077,,0.1323,0.2159,0.0395,,9.1597,ppm,12320689.798786636,2845746733.592474
Local Clock Time Offset,-36.355,-2.103,-0.52,0.015,0.537, 1.738,16.386,,1.057,3.841,0.6153,,-0.0,µs,-8.231936508086212,195.09428906927727
Local RMS Frequency Jitter,0.332,0.762,0.978,1.968,8.359, 18.812,101.975,,7.381,18.05,3.6237,,3.1636,ppb,5.049419291745475,56.29493031058572
Local RMS Time Jitter,0.053,0.122,0.158,0.31,1.102, 2.203,17.271,,0.944,2.081,0.4417,,0.4431,µs,6.649021966202483,98.95183338502818
Server Jitter SHM(0),0.1024,0.3348,0.4982,1.3619,3.3673, 5.2809,9.1724,,2.8691,4.946,0.9538,,1.5722,ms,4.122480529297262,16.178307182522964
Server Jitter SHM(1),0.011,0.064,0.099,0.267,1.609, 3.636,35.152,,1.51,3.572,0.743,,0.4842,µs,6.24366348114824,103.8610646487582
Server Offset SHM(0),9.667,12.5622,13.8374,18.7633,23.4304, 24.774,27.9231,,9.593,12.2118,3.1259,,18.4445,ms,132.4019796499511,723.1379771188216
Server Offset SHM(1),-36.356,-2.104,-0.521,0.016,0.538, 1.739,16.387,,1.059,3.843,0.6157,,0.0,µs,-8.223637285065623,194.63735291722003
TDOP,0.61,0.67,0.74,1.12,9.61, 54.68,215.28,,8.87,54.01,11.6877,,3.4556, ,7.652271080799928,108.1576202631001
Temp ZONE0,50.7,52.9,54.0,56.75,58.95, 60.6,62.8,,4.95,7.7,1.5075,,56.5916,°C,48896.21052483928,1790675.9583497103
nSats,9.0,10.0,11.0,14.0,15.0, 16.0,17.0,,4.0,6.0,1.2646,,13.5683,nSat,949.6555063048398,9512.823998986327
