Name,Min,1%,5%,50%,95%,99%,Max,,90% Range,98% Range,StdDev,,Mean,Units,Skewness,Kurtosis
Local Clock Frequency Offset,8.699,8.9239,8.9639,9.0559,9.1284, 9.1518,9.225,,0.1645,0.2278,0.0468,,9.0534,ppm,7107832.488410966,1366699396.679745
Local Clock Time Offset,-27.051,-2.112,-0.509,0.011,0.557, 1.774,14.331,,1.066,3.886,0.5973,,-0.0,µs,-6.70963669352013,111.82793517743318
Local RMS Frequency Jitter,0.307,0.71,0.921,1.91,8.479, 18.573,77.814,,7.558,17.863,3.4654,,3.1297,ppb,4.024598504671585,33.72798021857479
Local RMS Time Jitter,0.053,0.114,0.148,0.297,1.099, 2.098,12.565,,0.951,1.984,0.4095,,0.4303,µs,5.240554208292968,58.29824735900929
Server Jitter SHM(0),0.1208,0.3365,0.5202,1.4295,3.2868, 5.024,9.5447,,2.7667,4.6875,0.9095,,1.6086,ms,4.550449396773456,17.938791296766915
Server Jitter SHM(1),0.016,0.06,0.093,0.252,1.644, 3.627,25.653,,1.551,3.567,0.7154,,0.4761,µs,4.794852055305452,58.786621299817256
Server Offset SHM(0),10.7555,12.8998,13.8703,18.775,23.5893, 24.8524,27.7696,,9.719,11.9526,3.1292,,18.5466,ms,134.42548503546666,737.8936436565086
Server Offset SHM(1),-27.052,-2.113,-0.51,0.012,0.558, 1.775,14.332,,1.068,3.888,0.5977,,0.0,µs,-6.704167742857182,111.57737572915374
TDOP,0.59,0.67,0.74,1.15,10.32, 37.07,231.4,,9.58,36.4,9.9389,,3.1904, ,10.425969161039397,194.03651551076834
Temp ZONE0,51.25,52.9,53.45,55.65,57.85, 58.95,61.15,,4.4,6.05,1.3546,,55.7032,°C,64704.18362103609,2600875.617492182
nSats,8.0,10.0,11.0,14.0,15.0, 16.0,16.0,,4.0,6.0,1.3464,,13.4789,nSat,758.2254923334681,7065.22849112381
