Name,Min,1%,5%,50%,95%,99%,Max,,90% Range,98% Range,StdDev,,Mean,Units,Skewness,Kurtosis
Local Clock Frequency Offset,7.7049,7.8765,7.9598,8.1848,8.3221, 8.3516,8.4211,,0.3623,0.4751,0.1051,,8.1725,ppm,452424.20403858606,34743479.48203047
Local Clock Time Offset,-19.437,-2.209,-0.457,0.004,0.526, 1.792,9.402,,0.983,4.001,0.5592,,-0.0001,µs,-6.0628652207731495,68.97024083276803
Local RMS Frequency Jitter,0.334,0.611,0.79,1.752,8.808, 16.599,56.893,,8.018,15.988,3.2033,,2.9754,ppb,3.0735004518814826,18.46343668923805
Local RMS Time Jitter,0.051,0.095,0.123,0.26,1.06, 1.892,9.017,,0.937,1.797,0.3721,,0.3944,µs,3.76231141939466,27.582961449646742
Server Jitter SHM(0),0.1011,0.3336,0.5135,1.3839,3.655, 5.6249,14.2968,,3.1415,5.2912,1.0453,,1.6266,ms,4.098036009246502,19.08272229563595
Server Jitter SHM(1),0.012,0.043,0.065,0.206,1.697, 3.329,18.5,,1.632,3.286,0.6714,,0.4354,µs,3.425633935619843,30.422836584879224
Server Offset SHM(0),3.1758,11.7863,13.1986,18.2827,23.0891, 24.7567,28.6811,,9.8905,12.9704,3.2195,,18.0791,ms,112.16023138694905,583.696202140513
Server Offset SHM(1),-19.438,-2.21,-0.458,0.005,0.527, 1.793,9.403,,0.985,4.003,0.5596,,-0.0,µs,-6.058858180819255,68.83437001784745
TDOP,0.64,0.69,0.76,1.15,9.66, 50.22,269.61,,8.9,49.53,12.2835,,3.3705, ,10.043198868382417,174.88313955337856
Temp ZONE0,47.95,49.05,50.15,52.9,56.75, 58.4,60.6,,6.6,9.35,1.9778,,53.2036,°C,17454.261688079157,454138.483602198
nSats,8.0,10.0,11.0,14.0,16.0, 16.0,16.0,,5.0,6.0,1.3404,,13.6215,nSat,796.020932150963,7533.037670005081
