Name,Min,1%,5%,50%,95%,99%,Max,,90% Range,98% Range,StdDev,,Mean,Units,Skewness,Kurtosis
Local Clock Frequency Offset,8.0592,8.1827,8.2935,8.4727,8.5616, 8.5963,8.6729,,0.2681,0.4136,0.0768,,8.4624,ppm,1300068.1651405895,141914378.46815315
Local Clock Time Offset,-14.443,-2.177,-0.367,0.003,0.563, 1.653,6.955,,0.93,3.83,0.5775,,-0.0,µs,-6.841099203699735,79.93242922331869
Local RMS Frequency Jitter,0.182,0.484,0.639,1.434,8.471, 18.97,39.907,,7.832,18.486,3.5024,,2.8491,ppb,2.814420026167231,15.924375450863561
Local RMS Time Jitter,0.028,0.076,0.105,0.231,1.164, 2.281,5.91,,1.059,2.205,0.4325,,0.3971,µs,3.1989460556071982,19.470390637234438
Server Jitter SHM(0),0.1416,0.3778,0.5773,1.4512,3.5568, 5.4748,10.0437,,2.9794,5.097,0.9861,,1.6841,ms,4.3807711413968855,17.121313461503192
Server Jitter SHM(1),0.01,0.04,0.061,0.171,1.707, 3.76,14.397,,1.646,3.72,0.7163,,0.4091,µs,3.427702675618951,29.58983255353292
Server Offset SHM(0),8.7484,12.3686,13.7582,18.8598,24.0073, 25.2417,27.6992,,10.2491,12.8731,3.2624,,18.747,ms,121.17951934008731,645.0438132767483
Server Offset SHM(1),-14.444,-2.178,-0.368,0.004,0.564, 1.654,6.956,,0.932,3.832,0.5779,,-0.0,µs,-6.836291945510057,79.79265646363977
TDOP,0.59,0.67,0.73,1.13,7.37, 33.8,157.92,,6.64,33.13,7.2282,,2.6841, ,9.007893231743362,153.12456288951591
Temp ZONE0,48.5,49.6,51.25,54.55,58.4, 59.5,60.05,,7.15,9.9,2.0591,,54.6559,°C,16742.781404926413,429632.1765075016
nSats,5.0,5.0,5.0,13.0,15.0, 16.0,16.0,,10.0,11.0,3.0075,,12.5015,nSat,39.416834187384644,144.2482765003909
