Name,Min,1%,5%,50%,95%,99%,Max,,90% Range,98% Range,StdDev,,Mean,Units,Skewness,Kurtosis
Local Clock Frequency Offset,8.2575,8.4981,8.8533,9.1392,9.184, 9.2154,9.2975,,0.3307,0.7173,0.1223,,9.1133,ppm,397652.2611960369,29251892.212426055
Local Clock Time Offset,-20.73,-2.089,-0.496,0.013,0.533, 1.735,12.565,,1.029,3.824,0.5837,,-0.0001,µs,-6.565370328317778,92.06614654606112
Local RMS Frequency Jitter,0.303,0.682,0.892,1.866,8.248, 18.334,65.415,,7.356,17.652,3.3873,,3.0578,ppb,3.8707493821974133,28.88881298046598
Local RMS Time Jitter,0.049,0.108,0.143,0.29,1.085, 2.092,9.411,,0.942,1.984,0.4012,,0.4217,µs,4.675244894902081,40.93624346249168
Server Jitter SHM(0),0.1355,0.3513,0.536,1.3946,3.4953, 5.3909,8.3525,,2.9593,5.0397,0.9711,,1.6189,ms,4.228290907795164,16.497312756058175
Server Jitter SHM(1),0.011,0.054,0.085,0.241,1.605, 3.577,19.435,,1.52,3.523,0.7012,,0.4608,µs,4.511941385806864,48.290360138552984
Server Offset SHM(0),9.2672,12.4908,13.8006,18.7104,23.6698, 24.96,28.5299,,9.8691,12.4693,3.1776,,18.5605,ms,128.01756807094614,692.71086933259
Server Offset SHM(1),-20.731,-2.09,-0.497,0.014,0.534, 1.736,12.566,,1.031,3.826,0.5841,,0.0,µs,-6.560150171568781,91.86671081469787
TDOP,0.62,0.67,0.72,1.06,6.75, 23.45,237.99,,6.03,22.78,9.5145,,2.5279, ,14.123891373753022,292.3595273577868
Temp ZONE0,45.75,47.95,51.25,56.75,58.95, 60.05,63.35,,7.7,12.1,2.2389,,56.6408,°C,14416.27847837201,351916.52382837096
nSats,8.0,10.0,11.0,14.0,15.0, 16.0,16.0,,4.0,6.0,1.3641,,13.5645,nSat,741.6492889752952,6860.383091939892
