Name,Min,1%,5%,50%,95%,99%,Max,,90% Range,98% Range,StdDev,,Mean,Units,Skewness,Kurtosis
Local Clock Frequency Offset,8.699,8.9418,9.0078,9.0963,9.1473, 9.1603,9.225,,0.1395,0.2185,0.0461,,9.0888,ppm,7526394.294593937,1475044397.272697
Local Clock Time Offset,-28.581,-2.111,-0.514,0.011,0.559, 1.775,16.5,,1.073,3.886,0.6043,,-0.0,µs,-7.104118929709765,132.92747708406696
Local RMS Frequency Jitter,0.307,0.727,0.938,1.926,8.47, 18.612,89.884,,7.532,17.885,3.5272,,3.1431,ppb,4.365521326413383,41.369611652108325
Local RMS Time Jitter,0.053,0.116,0.151,0.3,1.103, 2.143,12.854,,0.952,2.027,0.4234,,0.4346,µs,5.6172274957686055,67.27520632789582
Server Jitter SHM(0),0.1208,0.3496,0.5282,1.4042,3.3252, 5.0991,9.5447,,2.797,4.7495,0.9216,,1.5986,ms,4.481151097684117,17.88298254550431
Server Jitter SHM(1),0.013,0.06,0.093,0.255,1.636, 3.643,26.943,,1.543,3.583,0.726,,0.4784,µs,5.250460011619561,72.92137909655105
Server Offset SHM(0),9.1296,12.3816,13.6678,18.5628,23.4815, 24.7089,27.5713,,9.8137,12.3273,3.1615,,18.4361,ms,127.28776398799172,687.2821523510595
Server Offset SHM(1),-28.582,-2.112,-0.515,0.012,0.56, 1.776,16.501,,1.075,3.888,0.6047,,0.0,µs,-7.097979737435363,132.62608447057107
TDOP,0.6,0.67,0.73,1.1,11.56, 43.07,232.46,,10.83,42.4,10.4243,,3.4136, ,9.090199922374863,159.58136480487903
Temp ZONE0,52.35,52.9,54.0,55.65,57.85, 58.95,60.6,,3.85,6.05,1.3067,,55.871,°C,72933.83288545965,3050727.6813858673
nSats,8.0,10.0,11.0,14.0,15.0, 16.0,16.0,,4.0,6.0,1.3518,,13.522,nSat,756.1721741512852,7039.890939145514
