Name,Min,1%,5%,50%,95%,99%,Max,,90% Range,98% Range,StdDev,,Mean,Units,Skewness,Kurtosis
Local Clock Frequency Offset,7.1165,7.3014,7.4165,7.6043,7.7811, 7.8434,7.9879,,0.3646,0.5419,0.1136,,7.6115,ppm,287473.88857076503,18981445.393173132
Local Clock Time Offset,-21.359,-2.256,-0.412,0.001,0.633, 1.738,8.464,,1.045,3.994,0.606,,0.0002,µs,-7.599768340876856,108.63687147511637
Local RMS Frequency Jitter,0.221,0.567,0.767,1.758,9.103, 18.966,59.001,,8.336,18.399,3.587,,3.0949,ppb,3.3038591808316156,21.38545145639914
Local RMS Time Jitter,0.038,0.087,0.12,0.277,1.252, 2.221,9.338,,1.132,2.134,0.4511,,0.4373,µs,3.9139650473836967,31.767434708700392
Server Jitter SHM(0),0.1002,0.4539,0.6897,1.6658,3.7985, 5.1394,11.0291,,3.1088,4.6855,0.9857,,1.88,ms,4.89012117476634,16.945659407460006
Server Jitter SHM(1),0.009,0.048,0.075,0.213,1.689, 3.65,21.339,,1.614,3.602,0.7365,,0.447,µs,4.263505634088592,45.23086896420337
Server Offset SHM(0),-31.1292,-22.9435,-19.9178,-10.5366,0.4029, 4.8885,12.3734,,20.3206,27.832,6.1968,,-10.2454,ms,-26.41022545659241,92.14114594717536
Server Offset SHM(1),-21.36,-2.257,-0.413,0.002,0.634, 1.739,8.465,,1.047,3.996,0.6064,,0.0002,µs,-7.593374187709342,108.42027965598456
Temp ZONE0,46.3,48.5,49.05,51.25,54.55, 55.65,56.75,,5.5,7.15,1.5664,,51.539,°C,32568.91153899586,1042163.1534658325
