Name,Min,1%,5%,50%,95%,99%,Max,,90% Range,98% Range,StdDev,,Mean,Units,Skewness,Kurtosis
Local Clock Frequency Offset,7.0659,7.1886,7.2505,7.5091,7.6653, 7.7076,7.8251,,0.4147,0.519,0.1253,,7.4895,ppm,203009.7351849266,11938159.903031178
Local Clock Time Offset,-17.483,-2.19,-0.399,0.002,0.573, 1.705,7.864,,0.972,3.895,0.5869,,0.0001,µs,-7.3296999573826405,99.92421945900396
Local RMS Frequency Jitter,0.221,0.564,0.756,1.708,8.948, 18.596,61.84,,8.192,18.032,3.4932,,3.0008,ppb,3.274538614851886,20.884115664889187
Local RMS Time Jitter,0.031,0.088,0.12,0.271,1.235, 2.189,9.152,,1.115,2.101,0.4374,,0.4285,µs,3.718557870390476,28.01874826597453
Server Jitter SHM(0),0.2364,0.6982,1.024,2.8553,9.6077, 14.2893,70.6249,,8.5837,13.5911,3.0869,,3.8312,ms,3.8845658686260083,32.60436038848982
Server Jitter SHM(1),0.0,0.048,0.074,0.208,1.647, 3.562,17.42,,1.573,3.514,0.7134,,0.4346,µs,4.117126942189464,41.08449259144384
Server Offset SHM(0),-74.9031,-54.6823,-44.7299,-10.2984,17.9182, 24.706,61.2309,,62.648,79.3883,19.9653,,-10.2126,ms,-8.204849440043835,22.60619620180834
Server Offset SHM(1),-17.484,-2.191,-0.4,0.003,0.574, 1.706,7.865,,0.974,3.897,0.5873,,0.0001,µs,-7.323683951570913,99.72652229382801
Temp ZONE0,47.4,47.95,49.05,52.35,56.2, 57.85,60.6,,7.15,9.9,2.1061,,52.2087,°C,13534.757836460183,323714.58196205914
