Name,Min,1%,5%,50%,95%,99%,Max,,90% Range,98% Range,StdDev,,Mean,Units,Skewness,Kurtosis
Local Clock Frequency Offset,8.2415,8.5242,8.6481,8.8496,8.951, 8.9839,9.1023,,0.3029,0.4596,0.0913,,8.8346,ppm,877905.2271288616,84079384.23013423
Local Clock Time Offset,-24.998,-1.966,-0.504,0.006,0.573, 1.78,17.088,,1.077,3.746,0.5904,,0.0,µs,-6.898171041702139,131.25261839438724
Local RMS Frequency Jitter,0.0,0.664,0.871,1.842,8.287, 18.168,87.565,,7.416,17.504,3.4483,,3.0655,ppb,4.238654373756973,39.620379435267814
Local RMS Time Jitter,0.043,0.104,0.138,0.282,1.036, 2.058,11.273,,0.898,1.954,0.4002,,0.4096,µs,5.602433767695079,67.07554546455685
Server Jitter SHM(0),0.0,0.3399,0.5381,1.4087,3.3647, 5.2696,9.5374,,2.8266,4.9296,0.9377,,1.6189,ms,4.44151341929193,17.457069343668103
Server Jitter SHM(1),0.0,0.054,0.085,0.241,1.624, 3.448,24.439,,1.539,3.394,0.7042,,0.4627,µs,5.22958293646305,74.07284083047735
Server Offset SHM(0),8.7442,13.0002,14.0134,19.0883,23.8816, 25.1835,27.8091,,9.8682,12.1833,3.1669,,18.9123,ms,137.8025186421037,761.1728479729925
Server Offset SHM(1),-224214.603,-1.968,-0.505,0.007,0.575, 1.783,17.089,,1.08,3.751,559.6128,,-1.4384,µs,-393.400598311015,153334.27463784697
TDOP,0.62,0.68,0.74,1.1,6.81, 17.86,94.33,,6.07,17.18,4.8665,,2.2005, ,9.478144258731783,150.77668830327588
Temp ZONE0,47.95,49.05,50.15,53.45,55.1, 55.65,56.75,,4.95,6.6,1.4588,,53.1595,°C,44620.824095917276,1585089.5226347737
nSats,8.0,10.0,12.0,14.0,16.0, 16.0,16.0,,4.0,6.0,1.2746,,13.6457,nSat,943.1120556959593,9429.841885088163
