Name,Min,1%,5%,50%,95%,99%,Max,,90% Range,98% Range,StdDev,,Mean,Units,Skewness,Kurtosis
Local Clock Frequency Offset,6.9737,7.3009,7.4121,7.5701,7.6933, 7.7565,7.9155,,0.2813,0.4556,0.0858,,7.5646,ppm,662294.9061033082,57745054.34285039
Local Clock Time Offset,-18.0,-2.248,-0.404,0.001,0.613, 1.712,8.033,,1.017,3.96,0.6002,,-0.0001,µs,-7.630958218121411,105.84443823543258
Local RMS Frequency Jitter,0.221,0.561,0.756,1.73,9.017, 18.976,49.735,,8.261,18.415,3.5649,,3.0595,ppb,3.239729814026327,20.295269975932943
Local RMS Time Jitter,0.034,0.088,0.12,0.274,1.249, 2.237,9.338,,1.129,2.149,0.4492,,0.4353,µs,3.7896223647322698,29.1143261094713
Server Jitter SHM(0),0.1946,0.5487,0.8405,1.9971,6.9666, 11.649,49.6075,,6.1261,11.1003,2.2202,,2.6659,ms,4.313324366011628,35.141463451474124
Server Jitter SHM(1),0.0,0.048,0.075,0.209,1.673, 3.643,18.0,,1.598,3.595,0.7315,,0.4421,µs,4.185691241132284,42.71927451448799
Server Offset SHM(0),-74.9031,-54.6785,-44.6953,-14.8506,-1.0328, 4.0187,24.4059,,43.6625,58.6972,13.2456,,-17.9521,ms,-21.006354782967804,75.69782965656788
Server Offset SHM(1),-18.0,-2.249,-0.405,0.002,0.614, 1.713,8.034,,1.019,3.962,0.6006,,-0.0001,µs,-7.62454410146005,105.63609808403054
Temp ZONE0,47.4,48.5,49.6,51.8,55.1, 57.3,60.6,,5.5,8.8,1.8139,,52.089,°C,21376.710990365333,594866.829005897
