Name,Min,1%,5%,50%,95%,99%,Max,,90% Range,98% Range,StdDev,,Mean,Units,Skewness,Kurtosis
Local Clock Frequency Offset,0.1853,7.9105,7.9812,8.3697,8.4703, 8.4999,16.5363,,0.4891,0.5893,0.176,,8.3063,ppm,98704.77704076533,4566019.053290443
Local Clock Time Offset,-100105.547,-2.214,-0.431,0.004,0.519, 1.713,43004.3,,0.95,3.927,1076.9633,,-11.1829,µs,-69.01668209285064,5587.984409554002
Local RMS Frequency Jitter,0.0,0.575,0.74,1.693,8.196, 18.67,1577.603,,7.456,18.095,13.2213,,3.1067,ppb,76.59751608087197,7257.218435448341
Local RMS Time Jitter,0.047,0.091,0.117,0.255,1.088, 2.256,35392.656,,0.971,2.165,204.5526,,3.4952,µs,99.91946923461191,12747.993772948977
Server Jitter SHM(0),0.0,0.3661,0.5586,1.3864,3.4797, 5.5806,28.113,,2.921,5.2145,1.0441,,1.6247,ms,5.797927125881848,63.974793034202825
Server Jitter SHM(1),0.0,0.043,0.064,0.196,1.629, 3.718,4474.947,,1.565,3.675,81.2473,,2.17,µs,47.40413211652154,2515.2567122537375
Server Offset SHM(0),-79.1723,11.5705,13.3044,18.418,23.4992, 25.0805,59.3964,,10.1948,13.5099,3.4839,,18.2287,ms,86.40346908650461,449.4951961329768
Server Offset SHM(1),-100105.547,-2.216,-0.432,0.005,0.52, 1.714,43004.3,,0.952,3.93,1076.964,,-11.1829,µs,-69.01655369863822,5587.969882691432
TDOP,0.57,0.66,0.72,1.06,6.52, 25.08,268.93,,5.8,24.42,9.1939,,2.5081, ,16.349317411767043,422.3266196859785
Temp ZONE0,46.85,47.95,48.5,54.0,58.4, 60.05,65.55,,9.9,12.1,3.109,,53.9971,°C,4434.171895412146,73377.38022210507
nSats,5.0,9.0,11.0,14.0,16.0, 16.0,16.0,,5.0,7.0,1.4299,,13.4941,nSat,624.8875230011239,5465.756318468821
