Name,Min,1%,5%,50%,95%,99%,Max,,90% Range,98% Range,StdDev,,Mean,Units,Skewness,Kurtosis
Local Clock Frequency Offset,0.1853,7.868,7.9821,8.3087,8.421, 8.452,8.5724,,0.4389,0.584,0.1465,,8.2687,ppm,170463.1093174975,9457132.455233134
Local Clock Time Offset,-100105.547,-2.228,-0.48,0.006,0.544, 1.786,68.67,,1.024,4.014,1029.3398,,-14.8132,µs,-81.50257192126979,6588.290295530471
Local RMS Frequency Jitter,0.0,0.614,0.813,1.838,8.709, 17.402,1577.603,,7.896,16.788,9.6963,,3.1383,ppb,100.41000952610506,13039.921885775268
Local RMS Time Jitter,0.041,0.096,0.127,0.275,1.068, 2.046,35392.656,,0.941,1.95,188.7117,,2.6853,µs,118.70059324507538,17079.723241407533
Server Jitter SHM(0),0.0,0.3444,0.5315,1.3565,3.4698, 5.4588,28.113,,2.9383,5.1143,1.0033,,1.5903,ms,5.051013336664828,45.195856977512264
Server Jitter SHM(1),0.0,0.046,0.072,0.227,1.689, 3.429,4474.947,,1.617,3.383,65.6952,,1.5582,µs,60.325942820061925,3981.1874052311528
Server Offset SHM(0),-79.1723,11.7461,13.2355,18.15,22.9082, 24.4123,28.0758,,9.6727,12.6662,3.3508,,17.9362,ms,93.08784890865866,493.9931732156294
Server Offset SHM(1),-100105.547,-2.229,-0.481,0.007,0.545, 1.787,68.671,,1.026,4.016,1029.3401,,-14.8147,µs,-81.5024969561119,6588.281351802743
TDOP,0.57,0.66,0.73,1.06,7.21, 35.8,152.27,,6.48,35.14,7.7391,,2.7028, ,8.648586259087889,129.4383956849482
Temp ZONE0,46.85,47.95,49.05,53.45,56.2, 57.85,65.55,,7.15,9.9,2.2086,,53.1819,°C,12362.899346186514,286926.36714117695
nSats,8.0,10.0,11.0,14.0,16.0, 16.0,16.0,,5.0,6.0,1.3797,,13.5659,nSat,714.9067743506397,6535.847456891598
