Name,Min,1%,5%,50%,95%,99%,Max,,90% Range,98% Range,StdDev,,Mean,Units,Skewness,Kurtosis
Local Clock Frequency Offset,8.7759,9.061,9.0965,9.1443,9.1771, 9.1898,9.2609,,0.0807,0.1288,0.0262,,9.1411,ppm,42256469.920218006,14718540579.993027
Local Clock Time Offset,-36.355,-2.093,-0.481,0.013,0.526, 1.719,16.386,,1.007,3.812,0.584,,-0.0001,µs,-7.294496976608266,148.57980138915502
Local RMS Frequency Jitter,0.303,0.676,0.877,1.829,8.217, 18.239,101.975,,7.34,17.563,3.4151,,3.0305,ppb,4.324060608552898,44.24066896686005
Local RMS Time Jitter,0.049,0.107,0.141,0.285,1.093, 2.073,17.271,,0.952,1.966,0.4099,,0.4197,µs,5.65727814393084,83.03812824257525
Server Jitter SHM(0),0.1086,0.3594,0.545,1.4216,3.5031, 5.4393,8.3525,,2.9581,5.0799,0.9738,,1.6404,ms,4.277926511255547,16.619661410506346
Server Jitter SHM(1),0.011,0.053,0.084,0.235,1.602, 3.567,35.152,,1.518,3.514,0.7069,,0.4549,µs,5.119210950912209,78.17184263657832
Server Offset SHM(0),9.2672,12.296,13.559,18.6082,23.5544, 24.9195,28.5299,,9.9954,12.6235,3.1979,,18.4064,ms,121.86115604399579,649.9679680023972
Server Offset SHM(1),-36.356,-2.094,-0.482,0.014,0.527, 1.72,16.387,,1.009,3.814,0.5844,,-0.0,µs,-7.287824640988831,148.22657304917075
TDOP,0.61,0.66,0.73,1.08,8.19, 36.1,237.99,,7.46,35.44,10.6668,,2.8598, ,12.463354192717988,240.06505322805768
Temp ZONE0,53.45,54.0,55.1,57.3,58.95, 60.05,63.35,,3.85,6.05,1.2548,,57.2117,°C,88819.6226099869,3966883.1278115185
nSats,8.0,10.0,11.0,14.0,16.0, 16.0,17.0,,5.0,6.0,1.3612,,13.6195,nSat,756.7618390402946,7045.339978714374
