Name,Min,1%,5%,50%,95%,99%,Max,,90% Range,98% Range,StdDev,,Mean,Units,Skewness,Kurtosis
Local Clock Frequency Offset,7.1764,7.4268,7.5433,7.7577,7.8851, 7.9321,8.055,,0.3418,0.5053,0.1051,,7.7424,ppm,384193.21245034394,27940093.833733402
Local Clock Time Offset,-21.359,-2.23,-0.41,0.003,0.591, 1.718,8.04,,1.001,3.948,0.5977,,0.0001,µs,-7.6326149818736235,107.33422215850682
Local RMS Frequency Jitter,0.222,0.583,0.781,1.745,9.016, 18.716,59.001,,8.235,18.133,3.5365,,3.0545,ppb,3.3188914836845607,21.447679617547983
Local RMS Time Jitter,0.037,0.088,0.121,0.276,1.248, 2.226,9.368,,1.127,2.138,0.4479,,0.4348,µs,3.890192316299079,30.90204208879427
Server Jitter SHM(0),0.1398,0.4384,0.6682,1.571,3.5588, 4.8655,10.0984,,2.8906,4.4271,0.9188,,1.7681,ms,5.05761024806352,18.040933291383723
Server Jitter SHM(1),0.009,0.048,0.076,0.215,1.676, 3.66,21.339,,1.6,3.612,0.728,,0.4446,µs,4.2325464758657905,44.08166338508776
Server Offset SHM(0),-31.1292,-22.1606,-18.5769,-9.4225,0.6811, 5.2288,11.151,,19.258,27.3894,5.8495,,-9.2802,ms,-24.90399024423927,86.21594616074856
Server Offset SHM(1),-21.36,-2.231,-0.411,0.004,0.592, 1.719,8.041,,1.003,3.95,0.5981,,0.0001,µs,-7.626086579616087,107.11959435607095
Temp ZONE0,47.95,48.5,49.6,52.9,57.85, 58.95,62.8,,8.25,10.45,2.3338,,53.2421,°C,10444.805301565635,229298.45274607622
