Name,Min,1%,5%,50%,95%,99%,Max,,90% Range,98% Range,StdDev,,Mean,Units,Skewness,Kurtosis
Local Clock Frequency Offset,8.8545,9.0383,9.1026,9.2435,9.3283, 9.3685,9.4474,,0.2256,0.3301,0.0714,,9.2302,ppm,2108258.021500954,270365228.73831385
Local Clock Time Offset,-27.854,-2.276,-0.603,0.014,0.616, 1.931,13.828,,1.219,4.207,0.6398,,0.0,µs,-6.396119525467243,91.79645190489306
Local RMS Frequency Jitter,0.395,1.001,1.251,2.353,9.678, 18.566,82.744,,8.427,17.565,3.5151,,3.5585,ppb,4.242689692484281,32.95782244255926
Local RMS Time Jitter,0.068,0.154,0.191,0.349,1.23, 2.117,12.8,,1.039,1.963,0.4243,,0.4837,µs,5.646297235548906,61.770003643761754
Server Jitter SHM(0),0.1027,0.3281,0.5007,1.3298,3.2105, 5.1108,8.2721,,2.7098,4.7827,0.9056,,1.5247,ms,4.333825574838472,17.463060011883226
Server Jitter SHM(1),0.02,0.082,0.125,0.332,1.816, 3.679,26.41,,1.691,3.597,0.736,,0.5542,µs,4.792071860006013,54.68592142449504
Server Offset SHM(0),8.0929,12.293,13.7163,18.8011,23.7831, 25.2355,30.1372,,10.0669,12.9425,3.2759,,18.6331,ms,117.09280356278816,616.9549807585739
Server Offset SHM(1),-27.855,-2.277,-0.604,0.015,0.617, 1.932,13.829,,1.221,4.209,0.6402,,0.0001,µs,-6.391237898968121,91.59323627494351
TDOP,0.65,0.7,0.76,1.15,9.38, 41.42,193.94,,8.62,40.72,9.8366,,3.0865, ,9.109779221453573,141.80407454318566
Temp ZONE0,50.15,50.7,51.8,54.0,58.4, 59.5,60.05,,6.6,8.8,1.9641,,54.5748,°C,19298.633335618408,519132.74696465564
nSats,9.0,10.0,11.0,14.0,16.0, 16.0,17.0,,5.0,6.0,1.3629,,13.5641,nSat,743.9248176591101,6892.339913090617
