Name,Min,1%,5%,50%,95%,99%,Max,,90% Range,98% Range,StdDev,,Mean,Units,Skewness,Kurtosis
Local Clock Frequency Offset,8.5976,8.7853,8.8968,9.1539,9.2228, 9.2606,9.3143,,0.3261,0.4753,0.0973,,9.1261,ppm,799444.9054921826,74213517.44129564
Local Clock Time Offset,-41.734,-2.271,-0.562,0.01,0.582, 1.935,19.302,,1.144,4.206,0.6352,,-0.0,µs,-7.237900751942515,165.26415026612284
Local RMS Frequency Jitter,0.396,0.771,0.997,2.121,9.669, 18.576,117.506,,8.672,17.805,3.6466,,3.3711,ppb,4.603070776573558,52.03480922942673
Local RMS Time Jitter,0.065,0.122,0.157,0.32,1.22, 2.09,19.786,,1.063,1.968,0.4441,,0.4581,µs,6.658740977398335,116.45125804531497
Server Jitter SHM(0),0.1105,0.3489,0.5368,1.3689,3.2108, 5.1386,8.8087,,2.674,4.7897,0.9031,,1.5626,ms,4.59304257016055,18.962485127643017
Server Jitter SHM(1),0.015,0.06,0.092,0.274,1.797, 3.664,40.457,,1.705,3.604,0.7594,,0.5094,µs,5.4074246039287175,92.81189756463529
Server Offset SHM(0),9.347,12.5368,13.6111,18.9559,23.8838, 25.2863,28.6885,,10.2727,12.7495,3.2787,,18.7675,ms,119.59528646763617,633.9600357528923
Server Offset SHM(1),-41.735,-2.272,-0.563,0.011,0.583, 1.936,19.303,,1.146,4.208,0.6357,,0.0,µs,-7.231814816497244,164.89242505380463
TDOP,0.63,0.67,0.74,1.13,8.06, 23.51,266.23,,7.32,22.84,8.8475,,2.6068, ,17.083529388223408,459.0313127643093
Temp ZONE0,47.95,49.05,50.15,54.55,58.4, 59.5,63.35,,8.25,10.45,2.1363,,54.3558,°C,14679.148339239178,360620.15566167544
nSats,4.0,10.0,11.0,14.0,16.0, 16.0,16.0,,5.0,6.0,1.5104,,13.4739,nSat,519.3429530104282,4279.311279158534
